# generated by tools/make_gecko_eye.py -- eyeball
v 0.017696 -0.013857 0.007491
v 0.017696 -0.013857 0.007491
v 0.017696 -0.013857 0.007491
v 0.017696 -0.013857 0.007491
v 0.017696 -0.013857 0.007491
v 0.017696 -0.013857 0.007491
v 0.017696 -0.013857 0.007491
v 0.017696 -0.013857 0.007491
v 0.017696 -0.013857 0.007491
v 0.017696 -0.013857 0.007491
v 0.017696 -0.013857 0.007491
v 0.017696 -0.013857 0.007491
v 0.017696 -0.013857 0.007491
v 0.017696 -0.013857 0.007491
v 0.017696 -0.013857 0.007491
v 0.017696 -0.013857 0.007491
v 0.017696 -0.013857 0.007491
v 0.017696 -0.013857 0.007491
v 0.017696 -0.013857 0.007491
v 0.017696 -0.013857 0.007491
v 0.017696 -0.013857 0.007491
v 0.017696 -0.013857 0.007491
v 0.017696 -0.013857 0.007491
v 0.017696 -0.013857 0.007491
v 0.017696 -0.013857 0.007491
v 0.017696 -0.013857 0.007491
v 0.017696 -0.013857 0.007491
v 0.017696 -0.013857 0.007491
v 0.017696 -0.013857 0.007491
v 0.017696 -0.013857 0.007491
v 0.017696 -0.013857 0.007491
v 0.017696 -0.013857 0.007491
v 0.017696 -0.013857 0.007491
v 0.017696 -0.013857 0.007491
v 0.017696 -0.013857 0.007491
v 0.017696 -0.013857 0.007491
v 0.017696 -0.013857 0.007491
v 0.017696 -0.013857 0.007491
v 0.017696 -0.013857 0.007491
v 0.017696 -0.013857 0.007491
v 0.017696 -0.013857 0.007491
v 0.017298 -0.013927 0.007487
v 0.017306 -0.013937 0.007425
v 0.017322 -0.013944 0.007364
v 0.017348 -0.013949 0.007307
v 0.017383 -0.013951 0.007254
v 0.017425 -0.013950 0.007206
v 0.017473 -0.013946 0.007166
v 0.017527 -0.013939 0.007133
v 0.017585 -0.013930 0.007110
v 0.017645 -0.013918 0.007095
v 0.017707 -0.013905 0.007090
v 0.017768 -0.013890 0.007095
v 0.017827 -0.013873 0.007110
v 0.017883 -0.013856 0.007133
v 0.017934 -0.013838 0.007166
v 0.017980 -0.013820 0.007206
v 0.018018 -0.013802 0.007254
v 0.018048 -0.013785 0.007307
v 0.018069 -0.013769 0.007364
v 0.018081 -0.013755 0.007425
v 0.018083 -0.013743 0.007487
v 0.018076 -0.013734 0.007549
v 0.018059 -0.013726 0.007609
v 0.018033 -0.013722 0.007667
v 0.017999 -0.013720 0.007720
v 0.017957 -0.013721 0.007767
v 0.017908 -0.013725 0.007808
v 0.017854 -0.013732 0.007840
v 0.017796 -0.013741 0.007864
v 0.017736 -0.013752 0.007879
v 0.017674 -0.013766 0.007884
v 0.017613 -0.013781 0.007879
v 0.017554 -0.013798 0.007864
v 0.017498 -0.013815 0.007840
v 0.017447 -0.013833 0.007808
v 0.017402 -0.013851 0.007767
v 0.017364 -0.013869 0.007720
v 0.017334 -0.013886 0.007667
v 0.017312 -0.013901 0.007609
v 0.017300 -0.013915 0.007549
v 0.017298 -0.013927 0.007487
v 0.016895 -0.013953 0.007475
v 0.016910 -0.013973 0.007352
v 0.016944 -0.013987 0.007231
v 0.016995 -0.013996 0.007117
v 0.017063 -0.014000 0.007011
v 0.017147 -0.013998 0.006917
v 0.017243 -0.013990 0.006837
v 0.017350 -0.013977 0.006772
v 0.017465 -0.013958 0.006725
v 0.017585 -0.013936 0.006696
v 0.017708 -0.013909 0.006687
v 0.017829 -0.013878 0.006696
v 0.017947 -0.013846 0.006725
v 0.018058 -0.013811 0.006772
v 0.018160 -0.013775 0.006837
v 0.018250 -0.013739 0.006917
v 0.018325 -0.013704 0.007011
v 0.018385 -0.013670 0.007117
v 0.018427 -0.013639 0.007231
v 0.018451 -0.013612 0.007352
v 0.018455 -0.013588 0.007475
v 0.018441 -0.013568 0.007598
v 0.018407 -0.013554 0.007719
v 0.018356 -0.013545 0.007833
v 0.018287 -0.013542 0.007938
v 0.018204 -0.013544 0.008032
v 0.018108 -0.013551 0.008113
v 0.018001 -0.013565 0.008177
v 0.017886 -0.013583 0.008225
v 0.017765 -0.013606 0.008254
v 0.017643 -0.013632 0.008263
v 0.017521 -0.013663 0.008254
v 0.017404 -0.013696 0.008225
v 0.017292 -0.013730 0.008177
v 0.017191 -0.013766 0.008113
v 0.017101 -0.013802 0.008032
v 0.017025 -0.013837 0.007938
v 0.016966 -0.013871 0.007833
v 0.016924 -0.013902 0.007719
v 0.016900 -0.013929 0.007598
v 0.016895 -0.013953 0.007475
v 0.016493 -0.013935 0.007455
v 0.016514 -0.013964 0.007272
v 0.016564 -0.013985 0.007093
v 0.016641 -0.013998 0.006924
v 0.016742 -0.014004 0.006767
v 0.016866 -0.014000 0.006628
v 0.017009 -0.013989 0.006508
v 0.017168 -0.013969 0.006412
v 0.017338 -0.013942 0.006342
v 0.017517 -0.013908 0.006299
v 0.017698 -0.013869 0.006285
v 0.017879 -0.013824 0.006299
v 0.018054 -0.013775 0.006342
v 0.018219 -0.013723 0.006412
v 0.018370 -0.013670 0.006508
v 0.018503 -0.013617 0.006628
v 0.018615 -0.013565 0.006767
v 0.018704 -0.013515 0.006924
v 0.018766 -0.013469 0.007093
v 0.018801 -0.013428 0.007272
v 0.018808 -0.013392 0.007455
v 0.018786 -0.013363 0.007638
v 0.018736 -0.013342 0.007817
v 0.018660 -0.013329 0.007986
v 0.018559 -0.013324 0.008143
v 0.018435 -0.013327 0.008283
v 0.018292 -0.013338 0.008402
v 0.018133 -0.013358 0.008498
v 0.017962 -0.013385 0.008568
v 0.017784 -0.013419 0.008611
v 0.017602 -0.013458 0.008625
v 0.017422 -0.013503 0.008611
v 0.017247 -0.013552 0.008568
v 0.017082 -0.013604 0.008498
v 0.016931 -0.013657 0.008402
v 0.016798 -0.013710 0.008283
v 0.016686 -0.013762 0.008143
v 0.016597 -0.013812 0.007986
v 0.016534 -0.013858 0.007817
v 0.016499 -0.013899 0.007638
v 0.016493 -0.013935 0.007455
v 0.016095 -0.013872 0.007428
v 0.016123 -0.013910 0.007187
v 0.016189 -0.013938 0.006953
v 0.016289 -0.013955 0.006730
v 0.016422 -0.013962 0.006524
v 0.016585 -0.013958 0.006341
v 0.016773 -0.013943 0.006184
v 0.016981 -0.013917 0.006058
v 0.017206 -0.013882 0.005966
v 0.017440 -0.013837 0.005909
v 0.017679 -0.013785 0.005890
v 0.017916 -0.013726 0.005909
v 0.018146 -0.013662 0.005966
v 0.018362 -0.013594 0.006058
v 0.018561 -0.013524 0.006184
v 0.018736 -0.013454 0.006341
v 0.018883 -0.013386 0.006524
v 0.018999 -0.013320 0.006730
v 0.019082 -0.013260 0.006953
v 0.019128 -0.013206 0.007187
v 0.019136 -0.013159 0.007428
v 0.019108 -0.013121 0.007668
v 0.019042 -0.013093 0.007903
v 0.018942 -0.013076 0.008126
v 0.018809 -0.013069 0.008331
v 0.018646 -0.013073 0.008515
v 0.018458 -0.013088 0.008671
v 0.018250 -0.013114 0.008797
v 0.018026 -0.013149 0.008890
v 0.017791 -0.013194 0.008946
v 0.017553 -0.013246 0.008965
v 0.017315 -0.013305 0.008946
v 0.017086 -0.013369 0.008890
v 0.016869 -0.013437 0.008797
v 0.016671 -0.013507 0.008671
v 0.016496 -0.013577 0.008515
v 0.016348 -0.013645 0.008331
v 0.016232 -0.013711 0.008126
v 0.016150 -0.013771 0.007903
v 0.016104 -0.013825 0.007668
v 0.016095 -0.013872 0.007428
v 0.015707 -0.013765 0.007393
v 0.015742 -0.013812 0.007098
v 0.015822 -0.013846 0.006811
v 0.015945 -0.013868 0.006537
v 0.016109 -0.013876 0.006285
v 0.016308 -0.013871 0.006060
v 0.016538 -0.013852 0.005868
v 0.016794 -0.013821 0.005714
v 0.017069 -0.013778 0.005600
v 0.017357 -0.013723 0.005531
v 0.017649 -0.013659 0.005508
v 0.017940 -0.013586 0.005531
v 0.018222 -0.013507 0.005600
v 0.018487 -0.013424 0.005714
v 0.018731 -0.013339 0.005868
v 0.018945 -0.013253 0.006060
v 0.019126 -0.013169 0.006285
v 0.019268 -0.013089 0.006537
v 0.019369 -0.013015 0.006811
v 0.019426 -0.012948 0.007098
v 0.019437 -0.012891 0.007393
v 0.019402 -0.012845 0.007688
v 0.019321 -0.012811 0.007976
v 0.019198 -0.012789 0.008249
v 0.019035 -0.012781 0.008501
v 0.018836 -0.012786 0.008726
v 0.018605 -0.012804 0.008918
v 0.018349 -0.012836 0.009073
v 0.018074 -0.012879 0.009186
v 0.017787 -0.012934 0.009255
v 0.017494 -0.012998 0.009278
v 0.017204 -0.013070 0.009255
v 0.016922 -0.013149 0.009186
v 0.016656 -0.013232 0.009073
v 0.016413 -0.013318 0.008918
v 0.016198 -0.013404 0.008726
v 0.016018 -0.013488 0.008501
v 0.015875 -0.013568 0.008249
v 0.015774 -0.013642 0.007976
v 0.015718 -0.013708 0.007688
v 0.015707 -0.013765 0.007393
v 0.015334 -0.013617 0.007352
v 0.015375 -0.013671 0.007006
v 0.015469 -0.013711 0.006669
v 0.015613 -0.013737 0.006349
v 0.015805 -0.013746 0.006053
v 0.016038 -0.013740 0.005790
v 0.016308 -0.013719 0.005565
v 0.016608 -0.013682 0.005383
v 0.016930 -0.013631 0.005251
v 0.017267 -0.013567 0.005170
v 0.017610 -0.013492 0.005143
v 0.017951 -0.013407 0.005170
v 0.018281 -0.013314 0.005251
v 0.018592 -0.013217 0.005383
v 0.018877 -0.013117 0.005565
v 0.019129 -0.013016 0.005790
v 0.019341 -0.012918 0.006053
v 0.019508 -0.012824 0.006349
v 0.019626 -0.012737 0.006669
v 0.019692 -0.012659 0.007006
v 0.019705 -0.012592 0.007352
v 0.019664 -0.012538 0.007697
v 0.019570 -0.012498 0.008034
v 0.019425 -0.012472 0.008355
v 0.019234 -0.012463 0.008650
v 0.019000 -0.012469 0.008914
v 0.018730 -0.012490 0.009139
v 0.018431 -0.012527 0.009320
v 0.018108 -0.012578 0.009453
v 0.017772 -0.012642 0.009534
v 0.017429 -0.012717 0.009561
v 0.017088 -0.012802 0.009534
v 0.016758 -0.012895 0.009453
v 0.016446 -0.012992 0.009320
v 0.016161 -0.013092 0.009139
v 0.015910 -0.013193 0.008914
v 0.015698 -0.013291 0.008650
v 0.015531 -0.013385 0.008355
v 0.015413 -0.013472 0.008034
v 0.015347 -0.013550 0.007697
v 0.015334 -0.013617 0.007352
v 0.014980 -0.013427 0.007304
v 0.015027 -0.013489 0.006912
v 0.015134 -0.013535 0.006530
v 0.015297 -0.013564 0.006167
v 0.015514 -0.013575 0.005832
v 0.015779 -0.013568 0.005533
v 0.016085 -0.013543 0.005277
v 0.016425 -0.013502 0.005072
v 0.016791 -0.013444 0.004921
v 0.017173 -0.013371 0.004830
v 0.017562 -0.013286 0.004799
v 0.017948 -0.013190 0.004830
v 0.018323 -0.013085 0.004921
v 0.018676 -0.012974 0.005072
v 0.018999 -0.012861 0.005277
v 0.019284 -0.012747 0.005533
v 0.019525 -0.012635 0.005832
v 0.019714 -0.012529 0.006167
v 0.019848 -0.012430 0.006530
v 0.019923 -0.012342 0.006912
v 0.019937 -0.012266 0.007304
v 0.019891 -0.012204 0.007696
v 0.019784 -0.012159 0.008078
v 0.019621 -0.012130 0.008441
v 0.019404 -0.012119 0.008777
v 0.019139 -0.012126 0.009076
v 0.018833 -0.012150 0.009331
v 0.018492 -0.012192 0.009536
v 0.018127 -0.012250 0.009687
v 0.017745 -0.012322 0.009779
v 0.017356 -0.012408 0.009809
v 0.016970 -0.012504 0.009779
v 0.016595 -0.012609 0.009687
v 0.016242 -0.012719 0.009536
v 0.015919 -0.012833 0.009331
v 0.015634 -0.012947 0.009076
v 0.015393 -0.013058 0.008777
v 0.015204 -0.013165 0.008441
v 0.015070 -0.013263 0.008078
v 0.014995 -0.013352 0.007696
v 0.014980 -0.013427 0.007304
v 0.014651 -0.013200 0.007251
v 0.014703 -0.013268 0.006817
v 0.014820 -0.013319 0.006395
v 0.015001 -0.013351 0.005993
v 0.015241 -0.013363 0.005623
v 0.015534 -0.013356 0.005292
v 0.015873 -0.013328 0.005010
v 0.016249 -0.013282 0.004783
v 0.016653 -0.013218 0.004616
v 0.017075 -0.013138 0.004515
v 0.017505 -0.013044 0.004481
v 0.017932 -0.012937 0.004515
v 0.018346 -0.012822 0.004616
v 0.018737 -0.012699 0.004783
v 0.019094 -0.012574 0.005010
v 0.019410 -0.012447 0.005292
v 0.019675 -0.012324 0.005623
v 0.019885 -0.012207 0.005993
v 0.020033 -0.012098 0.006395
v 0.020116 -0.012000 0.006817
v 0.020132 -0.011916 0.007251
v 0.020080 -0.011848 0.007684
v 0.019962 -0.011798 0.008107
v 0.019781 -0.011766 0.008508
v 0.019541 -0.011753 0.008879
v 0.019249 -0.011761 0.009210
v 0.018910 -0.011788 0.009492
v 0.018534 -0.011834 0.009719
v 0.018130 -0.011898 0.009885
v 0.017708 -0.011978 0.009987
v 0.017278 -0.012073 0.010021
v 0.016850 -0.012179 0.009987
v 0.016436 -0.012295 0.009885
v 0.016046 -0.012417 0.009719
v 0.015689 -0.012543 0.009492
v 0.015373 -0.012669 0.009210
v 0.015107 -0.012792 0.008879
v 0.014898 -0.012910 0.008508
v 0.014750 -0.013019 0.008107
v 0.014667 -0.013117 0.007684
v 0.014651 -0.013200 0.007251
v 0.014350 -0.012938 0.007192
v 0.014405 -0.013012 0.006723
v 0.014533 -0.013067 0.006265
v 0.014729 -0.013101 0.005830
v 0.014989 -0.013114 0.005429
v 0.015306 -0.013106 0.005071
v 0.015673 -0.013077 0.004765
v 0.016080 -0.013027 0.004519
v 0.016517 -0.012958 0.004339
v 0.016975 -0.012871 0.004229
v 0.017441 -0.012769 0.004192
v 0.017903 -0.012653 0.004229
v 0.018352 -0.012528 0.004339
v 0.018775 -0.012396 0.004519
v 0.019162 -0.012259 0.004765
v 0.019503 -0.012123 0.005071
v 0.019791 -0.011989 0.005429
v 0.020018 -0.011862 0.005830
v 0.020178 -0.011744 0.006265
v 0.020268 -0.011638 0.006723
v 0.020285 -0.011547 0.007192
v 0.020229 -0.011474 0.007662
v 0.020102 -0.011419 0.008119
v 0.019906 -0.011384 0.008554
v 0.019646 -0.011371 0.008956
v 0.019329 -0.011379 0.009314
v 0.018962 -0.011409 0.009619
v 0.018555 -0.011459 0.009865
v 0.018117 -0.011528 0.010046
v 0.017660 -0.011615 0.010156
v 0.017194 -0.011717 0.010192
v 0.016731 -0.011832 0.010156
v 0.016283 -0.011958 0.010046
v 0.015860 -0.012090 0.009865
v 0.015473 -0.012226 0.009619
v 0.015132 -0.012363 0.009314
v 0.014844 -0.012496 0.008956
v 0.014617 -0.012624 0.008554
v 0.014457 -0.012742 0.008119
v 0.014367 -0.012847 0.007662
v 0.014350 -0.012938 0.007192
v 0.014080 -0.012644 0.007130
v 0.014140 -0.012723 0.006630
v 0.014275 -0.012781 0.006143
v 0.014484 -0.012818 0.005681
v 0.014760 -0.012832 0.005254
v 0.015098 -0.012823 0.004873
v 0.015488 -0.012792 0.004547
v 0.015921 -0.012739 0.004286
v 0.016387 -0.012665 0.004094
v 0.016874 -0.012573 0.003977
v 0.017369 -0.012464 0.003938
v 0.017862 -0.012341 0.003977
v 0.018339 -0.012208 0.004094
v 0.018789 -0.012067 0.004286
v 0.019200 -0.011922 0.004547
v 0.019564 -0.011777 0.004873
v 0.019870 -0.011634 0.005254
v 0.020111 -0.011499 0.005681
v 0.020282 -0.011373 0.006143
v 0.020378 -0.011261 0.006630
v 0.020396 -0.011164 0.007130
v 0.020337 -0.011086 0.007629
v 0.020201 -0.011028 0.008116
v 0.019992 -0.010991 0.008579
v 0.019716 -0.010977 0.009006
v 0.019378 -0.010985 0.009387
v 0.018988 -0.011017 0.009712
v 0.018555 -0.011070 0.009974
v 0.018089 -0.011143 0.010166
v 0.017603 -0.011236 0.010283
v 0.017107 -0.011345 0.010322
v 0.016615 -0.011467 0.010283
v 0.016138 -0.011601 0.010166
v 0.015688 -0.011742 0.009974
v 0.015276 -0.011887 0.009712
v 0.014912 -0.012032 0.009387
v 0.014606 -0.012174 0.009006
v 0.014365 -0.012310 0.008579
v 0.014194 -0.012435 0.008116
v 0.014099 -0.012548 0.007629
v 0.014080 -0.012644 0.007130
v 0.013846 -0.012322 0.007064
v 0.013908 -0.012404 0.006541
v 0.014050 -0.012465 0.006030
v 0.014269 -0.012504 0.005546
v 0.014559 -0.012518 0.005098
v 0.014912 -0.012509 0.004699
v 0.015321 -0.012477 0.004358
v 0.015775 -0.012421 0.004084
v 0.016263 -0.012344 0.003883
v 0.016772 -0.012247 0.003761
v 0.017292 -0.012133 0.003720
v 0.017808 -0.012004 0.003761
v 0.018307 -0.011865 0.003883
v 0.018779 -0.011717 0.004084
v 0.019210 -0.011565 0.004358
v 0.019591 -0.011413 0.004699
v 0.019912 -0.011264 0.005098
v 0.020164 -0.011122 0.005546
v 0.020343 -0.010991 0.006030
v 0.020443 -0.010873 0.006541
v 0.020463 -0.010772 0.007064
v 0.020400 -0.010689 0.007587
v 0.020258 -0.010628 0.008097
v 0.020040 -0.010590 0.008582
v 0.019750 -0.010575 0.009029
v 0.019397 -0.010584 0.009429
v 0.018988 -0.010617 0.009769
v 0.018534 -0.010673 0.010044
v 0.018046 -0.010750 0.010244
v 0.017536 -0.010847 0.010367
v 0.017017 -0.010961 0.010408
v 0.016501 -0.011089 0.010367
v 0.016001 -0.011229 0.010244
v 0.015530 -0.011377 0.010044
v 0.015099 -0.011528 0.009769
v 0.014718 -0.011681 0.009429
v 0.014397 -0.011829 0.009029
v 0.014144 -0.011971 0.008582
v 0.013965 -0.012103 0.008097
v 0.013865 -0.012221 0.007587
v 0.013846 -0.012322 0.007064
v 0.013650 -0.011976 0.006995
v 0.013714 -0.012061 0.006455
v 0.013861 -0.012124 0.005928
v 0.014087 -0.012163 0.005427
v 0.014386 -0.012179 0.004965
v 0.014751 -0.012169 0.004553
v 0.015173 -0.012135 0.004201
v 0.015642 -0.012078 0.003917
v 0.016146 -0.011998 0.003710
v 0.016673 -0.011898 0.003583
v 0.017209 -0.011780 0.003541
v 0.017742 -0.011648 0.003583
v 0.018258 -0.011503 0.003710
v 0.018745 -0.011351 0.003917
v 0.019191 -0.011194 0.004201
v 0.019584 -0.011037 0.004553
v 0.019915 -0.010883 0.004965
v 0.020176 -0.010736 0.005427
v 0.020361 -0.010601 0.005928
v 0.020465 -0.010479 0.006455
v 0.020484 -0.010374 0.006995
v 0.020420 -0.010290 0.007535
v 0.020273 -0.010226 0.008062
v 0.020048 -0.010187 0.008563
v 0.019748 -0.010171 0.009025
v 0.019383 -0.010181 0.009438
v 0.018961 -0.010215 0.009790
v 0.018492 -0.010272 0.010073
v 0.017988 -0.010352 0.010280
v 0.017462 -0.010452 0.010407
v 0.016925 -0.010570 0.010449
v 0.016393 -0.010702 0.010407
v 0.015876 -0.010847 0.010280
v 0.015389 -0.010999 0.010073
v 0.014944 -0.011156 0.009790
v 0.014551 -0.011313 0.009438
v 0.014219 -0.011467 0.009025
v 0.013958 -0.011614 0.008563
v 0.013773 -0.011750 0.008062
v 0.013670 -0.011871 0.007535
v 0.013650 -0.011976 0.006995
v 0.013495 -0.011610 0.006925
v 0.013560 -0.011696 0.006374
v 0.013710 -0.011761 0.005837
v 0.013940 -0.011801 0.005326
v 0.014245 -0.011817 0.004855
v 0.014617 -0.011807 0.004435
v 0.015048 -0.011773 0.004076
v 0.015525 -0.011714 0.003788
v 0.016039 -0.011633 0.003576
v 0.016576 -0.011531 0.003447
v 0.017122 -0.011411 0.003404
v 0.017666 -0.011275 0.003447
v 0.018192 -0.011128 0.003576
v 0.018688 -0.010973 0.003788
v 0.019142 -0.010813 0.004076
v 0.019543 -0.010653 0.004435
v 0.019881 -0.010496 0.004855
v 0.020147 -0.010347 0.005326
v 0.020335 -0.010208 0.005837
v 0.020441 -0.010084 0.006374
v 0.020461 -0.009978 0.006925
v 0.020395 -0.009891 0.007475
v 0.020246 -0.009827 0.008013
v 0.020016 -0.009786 0.008523
v 0.019711 -0.009771 0.008994
v 0.019338 -0.009780 0.009414
v 0.018908 -0.009815 0.009773
v 0.018430 -0.009873 0.010062
v 0.017917 -0.009955 0.010273
v 0.017380 -0.010057 0.010402
v 0.016833 -0.010177 0.010445
v 0.016290 -0.010312 0.010402
v 0.015764 -0.010459 0.010273
v 0.015268 -0.010614 0.010062
v 0.014814 -0.010774 0.009773
v 0.014413 -0.010935 0.009414
v 0.014075 -0.011091 0.008994
v 0.013809 -0.011241 0.008523
v 0.013621 -0.011379 0.008013
v 0.013515 -0.011503 0.007475
v 0.013495 -0.011610 0.006925
v 0.013382 -0.011229 0.006853
v 0.013448 -0.011316 0.006299
v 0.013599 -0.011380 0.005758
v 0.013830 -0.011421 0.005245
v 0.014137 -0.011437 0.004771
v 0.014512 -0.011427 0.004348
v 0.014945 -0.011393 0.003987
v 0.015426 -0.011334 0.003696
v 0.015943 -0.011252 0.003483
v 0.016483 -0.011149 0.003354
v 0.017033 -0.011028 0.003310
v 0.017579 -0.010892 0.003354
v 0.018109 -0.010744 0.003483
v 0.018608 -0.010588 0.003696
v 0.019065 -0.010427 0.003987
v 0.019469 -0.010266 0.004348
v 0.019809 -0.010108 0.004771
v 0.020076 -0.009958 0.005245
v 0.020266 -0.009818 0.005758
v 0.020372 -0.009693 0.006299
v 0.020392 -0.009586 0.006853
v 0.020327 -0.009499 0.007407
v 0.020176 -0.009434 0.007948
v 0.019944 -0.009394 0.008462
v 0.019637 -0.009378 0.008936
v 0.019263 -0.009388 0.009358
v 0.018830 -0.009422 0.009720
v 0.018349 -0.009481 0.010010
v 0.017832 -0.009563 0.010223
v 0.017292 -0.009666 0.010353
v 0.016742 -0.009787 0.010396
v 0.016195 -0.009923 0.010353
v 0.015666 -0.010071 0.010223
v 0.015166 -0.010227 0.010010
v 0.014709 -0.010388 0.009720
v 0.014306 -0.010549 0.009358
v 0.013966 -0.010707 0.008936
v 0.013698 -0.010857 0.008462
v 0.013509 -0.010997 0.007948
v 0.013403 -0.011122 0.007407
v 0.013382 -0.011229 0.006853
v 0.013314 -0.010837 0.006782
v 0.013379 -0.010924 0.006231
v 0.013529 -0.010988 0.005694
v 0.013759 -0.011029 0.005183
v 0.014064 -0.011044 0.004712
v 0.014436 -0.011035 0.004292
v 0.014867 -0.011000 0.003933
v 0.015344 -0.010942 0.003645
v 0.015858 -0.010860 0.003433
v 0.016395 -0.010758 0.003304
v 0.016941 -0.010638 0.003261
v 0.017485 -0.010503 0.003304
v 0.018011 -0.010356 0.003433
v 0.018507 -0.010200 0.003645
v 0.018961 -0.010041 0.003933
v 0.019362 -0.009880 0.004292
v 0.019700 -0.009724 0.004712
v 0.019966 -0.009574 0.005183
v 0.020154 -0.009436 0.005694
v 0.020260 -0.009312 0.006231
v 0.020280 -0.009205 0.006782
v 0.020214 -0.009119 0.007333
v 0.020065 -0.009054 0.007870
v 0.019835 -0.009014 0.008380
v 0.019530 -0.008998 0.008851
v 0.019157 -0.009008 0.009271
v 0.018727 -0.009042 0.009630
v 0.018249 -0.009101 0.009919
v 0.017736 -0.009182 0.010130
v 0.017199 -0.009284 0.010259
v 0.016652 -0.009404 0.010303
v 0.016109 -0.009539 0.010259
v 0.015583 -0.009687 0.010130
v 0.015087 -0.009842 0.009919
v 0.014633 -0.010002 0.009630
v 0.014232 -0.010162 0.009271
v 0.013894 -0.010319 0.008851
v 0.013628 -0.010468 0.008380
v 0.013440 -0.010607 0.007870
v 0.013334 -0.010731 0.007333
v 0.013314 -0.010837 0.006782
v 0.013290 -0.010441 0.006711
v 0.013355 -0.010525 0.006171
v 0.013501 -0.010588 0.005644
v 0.013727 -0.010628 0.005143
v 0.014026 -0.010643 0.004681
v 0.014391 -0.010634 0.004269
v 0.014814 -0.010600 0.003917
v 0.015283 -0.010543 0.003633
v 0.015786 -0.010463 0.003426
v 0.016313 -0.010363 0.003300
v 0.016849 -0.010245 0.003257
v 0.017382 -0.010113 0.003300
v 0.017898 -0.009968 0.003426
v 0.018385 -0.009816 0.003633
v 0.018831 -0.009659 0.003917
v 0.019224 -0.009502 0.004269
v 0.019555 -0.009348 0.004681
v 0.019817 -0.009201 0.005143
v 0.020001 -0.009065 0.005644
v 0.020105 -0.008944 0.006171
v 0.020125 -0.008839 0.006711
v 0.020060 -0.008754 0.007252
v 0.019914 -0.008691 0.007779
v 0.019688 -0.008652 0.008279
v 0.019389 -0.008636 0.008742
v 0.019023 -0.008646 0.009154
v 0.018601 -0.008679 0.009506
v 0.018132 -0.008737 0.009789
v 0.017629 -0.008817 0.009996
v 0.017102 -0.008917 0.010123
v 0.016566 -0.009034 0.010165
v 0.016033 -0.009167 0.010123
v 0.015517 -0.009312 0.009996
v 0.015030 -0.009464 0.009789
v 0.014584 -0.009621 0.009506
v 0.014191 -0.009778 0.009154
v 0.013860 -0.009932 0.008742
v 0.013598 -0.010078 0.008279
v 0.013414 -0.010214 0.007779
v 0.013310 -0.010336 0.007252
v 0.013290 -0.010441 0.006711
v 0.013312 -0.010043 0.006643
v 0.013374 -0.010126 0.006119
v 0.013516 -0.010187 0.005609
v 0.013735 -0.010225 0.005124
v 0.014025 -0.010240 0.004677
v 0.014378 -0.010231 0.004278
v 0.014787 -0.010198 0.003937
v 0.015241 -0.010142 0.003663
v 0.015729 -0.010065 0.003462
v 0.016238 -0.009968 0.003339
v 0.016758 -0.009854 0.003298
v 0.017274 -0.009726 0.003339
v 0.017773 -0.009586 0.003462
v 0.018245 -0.009438 0.003663
v 0.018676 -0.009287 0.003937
v 0.019057 -0.009134 0.004278
v 0.019378 -0.008985 0.004677
v 0.019631 -0.008843 0.005124
v 0.019809 -0.008712 0.005609
v 0.019910 -0.008594 0.006119
v 0.019929 -0.008493 0.006643
v 0.019867 -0.008411 0.007166
v 0.019724 -0.008350 0.007676
v 0.019506 -0.008311 0.008161
v 0.019216 -0.008296 0.008608
v 0.018863 -0.008306 0.009007
v 0.018454 -0.008338 0.009348
v 0.018000 -0.008394 0.009622
v 0.017512 -0.008471 0.009823
v 0.017002 -0.008568 0.009946
v 0.016483 -0.008682 0.009987
v 0.015967 -0.008811 0.009946
v 0.015467 -0.008950 0.009823
v 0.014996 -0.009098 0.009622
v 0.014565 -0.009250 0.009348
v 0.014184 -0.009402 0.009007
v 0.013863 -0.009551 0.008608
v 0.013610 -0.009693 0.008161
v 0.013432 -0.009824 0.007676
v 0.013331 -0.009942 0.007166
v 0.013312 -0.010043 0.006643
v 0.013379 -0.009651 0.006576
v 0.013438 -0.009729 0.006077
v 0.013574 -0.009787 0.005590
v 0.013782 -0.009824 0.005127
v 0.014059 -0.009838 0.004700
v 0.014396 -0.009830 0.004319
v 0.014786 -0.009798 0.003994
v 0.015220 -0.009745 0.003732
v 0.015685 -0.009671 0.003540
v 0.016172 -0.009579 0.003424
v 0.016668 -0.009470 0.003384
v 0.017160 -0.009348 0.003424
v 0.017637 -0.009214 0.003540
v 0.018087 -0.009073 0.003732
v 0.018499 -0.008928 0.003994
v 0.018862 -0.008783 0.004319
v 0.019169 -0.008641 0.004700
v 0.019410 -0.008505 0.005127
v 0.019581 -0.008380 0.005590
v 0.019676 -0.008267 0.006077
v 0.019695 -0.008171 0.006576
v 0.019635 -0.008092 0.007076
v 0.019500 -0.008034 0.007563
v 0.019291 -0.007997 0.008026
v 0.019014 -0.007983 0.008453
v 0.018677 -0.007992 0.008834
v 0.018287 -0.008023 0.009159
v 0.017854 -0.008076 0.009421
v 0.017388 -0.008150 0.009612
v 0.016901 -0.008242 0.009729
v 0.016406 -0.008351 0.009769
v 0.015913 -0.008474 0.009729
v 0.015436 -0.008607 0.009612
v 0.014986 -0.008748 0.009421
v 0.014574 -0.008893 0.009159
v 0.014211 -0.009038 0.008834
v 0.013905 -0.009181 0.008453
v 0.013663 -0.009316 0.008026
v 0.013493 -0.009442 0.007563
v 0.013397 -0.009554 0.007076
v 0.013379 -0.009651 0.006576
v 0.013489 -0.009268 0.006514
v 0.013545 -0.009341 0.006045
v 0.013673 -0.009396 0.005587
v 0.013869 -0.009430 0.005152
v 0.014129 -0.009444 0.004750
v 0.014446 -0.009436 0.004393
v 0.014813 -0.009406 0.004087
v 0.015220 -0.009356 0.003841
v 0.015657 -0.009287 0.003661
v 0.016115 -0.009200 0.003551
v 0.016580 -0.009098 0.003514
v 0.017043 -0.008983 0.003551
v 0.017492 -0.008857 0.003661
v 0.017914 -0.008725 0.003841
v 0.018301 -0.008589 0.004087
v 0.018643 -0.008452 0.004393
v 0.018931 -0.008319 0.004750
v 0.019158 -0.008191 0.005152
v 0.019318 -0.008073 0.005587
v 0.019408 -0.007968 0.006045
v 0.019425 -0.007877 0.006514
v 0.019369 -0.007803 0.006983
v 0.019242 -0.007748 0.007441
v 0.019046 -0.007714 0.007876
v 0.018786 -0.007701 0.008277
v 0.018469 -0.007709 0.008635
v 0.018102 -0.007738 0.008941
v 0.017695 -0.007788 0.009187
v 0.017257 -0.007857 0.009367
v 0.016800 -0.007944 0.009477
v 0.016334 -0.008046 0.009514
v 0.015871 -0.008162 0.009477
v 0.015423 -0.008287 0.009367
v 0.015000 -0.008419 0.009187
v 0.014613 -0.008556 0.008941
v 0.014272 -0.008692 0.008635
v 0.013984 -0.008826 0.008277
v 0.013757 -0.008953 0.007876
v 0.013597 -0.009071 0.007441
v 0.013507 -0.009177 0.006983
v 0.013489 -0.009268 0.006514
v 0.013643 -0.008899 0.006456
v 0.013695 -0.008967 0.006022
v 0.013812 -0.009017 0.005600
v 0.013993 -0.009049 0.005198
v 0.014233 -0.009062 0.004827
v 0.014526 -0.009054 0.004497
v 0.014865 -0.009027 0.004214
v 0.015241 -0.008981 0.003987
v 0.015645 -0.008917 0.003821
v 0.016067 -0.008837 0.003720
v 0.016497 -0.008742 0.003685
v 0.016924 -0.008636 0.003720
v 0.017338 -0.008520 0.003821
v 0.017729 -0.008398 0.003987
v 0.018086 -0.008272 0.004214
v 0.018402 -0.008146 0.004497
v 0.018667 -0.008023 0.004827
v 0.018877 -0.007905 0.005198
v 0.019025 -0.007796 0.005600
v 0.019108 -0.007698 0.006022
v 0.019124 -0.007615 0.006456
v 0.019072 -0.007546 0.006889
v 0.018954 -0.007496 0.007312
v 0.018773 -0.007464 0.007713
v 0.018534 -0.007452 0.008084
v 0.018241 -0.007459 0.008414
v 0.017902 -0.007486 0.008697
v 0.017526 -0.007533 0.008924
v 0.017122 -0.007597 0.009090
v 0.016700 -0.007677 0.009191
v 0.016270 -0.007771 0.009226
v 0.015842 -0.007878 0.009191
v 0.015428 -0.007993 0.009090
v 0.015038 -0.008116 0.008924
v 0.014681 -0.008241 0.008697
v 0.014365 -0.008367 0.008414
v 0.014100 -0.008491 0.008084
v 0.013890 -0.008608 0.007713
v 0.013742 -0.008717 0.007312
v 0.013659 -0.008815 0.006889
v 0.013643 -0.008899 0.006456
v 0.013837 -0.008549 0.006402
v 0.013884 -0.008611 0.006010
v 0.013990 -0.008656 0.005628
v 0.014154 -0.008685 0.005265
v 0.014371 -0.008696 0.004930
v 0.014636 -0.008689 0.004631
v 0.014942 -0.008665 0.004375
v 0.015282 -0.008623 0.004170
v 0.015648 -0.008565 0.004019
v 0.016030 -0.008493 0.003928
v 0.016419 -0.008407 0.003897
v 0.016805 -0.008311 0.003928
v 0.017180 -0.008206 0.004019
v 0.017533 -0.008096 0.004170
v 0.017856 -0.007982 0.004375
v 0.018141 -0.007868 0.004631
v 0.018381 -0.007756 0.004930
v 0.018571 -0.007650 0.005265
v 0.018705 -0.007552 0.005628
v 0.018780 -0.007463 0.006010
v 0.018794 -0.007387 0.006402
v 0.018748 -0.007326 0.006794
v 0.018641 -0.007280 0.007176
v 0.018477 -0.007251 0.007540
v 0.018260 -0.007240 0.007875
v 0.017996 -0.007247 0.008174
v 0.017689 -0.007272 0.008429
v 0.017349 -0.007313 0.008634
v 0.016984 -0.007371 0.008785
v 0.016602 -0.007444 0.008877
v 0.016213 -0.007529 0.008908
v 0.015826 -0.007625 0.008877
v 0.015452 -0.007730 0.008785
v 0.015099 -0.007841 0.008634
v 0.014776 -0.007954 0.008429
v 0.014491 -0.008068 0.008174
v 0.014250 -0.008180 0.007875
v 0.014061 -0.008286 0.007540
v 0.013927 -0.008385 0.007176
v 0.013852 -0.008473 0.006794
v 0.013837 -0.008549 0.006402
v 0.014070 -0.008223 0.006355
v 0.014111 -0.008277 0.006009
v 0.014205 -0.008317 0.005672
v 0.014349 -0.008342 0.005352
v 0.014541 -0.008352 0.005056
v 0.014774 -0.008346 0.004792
v 0.015044 -0.008325 0.004567
v 0.015344 -0.008288 0.004386
v 0.015666 -0.008237 0.004254
v 0.016003 -0.008173 0.004173
v 0.016346 -0.008098 0.004145
v 0.016687 -0.008013 0.004173
v 0.017017 -0.007920 0.004254
v 0.017328 -0.007823 0.004386
v 0.017613 -0.007723 0.004567
v 0.017865 -0.007622 0.004792
v 0.018077 -0.007524 0.005056
v 0.018244 -0.007430 0.005352
v 0.018362 -0.007343 0.005672
v 0.018428 -0.007265 0.006009
v 0.018441 -0.007198 0.006355
v 0.018400 -0.007144 0.006700
v 0.018306 -0.007104 0.007037
v 0.018161 -0.007078 0.007357
v 0.017970 -0.007069 0.007653
v 0.017737 -0.007075 0.007917
v 0.017467 -0.007096 0.008142
v 0.017167 -0.007133 0.008323
v 0.016844 -0.007184 0.008455
v 0.016508 -0.007248 0.008536
v 0.016165 -0.007323 0.008564
v 0.015824 -0.007408 0.008536
v 0.015494 -0.007500 0.008455
v 0.015182 -0.007598 0.008323
v 0.014897 -0.007698 0.008142
v 0.014646 -0.007799 0.007917
v 0.014434 -0.007897 0.007653
v 0.014267 -0.007991 0.007357
v 0.014149 -0.008078 0.007037
v 0.014083 -0.008156 0.006700
v 0.014070 -0.008223 0.006355
v 0.014338 -0.007924 0.006313
v 0.014373 -0.007970 0.006018
v 0.014453 -0.008004 0.005731
v 0.014577 -0.008026 0.005457
v 0.014740 -0.008034 0.005205
v 0.014939 -0.008029 0.004980
v 0.015169 -0.008011 0.004788
v 0.015425 -0.007979 0.004634
v 0.015700 -0.007936 0.004520
v 0.015988 -0.007881 0.004451
v 0.016280 -0.007817 0.004428
v 0.016571 -0.007745 0.004451
v 0.016853 -0.007666 0.004520
v 0.017119 -0.007583 0.004634
v 0.017362 -0.007497 0.004788
v 0.017576 -0.007411 0.004980
v 0.017757 -0.007327 0.005205
v 0.017900 -0.007247 0.005457
v 0.018000 -0.007173 0.005731
v 0.018057 -0.007107 0.006018
v 0.018068 -0.007050 0.006313
v 0.018033 -0.007003 0.006608
v 0.017953 -0.006969 0.006896
v 0.017829 -0.006947 0.007169
v 0.017666 -0.006939 0.007421
v 0.017467 -0.006944 0.007646
v 0.017236 -0.006962 0.007838
v 0.016981 -0.006994 0.007993
v 0.016706 -0.007037 0.008106
v 0.016418 -0.007092 0.008175
v 0.016126 -0.007156 0.008198
v 0.015835 -0.007229 0.008175
v 0.015553 -0.007307 0.008106
v 0.015287 -0.007391 0.007993
v 0.015044 -0.007476 0.007838
v 0.014830 -0.007562 0.007646
v 0.014649 -0.007646 0.007421
v 0.014506 -0.007726 0.007169
v 0.014405 -0.007800 0.006896
v 0.014349 -0.007867 0.006608
v 0.014338 -0.007924 0.006313
v 0.014638 -0.007656 0.006279
v 0.014667 -0.007694 0.006038
v 0.014732 -0.007722 0.005804
v 0.014833 -0.007739 0.005581
v 0.014966 -0.007746 0.005375
v 0.015128 -0.007742 0.005192
v 0.015316 -0.007727 0.005035
v 0.015525 -0.007701 0.004909
v 0.015749 -0.007666 0.004817
v 0.015984 -0.007621 0.004760
v 0.016222 -0.007569 0.004741
v 0.016459 -0.007510 0.004760
v 0.016689 -0.007446 0.004817
v 0.016906 -0.007378 0.004909
v 0.017104 -0.007308 0.005035
v 0.017279 -0.007238 0.005192
v 0.017427 -0.007170 0.005375
v 0.017543 -0.007104 0.005581
v 0.017625 -0.007044 0.005804
v 0.017671 -0.006990 0.006038
v 0.017680 -0.006943 0.006279
v 0.017651 -0.006905 0.006519
v 0.017586 -0.006877 0.006754
v 0.017485 -0.006860 0.006976
v 0.017352 -0.006853 0.007182
v 0.017190 -0.006857 0.007366
v 0.017002 -0.006872 0.007522
v 0.016793 -0.006898 0.007648
v 0.016569 -0.006933 0.007741
v 0.016335 -0.006978 0.007797
v 0.016096 -0.007030 0.007816
v 0.015859 -0.007089 0.007797
v 0.015629 -0.007153 0.007741
v 0.015412 -0.007221 0.007648
v 0.015214 -0.007291 0.007522
v 0.015039 -0.007361 0.007366
v 0.014892 -0.007429 0.007182
v 0.014775 -0.007495 0.006976
v 0.014693 -0.007555 0.006754
v 0.014647 -0.007609 0.006519
v 0.014638 -0.007656 0.006279
v 0.014967 -0.007423 0.006251
v 0.014989 -0.007451 0.006068
v 0.015038 -0.007473 0.005890
v 0.015115 -0.007486 0.005720
v 0.015216 -0.007491 0.005563
v 0.015340 -0.007488 0.005424
v 0.015483 -0.007477 0.005304
v 0.015642 -0.007457 0.005209
v 0.015812 -0.007430 0.005138
v 0.015991 -0.007396 0.005095
v 0.016172 -0.007357 0.005081
v 0.016353 -0.007312 0.005095
v 0.016528 -0.007263 0.005138
v 0.016693 -0.007211 0.005209
v 0.016844 -0.007158 0.005304
v 0.016977 -0.007105 0.005424
v 0.017089 -0.007053 0.005563
v 0.017178 -0.007003 0.005720
v 0.017240 -0.006957 0.005890
v 0.017275 -0.006916 0.006068
v 0.017282 -0.006880 0.006251
v 0.017260 -0.006851 0.006434
v 0.017211 -0.006830 0.006613
v 0.017134 -0.006817 0.006782
v 0.017033 -0.006811 0.006939
v 0.016909 -0.006815 0.007079
v 0.016766 -0.006826 0.007198
v 0.016607 -0.006846 0.007294
v 0.016436 -0.006873 0.007364
v 0.016258 -0.006906 0.007407
v 0.016076 -0.006946 0.007421
v 0.015896 -0.006991 0.007407
v 0.015721 -0.007040 0.007364
v 0.015556 -0.007092 0.007294
v 0.015405 -0.007145 0.007198
v 0.015272 -0.007198 0.007079
v 0.015160 -0.007250 0.006939
v 0.015071 -0.007300 0.006782
v 0.015009 -0.007346 0.006613
v 0.014973 -0.007387 0.006434
v 0.014967 -0.007423 0.006251
v 0.015319 -0.007227 0.006231
v 0.015334 -0.007246 0.006108
v 0.015368 -0.007261 0.005988
v 0.015419 -0.007270 0.005873
v 0.015487 -0.007273 0.005768
v 0.015571 -0.007271 0.005674
v 0.015667 -0.007264 0.005594
v 0.015774 -0.007250 0.005529
v 0.015889 -0.007232 0.005482
v 0.016009 -0.007209 0.005453
v 0.016132 -0.007183 0.005443
v 0.016253 -0.007152 0.005453
v 0.016371 -0.007119 0.005482
v 0.016482 -0.007084 0.005529
v 0.016584 -0.007049 0.005594
v 0.016674 -0.007013 0.005674
v 0.016749 -0.006978 0.005768
v 0.016809 -0.006944 0.005873
v 0.016851 -0.006913 0.005988
v 0.016875 -0.006885 0.006108
v 0.016879 -0.006862 0.006231
v 0.016865 -0.006842 0.006355
v 0.016831 -0.006828 0.006475
v 0.016780 -0.006819 0.006589
v 0.016711 -0.006815 0.006695
v 0.016628 -0.006817 0.006789
v 0.016532 -0.006825 0.006869
v 0.016425 -0.006838 0.006934
v 0.016310 -0.006856 0.006981
v 0.016189 -0.006879 0.007010
v 0.016067 -0.006906 0.007020
v 0.015945 -0.006936 0.007010
v 0.015827 -0.006969 0.006981
v 0.015716 -0.007004 0.006934
v 0.015615 -0.007040 0.006869
v 0.015525 -0.007076 0.006789
v 0.015449 -0.007111 0.006695
v 0.015390 -0.007144 0.006589
v 0.015348 -0.007175 0.006475
v 0.015324 -0.007203 0.006355
v 0.015319 -0.007227 0.006231
v 0.015692 -0.007071 0.006219
v 0.015699 -0.007081 0.006157
v 0.015716 -0.007088 0.006097
v 0.015742 -0.007093 0.006039
v 0.015776 -0.007095 0.005986
v 0.015818 -0.007094 0.005939
v 0.015867 -0.007090 0.005898
v 0.015920 -0.007083 0.005866
v 0.015978 -0.007074 0.005842
v 0.016039 -0.007063 0.005828
v 0.016100 -0.007049 0.005823
v 0.016162 -0.007034 0.005828
v 0.016221 -0.007017 0.005842
v 0.016277 -0.007000 0.005866
v 0.016328 -0.006982 0.005898
v 0.016373 -0.006964 0.005939
v 0.016411 -0.006946 0.005986
v 0.016441 -0.006929 0.006039
v 0.016462 -0.006914 0.006097
v 0.016474 -0.006900 0.006157
v 0.016477 -0.006888 0.006219
v 0.016469 -0.006878 0.006281
v 0.016452 -0.006871 0.006342
v 0.016426 -0.006866 0.006400
v 0.016392 -0.006864 0.006453
v 0.016350 -0.006865 0.006500
v 0.016302 -0.006869 0.006540
v 0.016248 -0.006876 0.006573
v 0.016190 -0.006885 0.006597
v 0.016129 -0.006896 0.006611
v 0.016068 -0.006910 0.006616
v 0.016007 -0.006925 0.006611
v 0.015947 -0.006942 0.006597
v 0.015891 -0.006959 0.006573
v 0.015840 -0.006977 0.006540
v 0.015795 -0.006995 0.006500
v 0.015757 -0.007013 0.006453
v 0.015727 -0.007030 0.006400
v 0.015706 -0.007046 0.006342
v 0.015694 -0.007059 0.006281
v 0.015692 -0.007071 0.006219
v 0.016079 -0.006958 0.006215
v 0.016079 -0.006958 0.006215
v 0.016079 -0.006958 0.006215
v 0.016079 -0.006958 0.006215
v 0.016079 -0.006958 0.006215
v 0.016079 -0.006958 0.006215
v 0.016079 -0.006958 0.006215
v 0.016079 -0.006958 0.006215
v 0.016079 -0.006958 0.006215
v 0.016079 -0.006958 0.006215
v 0.016079 -0.006958 0.006215
v 0.016079 -0.006958 0.006215
v 0.016079 -0.006958 0.006215
v 0.016079 -0.006958 0.006215
v 0.016079 -0.006958 0.006215
v 0.016079 -0.006958 0.006215
v 0.016079 -0.006958 0.006215
v 0.016079 -0.006958 0.006215
v 0.016079 -0.006958 0.006215
v 0.016079 -0.006958 0.006215
v 0.016079 -0.006958 0.006215
v 0.016079 -0.006958 0.006215
v 0.016079 -0.006958 0.006215
v 0.016079 -0.006958 0.006215
v 0.016079 -0.006958 0.006215
v 0.016079 -0.006958 0.006215
v 0.016079 -0.006958 0.006215
v 0.016079 -0.006958 0.006215
v 0.016079 -0.006958 0.006215
v 0.016079 -0.006958 0.006215
v 0.016079 -0.006958 0.006215
v 0.016079 -0.006958 0.006215
v 0.016079 -0.006958 0.006215
v 0.016079 -0.006958 0.006215
v 0.016079 -0.006958 0.006215
v 0.016079 -0.006958 0.006215
v 0.016079 -0.006958 0.006215
v 0.016079 -0.006958 0.006215
v 0.016079 -0.006958 0.006215
v 0.016079 -0.006958 0.006215
v 0.016079 -0.006958 0.006215
vt 0.50000 0.50000
vt 0.50000 0.50000
vt 0.50000 0.50000
vt 0.50000 0.50000
vt 0.50000 0.50000
vt 0.50000 0.50000
vt 0.50000 0.50000
vt 0.50000 0.50000
vt 0.50000 0.50000
vt 0.50000 0.50000
vt 0.50000 0.50000
vt 0.50000 0.50000
vt 0.50000 0.50000
vt 0.50000 0.50000
vt 0.50000 0.50000
vt 0.50000 0.50000
vt 0.50000 0.50000
vt 0.50000 0.50000
vt 0.50000 0.50000
vt 0.50000 0.50000
vt 0.50000 0.50000
vt 0.50000 0.50000
vt 0.50000 0.50000
vt 0.50000 0.50000
vt 0.50000 0.50000
vt 0.50000 0.50000
vt 0.50000 0.50000
vt 0.50000 0.50000
vt 0.50000 0.50000
vt 0.50000 0.50000
vt 0.50000 0.50000
vt 0.50000 0.50000
vt 0.50000 0.50000
vt 0.50000 0.50000
vt 0.50000 0.50000
vt 0.50000 0.50000
vt 0.50000 0.50000
vt 0.50000 0.50000
vt 0.50000 0.50000
vt 0.50000 0.50000
vt 0.50000 0.50000
vt 0.46429 0.50000
vt 0.46473 0.50559
vt 0.46603 0.51104
vt 0.46818 0.51621
vt 0.47111 0.52099
vt 0.47475 0.52525
vt 0.47901 0.52889
vt 0.48379 0.53182
vt 0.48896 0.53397
vt 0.49441 0.53527
vt 0.50000 0.53571
vt 0.50559 0.53527
vt 0.51104 0.53397
vt 0.51621 0.53182
vt 0.52099 0.52889
vt 0.52525 0.52525
vt 0.52889 0.52099
vt 0.53182 0.51621
vt 0.53397 0.51104
vt 0.53527 0.50559
vt 0.53571 0.50000
vt 0.53527 0.49441
vt 0.53397 0.48896
vt 0.53182 0.48379
vt 0.52889 0.47901
vt 0.52525 0.47475
vt 0.52099 0.47111
vt 0.51621 0.46818
vt 0.51104 0.46603
vt 0.50559 0.46473
vt 0.50000 0.46429
vt 0.49441 0.46473
vt 0.48896 0.46603
vt 0.48379 0.46818
vt 0.47901 0.47111
vt 0.47475 0.47475
vt 0.47111 0.47901
vt 0.46818 0.48379
vt 0.46603 0.48896
vt 0.46473 0.49441
vt 0.46429 0.50000
vt 0.42857 0.50000
vt 0.42945 0.51117
vt 0.43207 0.52207
vt 0.43636 0.53243
vt 0.44221 0.54198
vt 0.44949 0.55051
vt 0.45802 0.55779
vt 0.46757 0.56364
vt 0.47793 0.56793
vt 0.48883 0.57055
vt 0.50000 0.57143
vt 0.51117 0.57055
vt 0.52207 0.56793
vt 0.53243 0.56364
vt 0.54198 0.55779
vt 0.55051 0.55051
vt 0.55779 0.54198
vt 0.56364 0.53243
vt 0.56793 0.52207
vt 0.57055 0.51117
vt 0.57143 0.50000
vt 0.57055 0.48883
vt 0.56793 0.47793
vt 0.56364 0.46757
vt 0.55779 0.45802
vt 0.55051 0.44949
vt 0.54198 0.44221
vt 0.53243 0.43636
vt 0.52207 0.43207
vt 0.51117 0.42945
vt 0.50000 0.42857
vt 0.48883 0.42945
vt 0.47793 0.43207
vt 0.46757 0.43636
vt 0.45802 0.44221
vt 0.44949 0.44949
vt 0.44221 0.45802
vt 0.43636 0.46757
vt 0.43207 0.47793
vt 0.42945 0.48883
vt 0.42857 0.50000
vt 0.39286 0.50000
vt 0.39418 0.51676
vt 0.39810 0.53311
vt 0.40454 0.54864
vt 0.41332 0.56298
vt 0.42424 0.57576
vt 0.43702 0.58668
vt 0.45136 0.59546
vt 0.46689 0.60190
vt 0.48324 0.60582
vt 0.50000 0.60714
vt 0.51676 0.60582
vt 0.53311 0.60190
vt 0.54864 0.59546
vt 0.56298 0.58668
vt 0.57576 0.57576
vt 0.58668 0.56298
vt 0.59546 0.54864
vt 0.60190 0.53311
vt 0.60582 0.51676
vt 0.60714 0.50000
vt 0.60582 0.48324
vt 0.60190 0.46689
vt 0.59546 0.45136
vt 0.58668 0.43702
vt 0.57576 0.42424
vt 0.56298 0.41332
vt 0.54864 0.40454
vt 0.53311 0.39810
vt 0.51676 0.39418
vt 0.50000 0.39286
vt 0.48324 0.39418
vt 0.46689 0.39810
vt 0.45136 0.40454
vt 0.43702 0.41332
vt 0.42424 0.42424
vt 0.41332 0.43702
vt 0.40454 0.45136
vt 0.39810 0.46689
vt 0.39418 0.48324
vt 0.39286 0.50000
vt 0.35714 0.50000
vt 0.35890 0.52235
vt 0.36413 0.54415
vt 0.37271 0.56486
vt 0.38443 0.58397
vt 0.39898 0.60102
vt 0.41603 0.61557
vt 0.43514 0.62729
vt 0.45585 0.63587
vt 0.47765 0.64110
vt 0.50000 0.64286
vt 0.52235 0.64110
vt 0.54415 0.63587
vt 0.56486 0.62729
vt 0.58397 0.61557
vt 0.60102 0.60102
vt 0.61557 0.58397
vt 0.62729 0.56486
vt 0.63587 0.54415
vt 0.64110 0.52235
vt 0.64286 0.50000
vt 0.64110 0.47765
vt 0.63587 0.45585
vt 0.62729 0.43514
vt 0.61557 0.41603
vt 0.60102 0.39898
vt 0.58397 0.38443
vt 0.56486 0.37271
vt 0.54415 0.36413
vt 0.52235 0.35890
vt 0.50000 0.35714
vt 0.47765 0.35890
vt 0.45585 0.36413
vt 0.43514 0.37271
vt 0.41603 0.38443
vt 0.39898 0.39898
vt 0.38443 0.41603
vt 0.37271 0.43514
vt 0.36413 0.45585
vt 0.35890 0.47765
vt 0.35714 0.50000
vt 0.32143 0.50000
vt 0.32363 0.52793
vt 0.33017 0.55518
vt 0.34089 0.58107
vt 0.35553 0.60496
vt 0.37373 0.62627
vt 0.39504 0.64447
vt 0.41893 0.65911
vt 0.44482 0.66983
vt 0.47207 0.67637
vt 0.50000 0.67857
vt 0.52793 0.67637
vt 0.55518 0.66983
vt 0.58107 0.65911
vt 0.60496 0.64447
vt 0.62627 0.62627
vt 0.64447 0.60496
vt 0.65911 0.58107
vt 0.66983 0.55518
vt 0.67637 0.52793
vt 0.67857 0.50000
vt 0.67637 0.47207
vt 0.66983 0.44482
vt 0.65911 0.41893
vt 0.64447 0.39504
vt 0.62627 0.37373
vt 0.60496 0.35553
vt 0.58107 0.34089
vt 0.55518 0.33017
vt 0.52793 0.32363
vt 0.50000 0.32143
vt 0.47207 0.32363
vt 0.44482 0.33017
vt 0.41893 0.34089
vt 0.39504 0.35553
vt 0.37373 0.37373
vt 0.35553 0.39504
vt 0.34089 0.41893
vt 0.33017 0.44482
vt 0.32363 0.47207
vt 0.32143 0.50000
vt 0.28571 0.50000
vt 0.28835 0.53352
vt 0.29620 0.56622
vt 0.30907 0.59728
vt 0.32664 0.62595
vt 0.34848 0.65152
vt 0.37405 0.67336
vt 0.40272 0.69093
vt 0.43378 0.70380
vt 0.46648 0.71165
vt 0.50000 0.71429
vt 0.53352 0.71165
vt 0.56622 0.70380
vt 0.59728 0.69093
vt 0.62595 0.67336
vt 0.65152 0.65152
vt 0.67336 0.62595
vt 0.69093 0.59728
vt 0.70380 0.56622
vt 0.71165 0.53352
vt 0.71429 0.50000
vt 0.71165 0.46648
vt 0.70380 0.43378
vt 0.69093 0.40272
vt 0.67336 0.37405
vt 0.65152 0.34848
vt 0.62595 0.32664
vt 0.59728 0.30907
vt 0.56622 0.29620
vt 0.53352 0.28835
vt 0.50000 0.28571
vt 0.46648 0.28835
vt 0.43378 0.29620
vt 0.40272 0.30907
vt 0.37405 0.32664
vt 0.34848 0.34848
vt 0.32664 0.37405
vt 0.30907 0.40272
vt 0.29620 0.43378
vt 0.28835 0.46648
vt 0.28571 0.50000
vt 0.25000 0.50000
vt 0.25308 0.53911
vt 0.26224 0.57725
vt 0.27725 0.61350
vt 0.29775 0.64695
vt 0.32322 0.67678
vt 0.35305 0.70225
vt 0.38650 0.72275
vt 0.42275 0.73776
vt 0.46089 0.74692
vt 0.50000 0.75000
vt 0.53911 0.74692
vt 0.57725 0.73776
vt 0.61350 0.72275
vt 0.64695 0.70225
vt 0.67678 0.67678
vt 0.70225 0.64695
vt 0.72275 0.61350
vt 0.73776 0.57725
vt 0.74692 0.53911
vt 0.75000 0.50000
vt 0.74692 0.46089
vt 0.73776 0.42275
vt 0.72275 0.38650
vt 0.70225 0.35305
vt 0.67678 0.32322
vt 0.64695 0.29775
vt 0.61350 0.27725
vt 0.57725 0.26224
vt 0.53911 0.25308
vt 0.50000 0.25000
vt 0.46089 0.25308
vt 0.42275 0.26224
vt 0.38650 0.27725
vt 0.35305 0.29775
vt 0.32322 0.32322
vt 0.29775 0.35305
vt 0.27725 0.38650
vt 0.26224 0.42275
vt 0.25308 0.46089
vt 0.25000 0.50000
vt 0.21429 0.50000
vt 0.21780 0.54470
vt 0.22827 0.58829
vt 0.24543 0.62971
vt 0.26885 0.66794
vt 0.29797 0.70203
vt 0.33206 0.73115
vt 0.37029 0.75457
vt 0.41171 0.77173
vt 0.45530 0.78220
vt 0.50000 0.78571
vt 0.54470 0.78220
vt 0.58829 0.77173
vt 0.62971 0.75457
vt 0.66794 0.73115
vt 0.70203 0.70203
vt 0.73115 0.66794
vt 0.75457 0.62971
vt 0.77173 0.58829
vt 0.78220 0.54470
vt 0.78571 0.50000
vt 0.78220 0.45530
vt 0.77173 0.41171
vt 0.75457 0.37029
vt 0.73115 0.33206
vt 0.70203 0.29797
vt 0.66794 0.26885
vt 0.62971 0.24543
vt 0.58829 0.22827
vt 0.54470 0.21780
vt 0.50000 0.21429
vt 0.45530 0.21780
vt 0.41171 0.22827
vt 0.37029 0.24543
vt 0.33206 0.26885
vt 0.29797 0.29797
vt 0.26885 0.33206
vt 0.24543 0.37029
vt 0.22827 0.41171
vt 0.21780 0.45530
vt 0.21429 0.50000
vt 0.17857 0.50000
vt 0.18253 0.55028
vt 0.19430 0.59933
vt 0.21361 0.64593
vt 0.23996 0.68893
vt 0.27272 0.72728
vt 0.31107 0.76004
vt 0.35407 0.78639
vt 0.40067 0.80570
vt 0.44972 0.81747
vt 0.50000 0.82143
vt 0.55028 0.81747
vt 0.59933 0.80570
vt 0.64593 0.78639
vt 0.68893 0.76004
vt 0.72728 0.72728
vt 0.76004 0.68893
vt 0.78639 0.64593
vt 0.80570 0.59933
vt 0.81747 0.55028
vt 0.82143 0.50000
vt 0.81747 0.44972
vt 0.80570 0.40067
vt 0.78639 0.35407
vt 0.76004 0.31107
vt 0.72728 0.27272
vt 0.68893 0.23996
vt 0.64593 0.21361
vt 0.59933 0.19430
vt 0.55028 0.18253
vt 0.50000 0.17857
vt 0.44972 0.18253
vt 0.40067 0.19430
vt 0.35407 0.21361
vt 0.31107 0.23996
vt 0.27272 0.27272
vt 0.23996 0.31107
vt 0.21361 0.35407
vt 0.19430 0.40067
vt 0.18253 0.44972
vt 0.17857 0.50000
vt 0.14286 0.50000
vt 0.14725 0.55587
vt 0.16034 0.61036
vt 0.18178 0.66214
vt 0.21107 0.70992
vt 0.24746 0.75254
vt 0.29008 0.78893
vt 0.33786 0.81822
vt 0.38964 0.83966
vt 0.44413 0.85275
vt 0.50000 0.85714
vt 0.55587 0.85275
vt 0.61036 0.83966
vt 0.66214 0.81822
vt 0.70992 0.78893
vt 0.75254 0.75254
vt 0.78893 0.70992
vt 0.81822 0.66214
vt 0.83966 0.61036
vt 0.85275 0.55587
vt 0.85714 0.50000
vt 0.85275 0.44413
vt 0.83966 0.38964
vt 0.81822 0.33786
vt 0.78893 0.29008
vt 0.75254 0.24746
vt 0.70992 0.21107
vt 0.66214 0.18178
vt 0.61036 0.16034
vt 0.55587 0.14725
vt 0.50000 0.14286
vt 0.44413 0.14725
vt 0.38964 0.16034
vt 0.33786 0.18178
vt 0.29008 0.21107
vt 0.24746 0.24746
vt 0.21107 0.29008
vt 0.18178 0.33786
vt 0.16034 0.38964
vt 0.14725 0.44413
vt 0.14286 0.50000
vt 0.10714 0.50000
vt 0.11198 0.56146
vt 0.12637 0.62140
vt 0.14996 0.67835
vt 0.18217 0.73092
vt 0.22221 0.77779
vt 0.26908 0.81783
vt 0.32165 0.85004
vt 0.37860 0.87363
vt 0.43854 0.88802
vt 0.50000 0.89286
vt 0.56146 0.88802
vt 0.62140 0.87363
vt 0.67835 0.85004
vt 0.73092 0.81783
vt 0.77779 0.77779
vt 0.81783 0.73092
vt 0.85004 0.67835
vt 0.87363 0.62140
vt 0.88802 0.56146
vt 0.89286 0.50000
vt 0.88802 0.43854
vt 0.87363 0.37860
vt 0.85004 0.32165
vt 0.81783 0.26908
vt 0.77779 0.22221
vt 0.73092 0.18217
vt 0.67835 0.14996
vt 0.62140 0.12637
vt 0.56146 0.11198
vt 0.50000 0.10714
vt 0.43854 0.11198
vt 0.37860 0.12637
vt 0.32165 0.14996
vt 0.26908 0.18217
vt 0.22221 0.22221
vt 0.18217 0.26908
vt 0.14996 0.32165
vt 0.12637 0.37860
vt 0.11198 0.43854
vt 0.10714 0.50000
vt 0.07143 0.50000
vt 0.07670 0.56704
vt 0.09240 0.63244
vt 0.11814 0.69457
vt 0.15328 0.75191
vt 0.19695 0.80305
vt 0.24809 0.84672
vt 0.30543 0.88186
vt 0.36756 0.90760
vt 0.43296 0.92330
vt 0.50000 0.92857
vt 0.56704 0.92330
vt 0.63244 0.90760
vt 0.69457 0.88186
vt 0.75191 0.84672
vt 0.80305 0.80305
vt 0.84672 0.75191
vt 0.88186 0.69457
vt 0.90760 0.63244
vt 0.92330 0.56704
vt 0.92857 0.50000
vt 0.92330 0.43296
vt 0.90760 0.36756
vt 0.88186 0.30543
vt 0.84672 0.24809
vt 0.80305 0.19695
vt 0.75191 0.15328
vt 0.69457 0.11814
vt 0.63244 0.09240
vt 0.56704 0.07670
vt 0.50000 0.07143
vt 0.43296 0.07670
vt 0.36756 0.09240
vt 0.30543 0.11814
vt 0.24809 0.15328
vt 0.19695 0.19695
vt 0.15328 0.24809
vt 0.11814 0.30543
vt 0.09240 0.36756
vt 0.07670 0.43296
vt 0.07143 0.50000
vt 0.03571 0.50000
vt 0.04143 0.57263
vt 0.05844 0.64347
vt 0.08632 0.71078
vt 0.12438 0.77290
vt 0.17170 0.82830
vt 0.22710 0.87562
vt 0.28922 0.91368
vt 0.35653 0.94156
vt 0.42737 0.95857
vt 0.50000 0.96429
vt 0.57263 0.95857
vt 0.64347 0.94156
vt 0.71078 0.91368
vt 0.77290 0.87562
vt 0.82830 0.82830
vt 0.87562 0.77290
vt 0.91368 0.71078
vt 0.94156 0.64347
vt 0.95857 0.57263
vt 0.96429 0.50000
vt 0.95857 0.42737
vt 0.94156 0.35653
vt 0.91368 0.28922
vt 0.87562 0.22710
vt 0.82830 0.17170
vt 0.77290 0.12438
vt 0.71078 0.08632
vt 0.64347 0.05844
vt 0.57263 0.04143
vt 0.50000 0.03571
vt 0.42737 0.04143
vt 0.35653 0.05844
vt 0.28922 0.08632
vt 0.22710 0.12438
vt 0.17170 0.17170
vt 0.12438 0.22710
vt 0.08632 0.28922
vt 0.05844 0.35653
vt 0.04143 0.42737
vt 0.03571 0.50000
vt 0.00000 0.50000
vt 0.00616 0.57822
vt 0.02447 0.65451
vt 0.05450 0.72700
vt 0.09549 0.79389
vt 0.14645 0.85355
vt 0.20611 0.90451
vt 0.27300 0.94550
vt 0.34549 0.97553
vt 0.42178 0.99384
vt 0.50000 1.00000
vt 0.57822 0.99384
vt 0.65451 0.97553
vt 0.72700 0.94550
vt 0.79389 0.90451
vt 0.85355 0.85355
vt 0.90451 0.79389
vt 0.94550 0.72700
vt 0.97553 0.65451
vt 0.99384 0.57822
vt 1.00000 0.50000
vt 0.99384 0.42178
vt 0.97553 0.34549
vt 0.94550 0.27300
vt 0.90451 0.20611
vt 0.85355 0.14645
vt 0.79389 0.09549
vt 0.72700 0.05450
vt 0.65451 0.02447
vt 0.57822 0.00616
vt 0.50000 0.00000
vt 0.42178 0.00616
vt 0.34549 0.02447
vt 0.27300 0.05450
vt 0.20611 0.09549
vt 0.14645 0.14645
vt 0.09549 0.20611
vt 0.05450 0.27300
vt 0.02447 0.34549
vt 0.00616 0.42178
vt 0.00000 0.50000
vt -0.03571 0.50000
vt -0.02912 0.58380
vt -0.00949 0.66554
vt 0.02268 0.74321
vt 0.06660 0.81488
vt 0.12119 0.87881
vt 0.18512 0.93340
vt 0.25679 0.97732
vt 0.33446 1.00949
vt 0.41620 1.02912
vt 0.50000 1.03571
vt 0.58380 1.02912
vt 0.66554 1.00949
vt 0.74321 0.97732
vt 0.81488 0.93340
vt 0.87881 0.87881
vt 0.93340 0.81488
vt 0.97732 0.74321
vt 1.00949 0.66554
vt 1.02912 0.58380
vt 1.03571 0.50000
vt 1.02912 0.41620
vt 1.00949 0.33446
vt 0.97732 0.25679
vt 0.93340 0.18512
vt 0.87881 0.12119
vt 0.81488 0.06660
vt 0.74321 0.02268
vt 0.66554 -0.00949
vt 0.58380 -0.02912
vt 0.50000 -0.03571
vt 0.41620 -0.02912
vt 0.33446 -0.00949
vt 0.25679 0.02268
vt 0.18512 0.06660
vt 0.12119 0.12119
vt 0.06660 0.18512
vt 0.02268 0.25679
vt -0.00949 0.33446
vt -0.02912 0.41620
vt -0.03571 0.50000
vt -0.07143 0.50000
vt -0.06439 0.58939
vt -0.04346 0.67658
vt -0.00915 0.75942
vt 0.03770 0.83588
vt 0.09594 0.90406
vt 0.16412 0.96230
vt 0.24058 1.00915
vt 0.32342 1.04346
vt 0.41061 1.06439
vt 0.50000 1.07143
vt 0.58939 1.06439
vt 0.67658 1.04346
vt 0.75942 1.00915
vt 0.83588 0.96230
vt 0.90406 0.90406
vt 0.96230 0.83588
vt 1.00915 0.75942
vt 1.04346 0.67658
vt 1.06439 0.58939
vt 1.07143 0.50000
vt 1.06439 0.41061
vt 1.04346 0.32342
vt 1.00915 0.24058
vt 0.96230 0.16412
vt 0.90406 0.09594
vt 0.83588 0.03770
vt 0.75942 -0.00915
vt 0.67658 -0.04346
vt 0.58939 -0.06439
vt 0.50000 -0.07143
vt 0.41061 -0.06439
vt 0.32342 -0.04346
vt 0.24058 -0.00915
vt 0.16412 0.03770
vt 0.09594 0.09594
vt 0.03770 0.16412
vt -0.00915 0.24058
vt -0.04346 0.32342
vt -0.06439 0.41061
vt -0.07143 0.50000
vt -0.10714 0.50000
vt -0.09967 0.59498
vt -0.07743 0.68762
vt -0.04097 0.77564
vt 0.00881 0.85687
vt 0.07069 0.92931
vt 0.14313 0.99119
vt 0.22436 1.04097
vt 0.31238 1.07743
vt 0.40502 1.09967
vt 0.50000 1.10714
vt 0.59498 1.09967
vt 0.68762 1.07743
vt 0.77564 1.04097
vt 0.85687 0.99119
vt 0.92931 0.92931
vt 0.99119 0.85687
vt 1.04097 0.77564
vt 1.07743 0.68762
vt 1.09967 0.59498
vt 1.10714 0.50000
vt 1.09967 0.40502
vt 1.07743 0.31238
vt 1.04097 0.22436
vt 0.99119 0.14313
vt 0.92931 0.07069
vt 0.85687 0.00881
vt 0.77564 -0.04097
vt 0.68762 -0.07743
vt 0.59498 -0.09967
vt 0.50000 -0.10714
vt 0.40502 -0.09967
vt 0.31238 -0.07743
vt 0.22436 -0.04097
vt 0.14313 0.00881
vt 0.07069 0.07069
vt 0.00881 0.14313
vt -0.04097 0.22436
vt -0.07743 0.31238
vt -0.09967 0.40502
vt -0.10714 0.50000
vt -0.14286 0.50000
vt -0.13494 0.60057
vt -0.11139 0.69865
vt -0.07279 0.79185
vt -0.02008 0.87786
vt 0.04543 0.95457
vt 0.12214 1.02008
vt 0.20815 1.07279
vt 0.30135 1.11139
vt 0.39943 1.13494
vt 0.50000 1.14286
vt 0.60057 1.13494
vt 0.69865 1.11139
vt 0.79185 1.07279
vt 0.87786 1.02008
vt 0.95457 0.95457
vt 1.02008 0.87786
vt 1.07279 0.79185
vt 1.11139 0.69865
vt 1.13494 0.60057
vt 1.14286 0.50000
vt 1.13494 0.39943
vt 1.11139 0.30135
vt 1.07279 0.20815
vt 1.02008 0.12214
vt 0.95457 0.04543
vt 0.87786 -0.02008
vt 0.79185 -0.07279
vt 0.69865 -0.11139
vt 0.60057 -0.13494
vt 0.50000 -0.14286
vt 0.39943 -0.13494
vt 0.30135 -0.11139
vt 0.20815 -0.07279
vt 0.12214 -0.02008
vt 0.04543 0.04543
vt -0.02008 0.12214
vt -0.07279 0.20815
vt -0.11139 0.30135
vt -0.13494 0.39943
vt -0.14286 0.50000
vt -0.17857 0.50000
vt -0.17022 0.60615
vt -0.14536 0.70969
vt -0.10461 0.80806
vt -0.04898 0.89885
vt 0.02018 0.97982
vt 0.10115 1.04898
vt 0.19194 1.10461
vt 0.29031 1.14536
vt 0.39385 1.17022
vt 0.50000 1.17857
vt 0.60615 1.17022
vt 0.70969 1.14536
vt 0.80806 1.10461
vt 0.89885 1.04898
vt 0.97982 0.97982
vt 1.04898 0.89885
vt 1.10461 0.80806
vt 1.14536 0.70969
vt 1.17022 0.60615
vt 1.17857 0.50000
vt 1.17022 0.39385
vt 1.14536 0.29031
vt 1.10461 0.19194
vt 1.04898 0.10115
vt 0.97982 0.02018
vt 0.89885 -0.04898
vt 0.80806 -0.10461
vt 0.70969 -0.14536
vt 0.60615 -0.17022
vt 0.50000 -0.17857
vt 0.39385 -0.17022
vt 0.29031 -0.14536
vt 0.19194 -0.10461
vt 0.10115 -0.04898
vt 0.02018 0.02018
vt -0.04898 0.10115
vt -0.10461 0.19194
vt -0.14536 0.29031
vt -0.17022 0.39385
vt -0.17857 0.50000
vt -0.21429 0.50000
vt -0.20549 0.61174
vt -0.17933 0.72073
vt -0.13643 0.82428
vt -0.07787 0.91985
vt -0.00508 1.00508
vt 0.08015 1.07787
vt 0.17572 1.13643
vt 0.27927 1.17933
vt 0.38826 1.20549
vt 0.50000 1.21429
vt 0.61174 1.20549
vt 0.72073 1.17933
vt 0.82428 1.13643
vt 0.91985 1.07787
vt 1.00508 1.00508
vt 1.07787 0.91985
vt 1.13643 0.82428
vt 1.17933 0.72073
vt 1.20549 0.61174
vt 1.21429 0.50000
vt 1.20549 0.38826
vt 1.17933 0.27927
vt 1.13643 0.17572
vt 1.07787 0.08015
vt 1.00508 -0.00508
vt 0.91985 -0.07787
vt 0.82428 -0.13643
vt 0.72073 -0.17933
vt 0.61174 -0.20549
vt 0.50000 -0.21429
vt 0.38826 -0.20549
vt 0.27927 -0.17933
vt 0.17572 -0.13643
vt 0.08015 -0.07787
vt -0.00508 -0.00508
vt -0.07787 0.08015
vt -0.13643 0.17572
vt -0.17933 0.27927
vt -0.20549 0.38826
vt -0.21429 0.50000
vt -0.25000 0.50000
vt -0.24077 0.61733
vt -0.21329 0.73176
vt -0.16825 0.84049
vt -0.10676 0.94084
vt -0.03033 1.03033
vt 0.05916 1.10676
vt 0.15951 1.16825
vt 0.26824 1.21329
vt 0.38267 1.24077
vt 0.50000 1.25000
vt 0.61733 1.24077
vt 0.73176 1.21329
vt 0.84049 1.16825
vt 0.94084 1.10676
vt 1.03033 1.03033
vt 1.10676 0.94084
vt 1.16825 0.84049
vt 1.21329 0.73176
vt 1.24077 0.61733
vt 1.25000 0.50000
vt 1.24077 0.38267
vt 1.21329 0.26824
vt 1.16825 0.15951
vt 1.10676 0.05916
vt 1.03033 -0.03033
vt 0.94084 -0.10676
vt 0.84049 -0.16825
vt 0.73176 -0.21329
vt 0.61733 -0.24077
vt 0.50000 -0.25000
vt 0.38267 -0.24077
vt 0.26824 -0.21329
vt 0.15951 -0.16825
vt 0.05916 -0.10676
vt -0.03033 -0.03033
vt -0.10676 0.05916
vt -0.16825 0.15951
vt -0.21329 0.26824
vt -0.24077 0.38267
vt -0.25000 0.50000
vt -0.28571 0.50000
vt -0.27604 0.62291
vt -0.24726 0.74280
vt -0.20008 0.85671
vt -0.13566 0.96183
vt -0.05558 1.05558
vt 0.03817 1.13566
vt 0.14329 1.20008
vt 0.25720 1.24726
vt 0.37709 1.27604
vt 0.50000 1.28571
vt 0.62291 1.27604
vt 0.74280 1.24726
vt 0.85671 1.20008
vt 0.96183 1.13566
vt 1.05558 1.05558
vt 1.13566 0.96183
vt 1.20008 0.85671
vt 1.24726 0.74280
vt 1.27604 0.62291
vt 1.28571 0.50000
vt 1.27604 0.37709
vt 1.24726 0.25720
vt 1.20008 0.14329
vt 1.13566 0.03817
vt 1.05558 -0.05558
vt 0.96183 -0.13566
vt 0.85671 -0.20008
vt 0.74280 -0.24726
vt 0.62291 -0.27604
vt 0.50000 -0.28571
vt 0.37709 -0.27604
vt 0.25720 -0.24726
vt 0.14329 -0.20008
vt 0.03817 -0.13566
vt -0.05558 -0.05558
vt -0.13566 0.03817
vt -0.20008 0.14329
vt -0.24726 0.25720
vt -0.27604 0.37709
vt -0.28571 0.50000
vt -0.32143 0.50000
vt -0.31132 0.62850
vt -0.28122 0.75384
vt -0.23190 0.87292
vt -0.16455 0.98282
vt -0.08084 1.08084
vt 0.01718 1.16455
vt 0.12708 1.23190
vt 0.24616 1.28122
vt 0.37150 1.31132
vt 0.50000 1.32143
vt 0.62850 1.31132
vt 0.75384 1.28122
vt 0.87292 1.23190
vt 0.98282 1.16455
vt 1.08084 1.08084
vt 1.16455 0.98282
vt 1.23190 0.87292
vt 1.28122 0.75384
vt 1.31132 0.62850
vt 1.32143 0.50000
vt 1.31132 0.37150
vt 1.28122 0.24616
vt 1.23190 0.12708
vt 1.16455 0.01718
vt 1.08084 -0.08084
vt 0.98282 -0.16455
vt 0.87292 -0.23190
vt 0.75384 -0.28122
vt 0.62850 -0.31132
vt 0.50000 -0.32143
vt 0.37150 -0.31132
vt 0.24616 -0.28122
vt 0.12708 -0.23190
vt 0.01718 -0.16455
vt -0.08084 -0.08084
vt -0.16455 0.01718
vt -0.23190 0.12708
vt -0.28122 0.24616
vt -0.31132 0.37150
vt -0.32143 0.50000
vt -0.35714 0.50000
vt -0.34659 0.63409
vt -0.31519 0.76487
vt -0.26372 0.88913
vt -0.19344 1.00382
vt -0.10609 1.10609
vt -0.00382 1.19344
vt 0.11087 1.26372
vt 0.23513 1.31519
vt 0.36591 1.34659
vt 0.50000 1.35714
vt 0.63409 1.34659
vt 0.76487 1.31519
vt 0.88913 1.26372
vt 1.00382 1.19344
vt 1.10609 1.10609
vt 1.19344 1.00382
vt 1.26372 0.88913
vt 1.31519 0.76487
vt 1.34659 0.63409
vt 1.35714 0.50000
vt 1.34659 0.36591
vt 1.31519 0.23513
vt 1.26372 0.11087
vt 1.19344 -0.00382
vt 1.10609 -0.10609
vt 1.00382 -0.19344
vt 0.88913 -0.26372
vt 0.76487 -0.31519
vt 0.63409 -0.34659
vt 0.50000 -0.35714
vt 0.36591 -0.34659
vt 0.23513 -0.31519
vt 0.11087 -0.26372
vt -0.00382 -0.19344
vt -0.10609 -0.10609
vt -0.19344 -0.00382
vt -0.26372 0.11087
vt -0.31519 0.23513
vt -0.34659 0.36591
vt -0.35714 0.50000
vt -0.39286 0.50000
vt -0.38186 0.63967
vt -0.34916 0.77591
vt -0.29554 0.90535
vt -0.22234 1.02481
vt -0.13135 1.13135
vt -0.02481 1.22234
vt 0.09465 1.29554
vt 0.22409 1.34916
vt 0.36033 1.38186
vt 0.50000 1.39286
vt 0.63967 1.38186
vt 0.77591 1.34916
vt 0.90535 1.29554
vt 1.02481 1.22234
vt 1.13135 1.13135
vt 1.22234 1.02481
vt 1.29554 0.90535
vt 1.34916 0.77591
vt 1.38186 0.63967
vt 1.39286 0.50000
vt 1.38186 0.36033
vt 1.34916 0.22409
vt 1.29554 0.09465
vt 1.22234 -0.02481
vt 1.13135 -0.13135
vt 1.02481 -0.22234
vt 0.90535 -0.29554
vt 0.77591 -0.34916
vt 0.63967 -0.38186
vt 0.50000 -0.39286
vt 0.36033 -0.38186
vt 0.22409 -0.34916
vt 0.09465 -0.29554
vt -0.02481 -0.22234
vt -0.13135 -0.13135
vt -0.22234 -0.02481
vt -0.29554 0.09465
vt -0.34916 0.22409
vt -0.38186 0.36033
vt -0.39286 0.50000
vt -0.42857 0.50000
vt -0.41714 0.64526
vt -0.38312 0.78694
vt -0.32736 0.92156
vt -0.25123 1.04580
vt -0.15660 1.15660
vt -0.04580 1.25123
vt 0.07844 1.32736
vt 0.21306 1.38312
vt 0.35474 1.41714
vt 0.50000 1.42857
vt 0.64526 1.41714
vt 0.78694 1.38312
vt 0.92156 1.32736
vt 1.04580 1.25123
vt 1.15660 1.15660
vt 1.25123 1.04580
vt 1.32736 0.92156
vt 1.38312 0.78694
vt 1.41714 0.64526
vt 1.42857 0.50000
vt 1.41714 0.35474
vt 1.38312 0.21306
vt 1.32736 0.07844
vt 1.25123 -0.04580
vt 1.15660 -0.15660
vt 1.04580 -0.25123
vt 0.92156 -0.32736
vt 0.78694 -0.38312
vt 0.64526 -0.41714
vt 0.50000 -0.42857
vt 0.35474 -0.41714
vt 0.21306 -0.38312
vt 0.07844 -0.32736
vt -0.04580 -0.25123
vt -0.15660 -0.15660
vt -0.25123 -0.04580
vt -0.32736 0.07844
vt -0.38312 0.21306
vt -0.41714 0.35474
vt -0.42857 0.50000
vt -0.46429 0.50000
vt -0.45241 0.65085
vt -0.41709 0.79798
vt -0.35918 0.93778
vt -0.28012 1.06679
vt -0.18185 1.18185
vt -0.06679 1.28012
vt 0.06222 1.35918
vt 0.20202 1.41709
vt 0.34915 1.45241
vt 0.50000 1.46429
vt 0.65085 1.45241
vt 0.79798 1.41709
vt 0.93778 1.35918
vt 1.06679 1.28012
vt 1.18185 1.18185
vt 1.28012 1.06679
vt 1.35918 0.93778
vt 1.41709 0.79798
vt 1.45241 0.65085
vt 1.46429 0.50000
vt 1.45241 0.34915
vt 1.41709 0.20202
vt 1.35918 0.06222
vt 1.28012 -0.06679
vt 1.18185 -0.18185
vt 1.06679 -0.28012
vt 0.93778 -0.35918
vt 0.79798 -0.41709
vt 0.65085 -0.45241
vt 0.50000 -0.46429
vt 0.34915 -0.45241
vt 0.20202 -0.41709
vt 0.06222 -0.35918
vt -0.06679 -0.28012
vt -0.18185 -0.18185
vt -0.28012 -0.06679
vt -0.35918 0.06222
vt -0.41709 0.20202
vt -0.45241 0.34915
vt -0.46429 0.50000
vt -0.50000 0.50000
vt -0.48769 0.65643
vt -0.45106 0.80902
vt -0.39101 0.95399
vt -0.30902 1.08779
vt -0.20711 1.20711
vt -0.08779 1.30902
vt 0.04601 1.39101
vt 0.19098 1.45106
vt 0.34357 1.48769
vt 0.50000 1.50000
vt 0.65643 1.48769
vt 0.80902 1.45106
vt 0.95399 1.39101
vt 1.08779 1.30902
vt 1.20711 1.20711
vt 1.30902 1.08779
vt 1.39101 0.95399
vt 1.45106 0.80902
vt 1.48769 0.65643
vt 1.50000 0.50000
vt 1.48769 0.34357
vt 1.45106 0.19098
vt 1.39101 0.04601
vt 1.30902 -0.08779
vt 1.20711 -0.20711
vt 1.08779 -0.30902
vt 0.95399 -0.39101
vt 0.80902 -0.45106
vt 0.65643 -0.48769
vt 0.50000 -0.50000
vt 0.34357 -0.48769
vt 0.19098 -0.45106
vt 0.04601 -0.39101
vt -0.08779 -0.30902
vt -0.20711 -0.20711
vt -0.30902 -0.08779
vt -0.39101 0.04601
vt -0.45106 0.19098
vt -0.48769 0.34357
vt -0.50000 0.50000
vn 0.22454 -0.95823 0.17715
vn 0.22454 -0.95823 0.17715
vn 0.22454 -0.95823 0.17715
vn 0.22454 -0.95823 0.17715
vn 0.22454 -0.95823 0.17715
vn 0.22454 -0.95823 0.17715
vn 0.22454 -0.95823 0.17715
vn 0.22454 -0.95823 0.17715
vn 0.22454 -0.95823 0.17715
vn 0.22454 -0.95823 0.17715
vn 0.22454 -0.95823 0.17715
vn 0.22454 -0.95823 0.17715
vn 0.22454 -0.95823 0.17715
vn 0.22454 -0.95823 0.17715
vn 0.22454 -0.95823 0.17715
vn 0.22454 -0.95823 0.17715
vn 0.22454 -0.95823 0.17715
vn 0.22454 -0.95823 0.17715
vn 0.22454 -0.95823 0.17715
vn 0.22454 -0.95823 0.17715
vn 0.22454 -0.95823 0.17715
vn 0.22454 -0.95823 0.17715
vn 0.22454 -0.95823 0.17715
vn 0.22454 -0.95823 0.17715
vn 0.22454 -0.95823 0.17715
vn 0.22454 -0.95823 0.17715
vn 0.22454 -0.95823 0.17715
vn 0.22454 -0.95823 0.17715
vn 0.22454 -0.95823 0.17715
vn 0.22454 -0.95823 0.17715
vn 0.22454 -0.95823 0.17715
vn 0.22454 -0.95823 0.17715
vn 0.22454 -0.95823 0.17715
vn 0.22454 -0.95823 0.17715
vn 0.22454 -0.95823 0.17715
vn 0.22454 -0.95823 0.17715
vn 0.22454 -0.95823 0.17715
vn 0.22454 -0.95823 0.17715
vn 0.22454 -0.95823 0.17715
vn 0.22454 -0.95823 0.17715
vn 0.22454 -0.95823 0.17715
vn 0.11411 -0.97775 0.17604
vn 0.11616 -0.98045 0.15880
vn 0.12085 -0.98246 0.14199
vn 0.12805 -0.98373 0.12601
vn 0.13759 -0.98422 0.11127
vn 0.14924 -0.98392 0.09812
vn 0.16271 -0.98284 0.08689
vn 0.17767 -0.98101 0.07786
vn 0.19374 -0.97846 0.07124
vn 0.21054 -0.97527 0.06720
vn 0.22765 -0.97151 0.06585
vn 0.24465 -0.96728 0.06720
vn 0.26112 -0.96268 0.07124
vn 0.27665 -0.95781 0.07786
vn 0.29086 -0.95281 0.08689
vn 0.30341 -0.94780 0.09812
vn 0.31398 -0.94289 0.11127
vn 0.32231 -0.93821 0.12601
vn 0.32820 -0.93388 0.14199
vn 0.33150 -0.92999 0.15880
vn 0.33214 -0.92666 0.17604
vn 0.33009 -0.92395 0.19328
vn 0.32540 -0.92194 0.21009
vn 0.31820 -0.92067 0.22607
vn 0.30866 -0.92019 0.24081
vn 0.29701 -0.92048 0.25396
vn 0.28354 -0.92156 0.26519
vn 0.26858 -0.92340 0.27422
vn 0.25251 -0.92594 0.28084
vn 0.23571 -0.92913 0.28488
vn 0.21860 -0.93289 0.28623
vn 0.20160 -0.93712 0.28488
vn 0.18514 -0.94173 0.28084
vn 0.16960 -0.94659 0.27422
vn 0.15539 -0.95159 0.26519
vn 0.14284 -0.95661 0.25396
vn 0.13227 -0.96152 0.24081
vn 0.12394 -0.96619 0.22607
vn 0.11805 -0.97053 0.21009
vn 0.11475 -0.97441 0.19328
vn 0.11411 -0.97775 0.17604
vn 0.00226 -0.98497 0.17271
vn 0.00633 -0.99035 0.13845
vn 0.01564 -0.99435 0.10504
vn 0.02995 -0.99686 0.07329
vn 0.04892 -0.99783 0.04399
vn 0.07207 -0.99724 0.01785
vn 0.09884 -0.99509 -0.00446
vn 0.12856 -0.99145 -0.02242
vn 0.16051 -0.98639 -0.03557
vn 0.19390 -0.98005 -0.04359
vn 0.22790 -0.97258 -0.04629
vn 0.26168 -0.96417 -0.04359
vn 0.29441 -0.95502 -0.03557
vn 0.32528 -0.94535 -0.02242
vn 0.35353 -0.93541 -0.00446
vn 0.37846 -0.92544 0.01785
vn 0.39947 -0.91569 0.04399
vn 0.41603 -0.90639 0.07329
vn 0.42774 -0.89778 0.10504
vn 0.43430 -0.89006 0.13845
vn 0.43556 -0.88344 0.17271
vn 0.43149 -0.87806 0.20697
vn 0.42218 -0.87406 0.24039
vn 0.40786 -0.87154 0.27214
vn 0.38890 -0.87057 0.30144
vn 0.36574 -0.87117 0.32757
vn 0.33898 -0.87331 0.34989
vn 0.30925 -0.87696 0.36784
vn 0.27730 -0.88201 0.38099
vn 0.24392 -0.88835 0.38902
vn 0.20991 -0.89582 0.39171
vn 0.17613 -0.90424 0.38902
vn 0.14341 -0.91339 0.38099
vn 0.11254 -0.92305 0.36784
vn 0.08429 -0.93299 0.34989
vn 0.05935 -0.94296 0.32757
vn 0.03835 -0.95271 0.30144
vn 0.02179 -0.96201 0.27214
vn 0.01008 -0.97062 0.24039
vn 0.00352 -0.97834 0.20697
vn 0.00226 -0.98497 0.17271
vn -0.10963 -0.97981 0.16721
vn -0.10358 -0.98779 0.11636
vn -0.08977 -0.99372 0.06676
vn -0.06852 -0.99746 0.01964
vn -0.04037 -0.99890 -0.02385
vn -0.00601 -0.99802 -0.06264
vn 0.03372 -0.99483 -0.09576
vn 0.07784 -0.98942 -0.12241
vn 0.12526 -0.98192 -0.14193
vn 0.17482 -0.97251 -0.15384
vn 0.22529 -0.96142 -0.15784
vn 0.27543 -0.94893 -0.15384
vn 0.32400 -0.93535 -0.14193
vn 0.36982 -0.92100 -0.12241
vn 0.41175 -0.90625 -0.09576
vn 0.44876 -0.89145 -0.06264
vn 0.47994 -0.87698 -0.02385
vn 0.50452 -0.86318 0.01964
vn 0.52189 -0.85039 0.06676
vn 0.53164 -0.83894 0.11636
vn 0.53351 -0.82910 0.16721
vn 0.52746 -0.82112 0.21806
vn 0.51364 -0.81519 0.26766
vn 0.49240 -0.81145 0.31478
vn 0.46425 -0.81001 0.35827
vn 0.42988 -0.81089 0.39706
vn 0.39015 -0.81408 0.43019
vn 0.34603 -0.81949 0.45684
vn 0.29861 -0.82699 0.47636
vn 0.24906 -0.83640 0.48826
vn 0.19859 -0.84749 0.49227
vn 0.14845 -0.85998 0.48826
vn 0.09987 -0.87356 0.47636
vn 0.05405 -0.88791 0.45684
vn 0.01212 -0.90266 0.43019
vn -0.02489 -0.91746 0.39706
vn -0.05606 -0.93193 0.35827
vn -0.08064 -0.94573 0.31478
vn -0.09802 -0.95852 0.26766
vn -0.10776 -0.96997 0.21806
vn -0.10963 -0.97981 0.16721
vn -0.22014 -0.96232 0.15961
vn -0.21220 -0.97281 0.09281
vn -0.19404 -0.98060 0.02765
vn -0.16613 -0.98551 -0.03425
vn -0.12915 -0.98740 -0.09139
vn -0.08401 -0.98625 -0.14234
vn -0.03182 -0.98206 -0.18586
vn 0.02614 -0.97495 -0.22087
vn 0.08844 -0.96510 -0.24651
vn 0.15354 -0.95273 -0.26215
vn 0.21984 -0.93817 -0.26741
vn 0.28571 -0.92176 -0.26215
vn 0.34952 -0.90392 -0.24651
vn 0.40971 -0.88507 -0.22087
vn 0.46479 -0.86569 -0.18586
vn 0.51341 -0.84625 -0.14234
vn 0.55437 -0.82724 -0.09139
vn 0.58666 -0.80911 -0.03425
vn 0.60949 -0.79231 0.02765
vn 0.62228 -0.77727 0.09281
vn 0.62474 -0.76434 0.15961
vn 0.61680 -0.75386 0.22641
vn 0.59865 -0.74606 0.29157
vn 0.57074 -0.74116 0.35347
vn 0.53376 -0.73926 0.41061
vn 0.48861 -0.74042 0.46156
vn 0.43642 -0.74460 0.50508
vn 0.37846 -0.75171 0.54009
vn 0.31616 -0.76157 0.56573
vn 0.25107 -0.77393 0.58137
vn 0.18477 -0.78850 0.58663
vn 0.11890 -0.80490 0.58137
vn 0.05508 -0.82275 0.56573
vn -0.00511 -0.84159 0.54009
vn -0.06019 -0.86097 0.50508
vn -0.10881 -0.88041 0.46156
vn -0.14977 -0.89943 0.41061
vn -0.18206 -0.91756 0.35347
vn -0.20488 -0.93435 0.29157
vn -0.21768 -0.94940 0.22641
vn -0.22014 -0.96232 0.15961
vn -0.32788 -0.93274 0.15000
vn -0.31814 -0.94560 0.06809
vn -0.29588 -0.95515 -0.01181
vn -0.26166 -0.96117 -0.08772
vn -0.21631 -0.96349 -0.15777
vn -0.16096 -0.96207 -0.22025
vn -0.09696 -0.95694 -0.27362
vn -0.02589 -0.94822 -0.31655
vn 0.05050 -0.93614 -0.34799
vn 0.13033 -0.92098 -0.36717
vn 0.21162 -0.90312 -0.37362
vn 0.29239 -0.88300 -0.36717
vn 0.37064 -0.86112 -0.34799
vn 0.44445 -0.83801 -0.31655
vn 0.51199 -0.81425 -0.27362
vn 0.57161 -0.79041 -0.22025
vn 0.62183 -0.76709 -0.15777
vn 0.66143 -0.74486 -0.08772
vn 0.68941 -0.72427 -0.01181
vn 0.70511 -0.70582 0.06809
vn 0.70812 -0.68997 0.15000
vn 0.69838 -0.67711 0.23191
vn 0.67612 -0.66756 0.31181
vn 0.64190 -0.66154 0.38772
vn 0.59655 -0.65922 0.45777
vn 0.54120 -0.66064 0.52025
vn 0.47720 -0.66577 0.57361
vn 0.40613 -0.67448 0.61655
vn 0.32974 -0.68657 0.64799
vn 0.24992 -0.70173 0.66717
vn 0.16862 -0.71959 0.67362
vn 0.08785 -0.73971 0.66717
vn 0.00960 -0.76159 0.64799
vn -0.06421 -0.78470 0.61655
vn -0.13175 -0.80846 0.57361
vn -0.19137 -0.83230 0.52025
vn -0.24159 -0.85562 0.45777
vn -0.28118 -0.87784 0.38772
vn -0.30917 -0.89844 0.31181
vn -0.32487 -0.91689 0.23191
vn -0.32788 -0.93274 0.15000
vn -0.43150 -0.89142 0.13850
vn -0.42008 -0.90649 0.04251
vn -0.39400 -0.91769 -0.05112
vn -0.35389 -0.92474 -0.14008
vn -0.30075 -0.92746 -0.22218
vn -0.23588 -0.92580 -0.29540
vn -0.16088 -0.91978 -0.35793
vn -0.07759 -0.90957 -0.40824
vn 0.01193 -0.89541 -0.44509
vn 0.10548 -0.87764 -0.46757
vn 0.20075 -0.85671 -0.47512
vn 0.29540 -0.83314 -0.46757
vn 0.38710 -0.80749 -0.44509
vn 0.47360 -0.78041 -0.40824
vn 0.55275 -0.75256 -0.35793
vn 0.62262 -0.72463 -0.29540
vn 0.68147 -0.69730 -0.22218
vn 0.72787 -0.67125 -0.14008
vn 0.76067 -0.64712 -0.05112
vn 0.77907 -0.62550 0.04251
vn 0.78260 -0.60693 0.13850
vn 0.77118 -0.59185 0.23450
vn 0.74510 -0.58066 0.32813
vn 0.70499 -0.57361 0.41709
vn 0.65185 -0.57088 0.49919
vn 0.58698 -0.57255 0.57240
vn 0.51198 -0.57856 0.63494
vn 0.42869 -0.58877 0.68525
vn 0.33917 -0.60294 0.72210
vn 0.24562 -0.62070 0.74458
vn 0.15035 -0.64163 0.75213
vn 0.05570 -0.66521 0.74458
vn -0.03600 -0.69085 0.72210
vn -0.12250 -0.71793 0.68525
vn -0.20165 -0.74578 0.63494
vn -0.27151 -0.77371 0.57240
vn -0.33037 -0.80104 0.49919
vn -0.37677 -0.82709 0.41709
vn -0.40957 -0.85123 0.32813
vn -0.42796 -0.87284 0.23450
vn -0.43150 -0.89142 0.13850
vn -0.52969 -0.83889 0.12527
vn -0.51674 -0.85599 0.01640
vn -0.48716 -0.86869 -0.08979
vn -0.44167 -0.87668 -0.19068
vn -0.38140 -0.87977 -0.28379
vn -0.30783 -0.87788 -0.36683
vn -0.22277 -0.87106 -0.43775
vn -0.12832 -0.85948 -0.49481
vn -0.02679 -0.84341 -0.53660
vn 0.07930 -0.82327 -0.56209
vn 0.18735 -0.79953 -0.57066
vn 0.29470 -0.77279 -0.56209
vn 0.39870 -0.74371 -0.53660
vn 0.49679 -0.71300 -0.49481
vn 0.58656 -0.68142 -0.43775
vn 0.66579 -0.64974 -0.36683
vn 0.73254 -0.61874 -0.28379
vn 0.78517 -0.58920 -0.19068
vn 0.82237 -0.56183 -0.08979
vn 0.84322 -0.53731 0.01640
vn 0.84723 -0.51625 0.12527
vn 0.83428 -0.49915 0.23413
vn 0.80470 -0.48645 0.34032
vn 0.75922 -0.47846 0.44121
vn 0.69895 -0.47537 0.53432
vn 0.62538 -0.47726 0.61736
vn 0.54032 -0.48408 0.68828
vn 0.44586 -0.49566 0.74534
vn 0.34434 -0.51172 0.78713
vn 0.23824 -0.53187 0.81262
vn 0.13019 -0.55561 0.82119
vn 0.02285 -0.58234 0.81262
vn -0.08115 -0.61143 0.78713
vn -0.17925 -0.64214 0.74534
vn -0.26901 -0.67372 0.68828
vn -0.34825 -0.70540 0.61736
vn -0.41500 -0.73639 0.53432
vn -0.46762 -0.76594 0.44121
vn -0.50482 -0.79331 0.34032
vn -0.52568 -0.81783 0.23413
vn -0.52969 -0.83889 0.12527
vn -0.62122 -0.77582 0.11045
vn -0.60690 -0.79472 -0.00992
vn -0.57419 -0.80876 -0.12732
vn -0.52390 -0.81760 -0.23888
vn -0.45726 -0.82101 -0.34183
vn -0.37592 -0.81893 -0.43364
vn -0.28187 -0.81139 -0.51206
vn -0.17743 -0.79858 -0.57515
vn -0.06518 -0.78082 -0.62135
vn 0.05213 -0.75854 -0.64954
vn 0.17160 -0.73230 -0.65901
vn 0.29029 -0.70273 -0.64954
vn 0.40528 -0.67058 -0.62135
vn 0.51374 -0.63662 -0.57515
vn 0.61299 -0.60170 -0.51206
vn 0.70060 -0.56667 -0.43364
vn 0.77440 -0.53240 -0.34183
vn 0.83259 -0.49974 -0.23888
vn 0.87372 -0.46947 -0.12732
vn 0.89678 -0.44236 -0.00992
vn 0.90121 -0.41907 0.11045
vn 0.88689 -0.40017 0.23082
vn 0.85419 -0.38613 0.34823
vn 0.80390 -0.37729 0.45978
vn 0.73726 -0.37388 0.56273
vn 0.65591 -0.37596 0.65455
vn 0.56186 -0.38350 0.73296
vn 0.45742 -0.39631 0.79605
vn 0.34517 -0.41407 0.84226
vn 0.22787 -0.43635 0.87045
vn 0.10840 -0.46259 0.87992
vn -0.01029 -0.49216 0.87045
vn -0.12528 -0.52431 0.84226
vn -0.23374 -0.55827 0.79605
vn -0.33300 -0.59319 0.73296
vn -0.42061 -0.62822 0.65455
vn -0.49441 -0.66249 0.56273
vn -0.55259 -0.69515 0.45978
vn -0.59372 -0.72542 0.34823
vn -0.61679 -0.75253 0.23082
vn -0.62122 -0.77582 0.11045
vn -0.70493 -0.70298 0.09425
vn -0.68943 -0.72345 -0.03611
vn -0.65401 -0.73866 -0.16326
vn -0.59954 -0.74823 -0.28407
vn -0.52737 -0.75193 -0.39557
vn -0.43927 -0.74967 -0.49500
vn -0.33742 -0.74151 -0.57993
vn -0.22431 -0.72763 -0.64825
vn -0.10274 -0.70840 -0.69829
vn 0.02430 -0.68427 -0.72882
vn 0.15368 -0.65585 -0.73908
vn 0.28223 -0.62383 -0.72882
vn 0.40676 -0.58901 -0.69829
vn 0.52422 -0.55223 -0.64825
vn 0.63171 -0.51441 -0.57993
vn 0.72659 -0.47648 -0.49500
vn 0.80652 -0.43937 -0.39557
vn 0.86954 -0.40399 -0.28407
vn 0.91408 -0.37122 -0.16326
vn 0.93906 -0.34186 -0.03611
vn 0.94385 -0.31663 0.09425
vn 0.92835 -0.29616 0.22461
vn 0.89293 -0.28096 0.35176
vn 0.83846 -0.27138 0.47258
vn 0.76629 -0.26768 0.58407
vn 0.67820 -0.26994 0.68351
vn 0.57634 -0.27811 0.76843
vn 0.46324 -0.29198 0.83676
vn 0.34167 -0.31122 0.88680
vn 0.21462 -0.33534 0.91732
vn 0.08524 -0.36376 0.92758
vn -0.04330 -0.39578 0.91732
vn -0.16784 -0.43061 0.88680
vn -0.28530 -0.46738 0.83676
vn -0.39279 -0.50520 0.76843
vn -0.48767 -0.54314 0.68351
vn -0.56760 -0.58025 0.58407
vn -0.63062 -0.61563 0.47258
vn -0.67516 -0.64840 0.35176
vn -0.70014 -0.67776 0.22461
vn -0.70493 -0.70298 0.09425
vn -0.77978 -0.62131 0.07686
vn -0.76329 -0.64309 -0.06185
vn -0.72560 -0.65927 -0.19715
vn -0.66764 -0.66946 -0.32570
vn -0.59085 -0.67340 -0.44434
vn -0.49711 -0.67099 -0.55014
vn -0.38873 -0.66230 -0.64051
vn -0.26838 -0.64754 -0.71321
vn -0.13902 -0.62707 -0.76646
vn -0.00384 -0.60140 -0.79894
vn 0.13384 -0.57116 -0.80985
vn 0.27061 -0.53709 -0.79894
vn 0.40313 -0.50003 -0.76646
vn 0.52811 -0.46090 -0.71321
vn 0.64249 -0.42066 -0.64051
vn 0.74345 -0.38030 -0.55014
vn 0.82850 -0.34081 -0.44434
vn 0.89555 -0.30316 -0.32570
vn 0.94295 -0.26829 -0.19715
vn 0.96953 -0.23705 -0.06185
vn 0.97463 -0.21021 0.07686
vn 0.95813 -0.18843 0.21558
vn 0.92044 -0.17225 0.35087
vn 0.86249 -0.16206 0.47943
vn 0.78570 -0.15812 0.59806
vn 0.69195 -0.16053 0.70387
vn 0.58357 -0.16922 0.79423
vn 0.46322 -0.18398 0.86694
vn 0.33386 -0.20445 0.92018
vn 0.19868 -0.23012 0.95267
vn 0.06101 -0.26036 0.96358
vn -0.07577 -0.29443 0.95267
vn -0.20828 -0.33148 0.92018
vn -0.33327 -0.37062 0.86694
vn -0.44765 -0.41086 0.79423
vn -0.54860 -0.45122 0.70387
vn -0.63366 -0.49071 0.59806
vn -0.70071 -0.52836 0.47943
vn -0.74810 -0.56323 0.35087
vn -0.77468 -0.59447 0.21558
vn -0.77978 -0.62131 0.07686
vn -0.84483 -0.53183 0.05851
vn -0.82755 -0.55464 -0.08681
vn -0.78806 -0.57159 -0.22855
vn -0.72735 -0.58227 -0.36323
vn -0.64690 -0.58639 -0.48752
vn -0.54869 -0.58387 -0.59836
vn -0.43515 -0.57477 -0.69303
vn -0.30906 -0.55930 -0.76919
vn -0.17354 -0.53786 -0.82498
vn -0.03192 -0.51097 -0.85901
vn 0.11231 -0.47928 -0.87044
vn 0.25560 -0.44359 -0.85901
vn 0.39443 -0.40477 -0.82498
vn 0.52536 -0.36378 -0.76919
vn 0.64519 -0.32162 -0.69303
vn 0.75096 -0.27933 -0.59836
vn 0.84006 -0.23796 -0.48752
vn 0.91031 -0.19852 -0.36323
vn 0.95996 -0.16199 -0.22855
vn 0.98780 -0.12926 -0.08681
vn 0.99315 -0.10114 0.05851
vn 0.97587 -0.07832 0.20383
vn 0.93638 -0.06137 0.34557
vn 0.87567 -0.05070 0.48025
vn 0.79522 -0.04657 0.60454
vn 0.69701 -0.04909 0.71538
vn 0.58347 -0.05820 0.81005
vn 0.45738 -0.07366 0.88621
vn 0.32186 -0.09510 0.94200
vn 0.18024 -0.12200 0.97603
vn 0.03601 -0.15368 0.98746
vn -0.10728 -0.18937 0.97603
vn -0.24611 -0.22819 0.94200
vn -0.37704 -0.26919 0.88621
vn -0.49687 -0.31135 0.81005
vn -0.60264 -0.35363 0.71538
vn -0.69174 -0.39501 0.60454
vn -0.76199 -0.43444 0.48025
vn -0.81164 -0.47098 0.34557
vn -0.83948 -0.50371 0.20383
vn -0.84483 -0.53183 0.05851
vn -0.89925 -0.43565 0.03942
vn -0.88140 -0.45922 -0.11068
vn -0.84062 -0.47673 -0.25708
vn -0.77790 -0.48775 -0.39619
vn -0.69481 -0.49201 -0.52456
vn -0.59337 -0.48941 -0.63905
vn -0.47609 -0.48001 -0.73684
vn -0.34586 -0.46403 -0.81551
vn -0.20588 -0.44189 -0.87313
vn -0.05961 -0.41411 -0.90827
vn 0.08937 -0.38138 -0.92009
vn 0.23737 -0.34452 -0.90827
vn 0.38076 -0.30442 -0.87313
vn 0.51601 -0.26207 -0.81551
vn 0.63978 -0.21853 -0.73684
vn 0.74902 -0.17485 -0.63905
vn 0.84106 -0.13212 -0.52456
vn 0.91361 -0.09138 -0.39619
vn 0.96490 -0.05365 -0.25708
vn 0.99366 -0.01984 -0.11068
vn 0.99918 0.00920 0.03942
vn 0.98133 0.03277 0.18952
vn 0.94055 0.05028 0.33592
vn 0.87783 0.06130 0.47503
vn 0.79474 0.06556 0.60340
vn 0.69330 0.06296 0.71789
vn 0.57602 0.05355 0.81568
vn 0.44579 0.03758 0.89435
vn 0.30581 0.01543 0.95197
vn 0.15954 -0.01234 0.98711
vn 0.01056 -0.04507 0.99893
vn -0.13744 -0.08193 0.98711
vn -0.28083 -0.12203 0.95197
vn -0.41608 -0.16438 0.89435
vn -0.53985 -0.20792 0.81568
vn -0.64910 -0.25160 0.71789
vn -0.74113 -0.29433 0.60340
vn -0.81368 -0.33507 0.47503
vn -0.86497 -0.37280 0.33592
vn -0.89373 -0.40661 0.18952
vn -0.89925 -0.43565 0.03942
vn -0.94236 -0.33400 0.01983
vn -0.92417 -0.35802 -0.13316
vn -0.88260 -0.37587 -0.28238
vn -0.81868 -0.38710 -0.42417
vn -0.73398 -0.39145 -0.55502
vn -0.63059 -0.38879 -0.67171
vn -0.51105 -0.37921 -0.77138
vn -0.37831 -0.36293 -0.85157
vn -0.23564 -0.34035 -0.91029
vn -0.08654 -0.31204 -0.94612
vn 0.06530 -0.27868 -0.95816
vn 0.21616 -0.24111 -0.94612
vn 0.36231 -0.20024 -0.91029
vn 0.50016 -0.15708 -0.85157
vn 0.62632 -0.11269 -0.77138
vn 0.73767 -0.06817 -0.67171
vn 0.83148 -0.02462 -0.55502
vn 0.90543 0.01690 -0.42417
vn 0.95770 0.05536 -0.28238
vn 0.98702 0.08982 -0.13316
vn 0.99265 0.11942 0.01983
vn 0.97445 0.14345 0.17283
vn 0.93288 0.16129 0.32205
vn 0.86896 0.17253 0.46384
vn 0.78426 0.17687 0.59469
vn 0.68087 0.17422 0.71138
vn 0.56133 0.16463 0.81105
vn 0.42859 0.14835 0.89123
vn 0.28592 0.12578 0.94996
vn 0.13682 0.09746 0.98579
vn -0.01502 0.06411 0.99783
vn -0.16588 0.02653 0.98579
vn -0.31203 -0.01434 0.94996
vn -0.44988 -0.05750 0.89123
vn -0.57604 -0.10188 0.81105
vn -0.68739 -0.14640 0.71138
vn -0.78119 -0.18996 0.59469
vn -0.85515 -0.23148 0.46384
vn -0.90742 -0.26994 0.32205
vn -0.93674 -0.30440 0.17283
vn -0.94236 -0.33400 0.01983
vn -0.97363 -0.22815 0.00000
vn -0.95532 -0.25232 -0.15396
vn -0.91348 -0.27028 -0.30413
vn -0.84916 -0.28158 -0.44681
vn -0.76392 -0.28596 -0.57849
vn -0.65988 -0.28329 -0.69592
vn -0.53959 -0.27364 -0.79622
vn -0.40601 -0.25726 -0.87691
vn -0.26243 -0.23454 -0.93601
vn -0.11239 -0.20605 -0.97207
vn 0.04042 -0.17248 -0.98418
vn 0.19223 -0.13467 -0.97207
vn 0.33931 -0.09354 -0.93601
vn 0.47803 -0.05011 -0.87691
vn 0.60498 -0.00544 -0.79622
vn 0.71704 0.03936 -0.69592
vn 0.81144 0.08319 -0.57849
vn 0.88586 0.12497 -0.44681
vn 0.93846 0.16368 -0.30413
vn 0.96796 0.19836 -0.15396
vn 0.97363 0.22815 0.00000
vn 0.95532 0.25232 0.15396
vn 0.91348 0.27028 0.30413
vn 0.84916 0.28158 0.44681
vn 0.76392 0.28596 0.57849
vn 0.65988 0.28329 0.69592
vn 0.53959 0.27364 0.79622
vn 0.40601 0.25726 0.87691
vn 0.26243 0.23454 0.93601
vn 0.11239 0.20605 0.97207
vn -0.04042 0.17248 0.98418
vn -0.19223 0.13467 0.97207
vn -0.33931 0.09354 0.93601
vn -0.47803 0.05011 0.87691
vn -0.60498 0.00544 0.79622
vn -0.71704 -0.03936 0.69592
vn -0.81144 -0.08319 0.57849
vn -0.88586 -0.12497 0.44681
vn -0.93846 -0.16368 0.30413
vn -0.96796 -0.19836 0.15396
vn -0.97363 -0.22815 0.00000
vn -0.99265 -0.11942 -0.01983
vn -0.97445 -0.14345 -0.17283
vn -0.93288 -0.16129 -0.32205
vn -0.86896 -0.17253 -0.46384
vn -0.78426 -0.17687 -0.59469
vn -0.68087 -0.17422 -0.71138
vn -0.56133 -0.16463 -0.81105
vn -0.42859 -0.14835 -0.89123
vn -0.28592 -0.12578 -0.94996
vn -0.13682 -0.09746 -0.98579
vn 0.01502 -0.06411 -0.99783
vn 0.16588 -0.02653 -0.98579
vn 0.31203 0.01434 -0.94996
vn 0.44988 0.05750 -0.89123
vn 0.57604 0.10188 -0.81105
vn 0.68739 0.14640 -0.71138
vn 0.78119 0.18996 -0.59469
vn 0.85515 0.23148 -0.46384
vn 0.90742 0.26994 -0.32205
vn 0.93674 0.30440 -0.17283
vn 0.94236 0.33400 -0.01983
vn 0.92417 0.35802 0.13316
vn 0.88260 0.37587 0.28238
vn 0.81868 0.38710 0.42417
vn 0.73398 0.39145 0.55502
vn 0.63059 0.38879 0.67171
vn 0.51105 0.37921 0.77138
vn 0.37831 0.36293 0.85157
vn 0.23564 0.34035 0.91029
vn 0.08654 0.31204 0.94612
vn -0.06530 0.27868 0.95816
vn -0.21616 0.24111 0.94612
vn -0.36231 0.20024 0.91029
vn -0.50016 0.15708 0.85157
vn -0.62632 0.11269 0.77138
vn -0.73767 0.06817 0.67171
vn -0.83148 0.02462 0.55502
vn -0.90543 -0.01690 0.42417
vn -0.95770 -0.05536 0.28238
vn -0.98702 -0.08982 0.13316
vn -0.99265 -0.11942 -0.01983
vn -0.99918 -0.00920 -0.03942
vn -0.98133 -0.03277 -0.18952
vn -0.94055 -0.05028 -0.33592
vn -0.87783 -0.06130 -0.47503
vn -0.79474 -0.06556 -0.60340
vn -0.69330 -0.06296 -0.71789
vn -0.57602 -0.05355 -0.81568
vn -0.44579 -0.03758 -0.89435
vn -0.30581 -0.01543 -0.95197
vn -0.15954 0.01234 -0.98711
vn -0.01056 0.04507 -0.99893
vn 0.13744 0.08193 -0.98711
vn 0.28083 0.12203 -0.95197
vn 0.41608 0.16438 -0.89435
vn 0.53985 0.20792 -0.81568
vn 0.64910 0.25160 -0.71789
vn 0.74113 0.29433 -0.60340
vn 0.81368 0.33507 -0.47503
vn 0.86497 0.37280 -0.33592
vn 0.89373 0.40661 -0.18952
vn 0.89925 0.43565 -0.03942
vn 0.88140 0.45922 0.11068
vn 0.84062 0.47673 0.25708
vn 0.77790 0.48775 0.39619
vn 0.69481 0.49201 0.52456
vn 0.59337 0.48941 0.63905
vn 0.47609 0.48001 0.73684
vn 0.34586 0.46403 0.81551
vn 0.20588 0.44189 0.87313
vn 0.05961 0.41411 0.90827
vn -0.08937 0.38138 0.92009
vn -0.23737 0.34452 0.90827
vn -0.38076 0.30442 0.87313
vn -0.51601 0.26207 0.81551
vn -0.63978 0.21853 0.73684
vn -0.74902 0.17485 0.63905
vn -0.84106 0.13212 0.52456
vn -0.91361 0.09138 0.39619
vn -0.96490 0.05365 0.25708
vn -0.99366 0.01984 0.11068
vn -0.99918 -0.00920 -0.03942
vn -0.99315 0.10114 -0.05851
vn -0.97587 0.07832 -0.20383
vn -0.93638 0.06137 -0.34557
vn -0.87567 0.05070 -0.48025
vn -0.79522 0.04657 -0.60454
vn -0.69701 0.04909 -0.71538
vn -0.58347 0.05820 -0.81005
vn -0.45738 0.07366 -0.88621
vn -0.32186 0.09510 -0.94200
vn -0.18024 0.12200 -0.97603
vn -0.03601 0.15368 -0.98746
vn 0.10728 0.18937 -0.97603
vn 0.24611 0.22819 -0.94200
vn 0.37704 0.26919 -0.88621
vn 0.49687 0.31135 -0.81005
vn 0.60264 0.35363 -0.71538
vn 0.69174 0.39501 -0.60454
vn 0.76199 0.43444 -0.48025
vn 0.81164 0.47098 -0.34557
vn 0.83948 0.50371 -0.20383
vn 0.84483 0.53183 -0.05851
vn 0.82755 0.55464 0.08681
vn 0.78806 0.57159 0.22855
vn 0.72735 0.58227 0.36323
vn 0.64690 0.58639 0.48752
vn 0.54869 0.58387 0.59836
vn 0.43515 0.57477 0.69303
vn 0.30906 0.55930 0.76919
vn 0.17354 0.53786 0.82498
vn 0.03192 0.51097 0.85901
vn -0.11231 0.47928 0.87044
vn -0.25560 0.44359 0.85901
vn -0.39443 0.40477 0.82498
vn -0.52536 0.36378 0.76919
vn -0.64519 0.32162 0.69303
vn -0.75096 0.27933 0.59836
vn -0.84006 0.23796 0.48752
vn -0.91031 0.19852 0.36323
vn -0.95996 0.16199 0.22855
vn -0.98780 0.12926 0.08681
vn -0.99315 0.10114 -0.05851
vn -0.97463 0.21021 -0.07686
vn -0.95813 0.18843 -0.21558
vn -0.92044 0.17225 -0.35087
vn -0.86249 0.16206 -0.47943
vn -0.78570 0.15812 -0.59806
vn -0.69195 0.16053 -0.70387
vn -0.58357 0.16922 -0.79423
vn -0.46322 0.18398 -0.86694
vn -0.33386 0.20445 -0.92018
vn -0.19868 0.23012 -0.95267
vn -0.06101 0.26036 -0.96358
vn 0.07577 0.29443 -0.95267
vn 0.20828 0.33148 -0.92018
vn 0.33327 0.37062 -0.86694
vn 0.44765 0.41086 -0.79423
vn 0.54860 0.45122 -0.70387
vn 0.63366 0.49071 -0.59806
vn 0.70071 0.52836 -0.47943
vn 0.74810 0.56323 -0.35087
vn 0.77468 0.59447 -0.21558
vn 0.77978 0.62131 -0.07686
vn 0.76329 0.64309 0.06185
vn 0.72560 0.65927 0.19715
vn 0.66764 0.66946 0.32570
vn 0.59085 0.67340 0.44434
vn 0.49711 0.67099 0.55014
vn 0.38873 0.66230 0.64051
vn 0.26838 0.64754 0.71321
vn 0.13902 0.62707 0.76646
vn 0.00384 0.60140 0.79894
vn -0.13384 0.57116 0.80985
vn -0.27061 0.53709 0.79894
vn -0.40313 0.50003 0.76646
vn -0.52811 0.46090 0.71321
vn -0.64249 0.42066 0.64051
vn -0.74345 0.38030 0.55014
vn -0.82850 0.34081 0.44434
vn -0.89555 0.30316 0.32570
vn -0.94295 0.26829 0.19715
vn -0.96953 0.23705 0.06185
vn -0.97463 0.21021 -0.07686
vn -0.94385 0.31663 -0.09425
vn -0.92835 0.29616 -0.22461
vn -0.89293 0.28096 -0.35176
vn -0.83846 0.27138 -0.47258
vn -0.76629 0.26768 -0.58407
vn -0.67820 0.26994 -0.68351
vn -0.57634 0.27811 -0.76843
vn -0.46324 0.29198 -0.83676
vn -0.34167 0.31122 -0.88680
vn -0.21462 0.33534 -0.91732
vn -0.08524 0.36376 -0.92758
vn 0.04330 0.39578 -0.91732
vn 0.16784 0.43061 -0.88680
vn 0.28530 0.46738 -0.83676
vn 0.39279 0.50520 -0.76843
vn 0.48767 0.54314 -0.68351
vn 0.56760 0.58025 -0.58407
vn 0.63062 0.61563 -0.47258
vn 0.67516 0.64840 -0.35176
vn 0.70014 0.67776 -0.22461
vn 0.70493 0.70298 -0.09425
vn 0.68943 0.72345 0.03611
vn 0.65401 0.73866 0.16326
vn 0.59954 0.74823 0.28407
vn 0.52737 0.75193 0.39557
vn 0.43927 0.74967 0.49500
vn 0.33742 0.74151 0.57993
vn 0.22431 0.72763 0.64825
vn 0.10274 0.70840 0.69829
vn -0.02430 0.68427 0.72882
vn -0.15368 0.65585 0.73908
vn -0.28223 0.62383 0.72882
vn -0.40676 0.58901 0.69829
vn -0.52422 0.55223 0.64825
vn -0.63171 0.51441 0.57993
vn -0.72659 0.47648 0.49500
vn -0.80652 0.43937 0.39557
vn -0.86954 0.40399 0.28407
vn -0.91408 0.37122 0.16326
vn -0.93906 0.34186 0.03611
vn -0.94385 0.31663 -0.09425
vn -0.90121 0.41907 -0.11045
vn -0.88689 0.40017 -0.23082
vn -0.85419 0.38613 -0.34823
vn -0.80390 0.37729 -0.45978
vn -0.73726 0.37388 -0.56273
vn -0.65591 0.37596 -0.65455
vn -0.56186 0.38350 -0.73296
vn -0.45742 0.39631 -0.79605
vn -0.34517 0.41407 -0.84226
vn -0.22787 0.43635 -0.87045
vn -0.10840 0.46259 -0.87992
vn 0.01029 0.49216 -0.87045
vn 0.12528 0.52431 -0.84226
vn 0.23374 0.55827 -0.79605
vn 0.33300 0.59319 -0.73296
vn 0.42061 0.62822 -0.65455
vn 0.49441 0.66249 -0.56273
vn 0.55259 0.69515 -0.45978
vn 0.59372 0.72542 -0.34823
vn 0.61679 0.75253 -0.23082
vn 0.62122 0.77582 -0.11045
vn 0.60690 0.79472 0.00992
vn 0.57419 0.80876 0.12732
vn 0.52390 0.81760 0.23888
vn 0.45726 0.82101 0.34183
vn 0.37592 0.81893 0.43364
vn 0.28187 0.81139 0.51206
vn 0.17743 0.79858 0.57515
vn 0.06518 0.78082 0.62135
vn -0.05213 0.75854 0.64954
vn -0.17160 0.73230 0.65901
vn -0.29029 0.70273 0.64954
vn -0.40528 0.67058 0.62135
vn -0.51374 0.63662 0.57515
vn -0.61299 0.60170 0.51206
vn -0.70060 0.56667 0.43364
vn -0.77440 0.53240 0.34183
vn -0.83259 0.49974 0.23888
vn -0.87372 0.46947 0.12732
vn -0.89678 0.44236 0.00992
vn -0.90121 0.41907 -0.11045
vn -0.84723 0.51625 -0.12527
vn -0.83428 0.49915 -0.23413
vn -0.80470 0.48645 -0.34032
vn -0.75922 0.47846 -0.44121
vn -0.69895 0.47537 -0.53432
vn -0.62538 0.47726 -0.61736
vn -0.54032 0.48408 -0.68828
vn -0.44586 0.49566 -0.74534
vn -0.34434 0.51172 -0.78713
vn -0.23824 0.53187 -0.81262
vn -0.13019 0.55561 -0.82119
vn -0.02285 0.58234 -0.81262
vn 0.08115 0.61143 -0.78713
vn 0.17925 0.64214 -0.74534
vn 0.26901 0.67372 -0.68828
vn 0.34825 0.70540 -0.61736
vn 0.41500 0.73639 -0.53432
vn 0.46762 0.76594 -0.44121
vn 0.50482 0.79331 -0.34032
vn 0.52568 0.81783 -0.23413
vn 0.52969 0.83889 -0.12527
vn 0.51674 0.85599 -0.01640
vn 0.48716 0.86869 0.08979
vn 0.44167 0.87668 0.19068
vn 0.38140 0.87977 0.28379
vn 0.30783 0.87788 0.36683
vn 0.22277 0.87106 0.43775
vn 0.12832 0.85948 0.49481
vn 0.02679 0.84341 0.53660
vn -0.07930 0.82327 0.56209
vn -0.18735 0.79953 0.57066
vn -0.29470 0.77279 0.56209
vn -0.39870 0.74371 0.53660
vn -0.49679 0.71300 0.49481
vn -0.58656 0.68142 0.43775
vn -0.66579 0.64974 0.36683
vn -0.73254 0.61874 0.28379
vn -0.78517 0.58920 0.19068
vn -0.82237 0.56183 0.08979
vn -0.84322 0.53731 -0.01640
vn -0.84723 0.51625 -0.12527
vn -0.78260 0.60693 -0.13850
vn -0.77118 0.59185 -0.23450
vn -0.74510 0.58066 -0.32813
vn -0.70499 0.57361 -0.41709
vn -0.65185 0.57088 -0.49919
vn -0.58698 0.57255 -0.57240
vn -0.51198 0.57856 -0.63494
vn -0.42869 0.58877 -0.68525
vn -0.33917 0.60294 -0.72210
vn -0.24562 0.62070 -0.74458
vn -0.15035 0.64163 -0.75213
vn -0.05570 0.66521 -0.74458
vn 0.03600 0.69085 -0.72210
vn 0.12250 0.71793 -0.68525
vn 0.20165 0.74578 -0.63494
vn 0.27151 0.77371 -0.57240
vn 0.33037 0.80104 -0.49919
vn 0.37677 0.82709 -0.41709
vn 0.40957 0.85123 -0.32813
vn 0.42796 0.87284 -0.23450
vn 0.43150 0.89142 -0.13850
vn 0.42008 0.90649 -0.04251
vn 0.39400 0.91769 0.05112
vn 0.35389 0.92474 0.14008
vn 0.30075 0.92746 0.22218
vn 0.23588 0.92580 0.29540
vn 0.16088 0.91978 0.35793
vn 0.07759 0.90957 0.40824
vn -0.01193 0.89541 0.44509
vn -0.10548 0.87764 0.46757
vn -0.20075 0.85671 0.47512
vn -0.29540 0.83314 0.46757
vn -0.38710 0.80749 0.44509
vn -0.47360 0.78041 0.40824
vn -0.55275 0.75256 0.35793
vn -0.62262 0.72463 0.29540
vn -0.68147 0.69730 0.22218
vn -0.72787 0.67125 0.14008
vn -0.76067 0.64712 0.05112
vn -0.77907 0.62550 -0.04251
vn -0.78260 0.60693 -0.13850
vn -0.70812 0.68997 -0.15000
vn -0.69838 0.67711 -0.23191
vn -0.67612 0.66756 -0.31181
vn -0.64190 0.66154 -0.38772
vn -0.59655 0.65922 -0.45777
vn -0.54120 0.66064 -0.52025
vn -0.47720 0.66577 -0.57361
vn -0.40613 0.67448 -0.61655
vn -0.32974 0.68657 -0.64799
vn -0.24992 0.70173 -0.66717
vn -0.16862 0.71959 -0.67362
vn -0.08785 0.73971 -0.66717
vn -0.00960 0.76159 -0.64799
vn 0.06421 0.78470 -0.61655
vn 0.13175 0.80846 -0.57361
vn 0.19137 0.83230 -0.52025
vn 0.24159 0.85562 -0.45777
vn 0.28118 0.87784 -0.38772
vn 0.30917 0.89844 -0.31181
vn 0.32487 0.91689 -0.23191
vn 0.32788 0.93274 -0.15000
vn 0.31814 0.94560 -0.06809
vn 0.29588 0.95515 0.01181
vn 0.26166 0.96117 0.08772
vn 0.21631 0.96349 0.15777
vn 0.16096 0.96207 0.22025
vn 0.09696 0.95694 0.27362
vn 0.02589 0.94822 0.31655
vn -0.05050 0.93614 0.34799
vn -0.13033 0.92098 0.36717
vn -0.21162 0.90312 0.37362
vn -0.29239 0.88300 0.36717
vn -0.37064 0.86112 0.34799
vn -0.44445 0.83801 0.31655
vn -0.51199 0.81425 0.27362
vn -0.57161 0.79041 0.22025
vn -0.62183 0.76709 0.15777
vn -0.66143 0.74486 0.08772
vn -0.68941 0.72427 0.01181
vn -0.70511 0.70582 -0.06809
vn -0.70812 0.68997 -0.15000
vn -0.62474 0.76434 -0.15961
vn -0.61680 0.75386 -0.22641
vn -0.59865 0.74606 -0.29157
vn -0.57074 0.74116 -0.35347
vn -0.53376 0.73926 -0.41061
vn -0.48861 0.74042 -0.46156
vn -0.43642 0.74460 -0.50508
vn -0.37846 0.75171 -0.54009
vn -0.31616 0.76157 -0.56573
vn -0.25107 0.77393 -0.58137
vn -0.18477 0.78850 -0.58663
vn -0.11890 0.80490 -0.58137
vn -0.05508 0.82275 -0.56573
vn 0.00511 0.84159 -0.54009
vn 0.06019 0.86097 -0.50508
vn 0.10881 0.88041 -0.46156
vn 0.14977 0.89943 -0.41061
vn 0.18206 0.91756 -0.35347
vn 0.20488 0.93435 -0.29157
vn 0.21768 0.94940 -0.22641
vn 0.22014 0.96232 -0.15961
vn 0.21220 0.97281 -0.09281
vn 0.19404 0.98060 -0.02765
vn 0.16613 0.98551 0.03425
vn 0.12915 0.98740 0.09139
vn 0.08401 0.98625 0.14234
vn 0.03182 0.98206 0.18586
vn -0.02614 0.97495 0.22087
vn -0.08844 0.96510 0.24651
vn -0.15354 0.95273 0.26215
vn -0.21984 0.93817 0.26741
vn -0.28571 0.92176 0.26215
vn -0.34952 0.90392 0.24651
vn -0.40971 0.88507 0.22087
vn -0.46479 0.86569 0.18586
vn -0.51341 0.84625 0.14234
vn -0.55437 0.82724 0.09139
vn -0.58666 0.80911 0.03425
vn -0.60949 0.79231 -0.02765
vn -0.62228 0.77727 -0.09281
vn -0.62474 0.76434 -0.15961
vn -0.53351 0.82910 -0.16721
vn -0.52746 0.82112 -0.21806
vn -0.51364 0.81519 -0.26766
vn -0.49240 0.81145 -0.31478
vn -0.46425 0.81001 -0.35827
vn -0.42988 0.81089 -0.39706
vn -0.39015 0.81408 -0.43019
vn -0.34603 0.81949 -0.45684
vn -0.29861 0.82699 -0.47636
vn -0.24906 0.83640 -0.48826
vn -0.19859 0.84749 -0.49227
vn -0.14845 0.85998 -0.48826
vn -0.09987 0.87356 -0.47636
vn -0.05405 0.88791 -0.45684
vn -0.01212 0.90266 -0.43019
vn 0.02489 0.91746 -0.39706
vn 0.05606 0.93193 -0.35827
vn 0.08064 0.94573 -0.31478
vn 0.09802 0.95852 -0.26766
vn 0.10776 0.96997 -0.21806
vn 0.10963 0.97981 -0.16721
vn 0.10358 0.98779 -0.11636
vn 0.08977 0.99372 -0.06676
vn 0.06852 0.99746 -0.01964
vn 0.04037 0.99890 0.02385
vn 0.00601 0.99802 0.06264
vn -0.03372 0.99483 0.09576
vn -0.07784 0.98942 0.12241
vn -0.12526 0.98192 0.14193
vn -0.17482 0.97251 0.15384
vn -0.22529 0.96142 0.15784
vn -0.27543 0.94893 0.15384
vn -0.32400 0.93535 0.14193
vn -0.36982 0.92100 0.12241
vn -0.41175 0.90625 0.09576
vn -0.44876 0.89145 0.06264
vn -0.47994 0.87698 0.02385
vn -0.50452 0.86318 -0.01964
vn -0.52189 0.85039 -0.06676
vn -0.53164 0.83894 -0.11636
vn -0.53351 0.82910 -0.16721
vn -0.43556 0.88344 -0.17271
vn -0.43149 0.87806 -0.20697
vn -0.42218 0.87406 -0.24039
vn -0.40786 0.87154 -0.27214
vn -0.38890 0.87057 -0.30144
vn -0.36574 0.87117 -0.32757
vn -0.33898 0.87331 -0.34989
vn -0.30925 0.87696 -0.36784
vn -0.27730 0.88201 -0.38099
vn -0.24392 0.88835 -0.38902
vn -0.20991 0.89582 -0.39171
vn -0.17613 0.90424 -0.38902
vn -0.14341 0.91339 -0.38099
vn -0.11254 0.92305 -0.36784
vn -0.08429 0.93299 -0.34989
vn -0.05935 0.94296 -0.32757
vn -0.03835 0.95271 -0.30144
vn -0.02179 0.96201 -0.27214
vn -0.01008 0.97062 -0.24039
vn -0.00352 0.97834 -0.20697
vn -0.00226 0.98497 -0.17271
vn -0.00633 0.99035 -0.13845
vn -0.01564 0.99435 -0.10504
vn -0.02995 0.99686 -0.07329
vn -0.04892 0.99783 -0.04399
vn -0.07207 0.99724 -0.01785
vn -0.09884 0.99509 0.00446
vn -0.12856 0.99145 0.02242
vn -0.16051 0.98639 0.03557
vn -0.19390 0.98005 0.04359
vn -0.22790 0.97258 0.04629
vn -0.26168 0.96417 0.04359
vn -0.29441 0.95502 0.03557
vn -0.32528 0.94535 0.02242
vn -0.35353 0.93541 0.00446
vn -0.37846 0.92544 -0.01785
vn -0.39947 0.91569 -0.04399
vn -0.41603 0.90639 -0.07329
vn -0.42774 0.89778 -0.10504
vn -0.43430 0.89006 -0.13845
vn -0.43556 0.88344 -0.17271
vn -0.33214 0.92666 -0.17604
vn -0.33009 0.92395 -0.19328
vn -0.32540 0.92194 -0.21009
vn -0.31820 0.92067 -0.22607
vn -0.30866 0.92019 -0.24081
vn -0.29701 0.92048 -0.25396
vn -0.28354 0.92156 -0.26519
vn -0.26858 0.92340 -0.27422
vn -0.25251 0.92594 -0.28084
vn -0.23571 0.92913 -0.28488
vn -0.21860 0.93289 -0.28623
vn -0.20160 0.93712 -0.28488
vn -0.18514 0.94173 -0.28084
vn -0.16960 0.94659 -0.27422
vn -0.15539 0.95159 -0.26519
vn -0.14284 0.95661 -0.25396
vn -0.13227 0.96152 -0.24081
vn -0.12394 0.96619 -0.22607
vn -0.11805 0.97053 -0.21009
vn -0.11475 0.97441 -0.19328
vn -0.11411 0.97775 -0.17604
vn -0.11616 0.98045 -0.15880
vn -0.12085 0.98246 -0.14199
vn -0.12805 0.98373 -0.12601
vn -0.13759 0.98422 -0.11127
vn -0.14924 0.98392 -0.09812
vn -0.16271 0.98284 -0.08689
vn -0.17767 0.98101 -0.07786
vn -0.19374 0.97846 -0.07124
vn -0.21054 0.97527 -0.06720
vn -0.22765 0.97151 -0.06585
vn -0.24465 0.96728 -0.06720
vn -0.26112 0.96268 -0.07124
vn -0.27665 0.95781 -0.07786
vn -0.29086 0.95281 -0.08689
vn -0.30341 0.94780 -0.09812
vn -0.31398 0.94289 -0.11127
vn -0.32231 0.93821 -0.12601
vn -0.32820 0.93388 -0.14199
vn -0.33150 0.92999 -0.15880
vn -0.33214 0.92666 -0.17604
vn -0.22454 0.95823 -0.17715
vn -0.22454 0.95823 -0.17715
vn -0.22454 0.95823 -0.17715
vn -0.22454 0.95823 -0.17715
vn -0.22454 0.95823 -0.17715
vn -0.22454 0.95823 -0.17715
vn -0.22454 0.95823 -0.17715
vn -0.22454 0.95823 -0.17715
vn -0.22454 0.95823 -0.17715
vn -0.22454 0.95823 -0.17715
vn -0.22454 0.95823 -0.17715
vn -0.22454 0.95823 -0.17715
vn -0.22454 0.95823 -0.17715
vn -0.22454 0.95823 -0.17715
vn -0.22454 0.95823 -0.17715
vn -0.22454 0.95823 -0.17715
vn -0.22454 0.95823 -0.17715
vn -0.22454 0.95823 -0.17715
vn -0.22454 0.95823 -0.17715
vn -0.22454 0.95823 -0.17715
vn -0.22454 0.95823 -0.17715
vn -0.22454 0.95823 -0.17715
vn -0.22454 0.95823 -0.17715
vn -0.22454 0.95823 -0.17715
vn -0.22454 0.95823 -0.17715
vn -0.22454 0.95823 -0.17715
vn -0.22454 0.95823 -0.17715
vn -0.22454 0.95823 -0.17715
vn -0.22454 0.95823 -0.17715
vn -0.22454 0.95823 -0.17715
vn -0.22454 0.95823 -0.17715
vn -0.22454 0.95823 -0.17715
vn -0.22454 0.95823 -0.17715
vn -0.22454 0.95823 -0.17715
vn -0.22454 0.95823 -0.17715
vn -0.22454 0.95823 -0.17715
vn -0.22454 0.95823 -0.17715
vn -0.22454 0.95823 -0.17715
vn -0.22454 0.95823 -0.17715
vn -0.22454 0.95823 -0.17715
vn -0.22454 0.95823 -0.17715
f 1/1/1 42/42/42 43/43/43
f 1/1/1 43/43/43 2/2/2
f 2/2/2 43/43/43 44/44/44
f 2/2/2 44/44/44 3/3/3
f 3/3/3 44/44/44 45/45/45
f 3/3/3 45/45/45 4/4/4
f 4/4/4 45/45/45 46/46/46
f 4/4/4 46/46/46 5/5/5
f 5/5/5 46/46/46 47/47/47
f 5/5/5 47/47/47 6/6/6
f 6/6/6 47/47/47 48/48/48
f 6/6/6 48/48/48 7/7/7
f 7/7/7 48/48/48 49/49/49
f 7/7/7 49/49/49 8/8/8
f 8/8/8 49/49/49 50/50/50
f 8/8/8 50/50/50 9/9/9
f 9/9/9 50/50/50 51/51/51
f 9/9/9 51/51/51 10/10/10
f 10/10/10 51/51/51 52/52/52
f 10/10/10 52/52/52 11/11/11
f 11/11/11 52/52/52 53/53/53
f 11/11/11 53/53/53 12/12/12
f 12/12/12 53/53/53 54/54/54
f 12/12/12 54/54/54 13/13/13
f 13/13/13 54/54/54 55/55/55
f 13/13/13 55/55/55 14/14/14
f 14/14/14 55/55/55 56/56/56
f 14/14/14 56/56/56 15/15/15
f 15/15/15 56/56/56 57/57/57
f 15/15/15 57/57/57 16/16/16
f 16/16/16 57/57/57 58/58/58
f 16/16/16 58/58/58 17/17/17
f 17/17/17 58/58/58 59/59/59
f 17/17/17 59/59/59 18/18/18
f 18/18/18 59/59/59 60/60/60
f 18/18/18 60/60/60 19/19/19
f 19/19/19 60/60/60 61/61/61
f 19/19/19 61/61/61 20/20/20
f 20/20/20 61/61/61 62/62/62
f 20/20/20 62/62/62 21/21/21
f 21/21/21 62/62/62 63/63/63
f 21/21/21 63/63/63 22/22/22
f 22/22/22 63/63/63 64/64/64
f 22/22/22 64/64/64 23/23/23
f 23/23/23 64/64/64 65/65/65
f 23/23/23 65/65/65 24/24/24
f 24/24/24 65/65/65 66/66/66
f 24/24/24 66/66/66 25/25/25
f 25/25/25 66/66/66 67/67/67
f 25/25/25 67/67/67 26/26/26
f 26/26/26 67/67/67 68/68/68
f 26/26/26 68/68/68 27/27/27
f 27/27/27 68/68/68 69/69/69
f 27/27/27 69/69/69 28/28/28
f 28/28/28 69/69/69 70/70/70
f 28/28/28 70/70/70 29/29/29
f 29/29/29 70/70/70 71/71/71
f 29/29/29 71/71/71 30/30/30
f 30/30/30 71/71/71 72/72/72
f 30/30/30 72/72/72 31/31/31
f 31/31/31 72/72/72 73/73/73
f 31/31/31 73/73/73 32/32/32
f 32/32/32 73/73/73 74/74/74
f 32/32/32 74/74/74 33/33/33
f 33/33/33 74/74/74 75/75/75
f 33/33/33 75/75/75 34/34/34
f 34/34/34 75/75/75 76/76/76
f 34/34/34 76/76/76 35/35/35
f 35/35/35 76/76/76 77/77/77
f 35/35/35 77/77/77 36/36/36
f 36/36/36 77/77/77 78/78/78
f 36/36/36 78/78/78 37/37/37
f 37/37/37 78/78/78 79/79/79
f 37/37/37 79/79/79 38/38/38
f 38/38/38 79/79/79 80/80/80
f 38/38/38 80/80/80 39/39/39
f 39/39/39 80/80/80 81/81/81
f 39/39/39 81/81/81 40/40/40
f 40/40/40 81/81/81 82/82/82
f 40/40/40 82/82/82 41/41/41
f 42/42/42 83/83/83 84/84/84
f 42/42/42 84/84/84 43/43/43
f 43/43/43 84/84/84 85/85/85
f 43/43/43 85/85/85 44/44/44
f 44/44/44 85/85/85 86/86/86
f 44/44/44 86/86/86 45/45/45
f 45/45/45 86/86/86 87/87/87
f 45/45/45 87/87/87 46/46/46
f 46/46/46 87/87/87 88/88/88
f 46/46/46 88/88/88 47/47/47
f 47/47/47 88/88/88 89/89/89
f 47/47/47 89/89/89 48/48/48
f 48/48/48 89/89/89 90/90/90
f 48/48/48 90/90/90 49/49/49
f 49/49/49 90/90/90 91/91/91
f 49/49/49 91/91/91 50/50/50
f 50/50/50 91/91/91 92/92/92
f 50/50/50 92/92/92 51/51/51
f 51/51/51 92/92/92 93/93/93
f 51/51/51 93/93/93 52/52/52
f 52/52/52 93/93/93 94/94/94
f 52/52/52 94/94/94 53/53/53
f 53/53/53 94/94/94 95/95/95
f 53/53/53 95/95/95 54/54/54
f 54/54/54 95/95/95 96/96/96
f 54/54/54 96/96/96 55/55/55
f 55/55/55 96/96/96 97/97/97
f 55/55/55 97/97/97 56/56/56
f 56/56/56 97/97/97 98/98/98
f 56/56/56 98/98/98 57/57/57
f 57/57/57 98/98/98 99/99/99
f 57/57/57 99/99/99 58/58/58
f 58/58/58 99/99/99 100/100/100
f 58/58/58 100/100/100 59/59/59
f 59/59/59 100/100/100 101/101/101
f 59/59/59 101/101/101 60/60/60
f 60/60/60 101/101/101 102/102/102
f 60/60/60 102/102/102 61/61/61
f 61/61/61 102/102/102 103/103/103
f 61/61/61 103/103/103 62/62/62
f 62/62/62 103/103/103 104/104/104
f 62/62/62 104/104/104 63/63/63
f 63/63/63 104/104/104 105/105/105
f 63/63/63 105/105/105 64/64/64
f 64/64/64 105/105/105 106/106/106
f 64/64/64 106/106/106 65/65/65
f 65/65/65 106/106/106 107/107/107
f 65/65/65 107/107/107 66/66/66
f 66/66/66 107/107/107 108/108/108
f 66/66/66 108/108/108 67/67/67
f 67/67/67 108/108/108 109/109/109
f 67/67/67 109/109/109 68/68/68
f 68/68/68 109/109/109 110/110/110
f 68/68/68 110/110/110 69/69/69
f 69/69/69 110/110/110 111/111/111
f 69/69/69 111/111/111 70/70/70
f 70/70/70 111/111/111 112/112/112
f 70/70/70 112/112/112 71/71/71
f 71/71/71 112/112/112 113/113/113
f 71/71/71 113/113/113 72/72/72
f 72/72/72 113/113/113 114/114/114
f 72/72/72 114/114/114 73/73/73
f 73/73/73 114/114/114 115/115/115
f 73/73/73 115/115/115 74/74/74
f 74/74/74 115/115/115 116/116/116
f 74/74/74 116/116/116 75/75/75
f 75/75/75 116/116/116 117/117/117
f 75/75/75 117/117/117 76/76/76
f 76/76/76 117/117/117 118/118/118
f 76/76/76 118/118/118 77/77/77
f 77/77/77 118/118/118 119/119/119
f 77/77/77 119/119/119 78/78/78
f 78/78/78 119/119/119 120/120/120
f 78/78/78 120/120/120 79/79/79
f 79/79/79 120/120/120 121/121/121
f 79/79/79 121/121/121 80/80/80
f 80/80/80 121/121/121 122/122/122
f 80/80/80 122/122/122 81/81/81
f 81/81/81 122/122/122 123/123/123
f 81/81/81 123/123/123 82/82/82
f 83/83/83 124/124/124 125/125/125
f 83/83/83 125/125/125 84/84/84
f 84/84/84 125/125/125 126/126/126
f 84/84/84 126/126/126 85/85/85
f 85/85/85 126/126/126 127/127/127
f 85/85/85 127/127/127 86/86/86
f 86/86/86 127/127/127 128/128/128
f 86/86/86 128/128/128 87/87/87
f 87/87/87 128/128/128 129/129/129
f 87/87/87 129/129/129 88/88/88
f 88/88/88 129/129/129 130/130/130
f 88/88/88 130/130/130 89/89/89
f 89/89/89 130/130/130 131/131/131
f 89/89/89 131/131/131 90/90/90
f 90/90/90 131/131/131 132/132/132
f 90/90/90 132/132/132 91/91/91
f 91/91/91 132/132/132 133/133/133
f 91/91/91 133/133/133 92/92/92
f 92/92/92 133/133/133 134/134/134
f 92/92/92 134/134/134 93/93/93
f 93/93/93 134/134/134 135/135/135
f 93/93/93 135/135/135 94/94/94
f 94/94/94 135/135/135 136/136/136
f 94/94/94 136/136/136 95/95/95
f 95/95/95 136/136/136 137/137/137
f 95/95/95 137/137/137 96/96/96
f 96/96/96 137/137/137 138/138/138
f 96/96/96 138/138/138 97/97/97
f 97/97/97 138/138/138 139/139/139
f 97/97/97 139/139/139 98/98/98
f 98/98/98 139/139/139 140/140/140
f 98/98/98 140/140/140 99/99/99
f 99/99/99 140/140/140 141/141/141
f 99/99/99 141/141/141 100/100/100
f 100/100/100 141/141/141 142/142/142
f 100/100/100 142/142/142 101/101/101
f 101/101/101 142/142/142 143/143/143
f 101/101/101 143/143/143 102/102/102
f 102/102/102 143/143/143 144/144/144
f 102/102/102 144/144/144 103/103/103
f 103/103/103 144/144/144 145/145/145
f 103/103/103 145/145/145 104/104/104
f 104/104/104 145/145/145 146/146/146
f 104/104/104 146/146/146 105/105/105
f 105/105/105 146/146/146 147/147/147
f 105/105/105 147/147/147 106/106/106
f 106/106/106 147/147/147 148/148/148
f 106/106/106 148/148/148 107/107/107
f 107/107/107 148/148/148 149/149/149
f 107/107/107 149/149/149 108/108/108
f 108/108/108 149/149/149 150/150/150
f 108/108/108 150/150/150 109/109/109
f 109/109/109 150/150/150 151/151/151
f 109/109/109 151/151/151 110/110/110
f 110/110/110 151/151/151 152/152/152
f 110/110/110 152/152/152 111/111/111
f 111/111/111 152/152/152 153/153/153
f 111/111/111 153/153/153 112/112/112
f 112/112/112 153/153/153 154/154/154
f 112/112/112 154/154/154 113/113/113
f 113/113/113 154/154/154 155/155/155
f 113/113/113 155/155/155 114/114/114
f 114/114/114 155/155/155 156/156/156
f 114/114/114 156/156/156 115/115/115
f 115/115/115 156/156/156 157/157/157
f 115/115/115 157/157/157 116/116/116
f 116/116/116 157/157/157 158/158/158
f 116/116/116 158/158/158 117/117/117
f 117/117/117 158/158/158 159/159/159
f 117/117/117 159/159/159 118/118/118
f 118/118/118 159/159/159 160/160/160
f 118/118/118 160/160/160 119/119/119
f 119/119/119 160/160/160 161/161/161
f 119/119/119 161/161/161 120/120/120
f 120/120/120 161/161/161 162/162/162
f 120/120/120 162/162/162 121/121/121
f 121/121/121 162/162/162 163/163/163
f 121/121/121 163/163/163 122/122/122
f 122/122/122 163/163/163 164/164/164
f 122/122/122 164/164/164 123/123/123
f 124/124/124 165/165/165 166/166/166
f 124/124/124 166/166/166 125/125/125
f 125/125/125 166/166/166 167/167/167
f 125/125/125 167/167/167 126/126/126
f 126/126/126 167/167/167 168/168/168
f 126/126/126 168/168/168 127/127/127
f 127/127/127 168/168/168 169/169/169
f 127/127/127 169/169/169 128/128/128
f 128/128/128 169/169/169 170/170/170
f 128/128/128 170/170/170 129/129/129
f 129/129/129 170/170/170 171/171/171
f 129/129/129 171/171/171 130/130/130
f 130/130/130 171/171/171 172/172/172
f 130/130/130 172/172/172 131/131/131
f 131/131/131 172/172/172 173/173/173
f 131/131/131 173/173/173 132/132/132
f 132/132/132 173/173/173 174/174/174
f 132/132/132 174/174/174 133/133/133
f 133/133/133 174/174/174 175/175/175
f 133/133/133 175/175/175 134/134/134
f 134/134/134 175/175/175 176/176/176
f 134/134/134 176/176/176 135/135/135
f 135/135/135 176/176/176 177/177/177
f 135/135/135 177/177/177 136/136/136
f 136/136/136 177/177/177 178/178/178
f 136/136/136 178/178/178 137/137/137
f 137/137/137 178/178/178 179/179/179
f 137/137/137 179/179/179 138/138/138
f 138/138/138 179/179/179 180/180/180
f 138/138/138 180/180/180 139/139/139
f 139/139/139 180/180/180 181/181/181
f 139/139/139 181/181/181 140/140/140
f 140/140/140 181/181/181 182/182/182
f 140/140/140 182/182/182 141/141/141
f 141/141/141 182/182/182 183/183/183
f 141/141/141 183/183/183 142/142/142
f 142/142/142 183/183/183 184/184/184
f 142/142/142 184/184/184 143/143/143
f 143/143/143 184/184/184 185/185/185
f 143/143/143 185/185/185 144/144/144
f 144/144/144 185/185/185 186/186/186
f 144/144/144 186/186/186 145/145/145
f 145/145/145 186/186/186 187/187/187
f 145/145/145 187/187/187 146/146/146
f 146/146/146 187/187/187 188/188/188
f 146/146/146 188/188/188 147/147/147
f 147/147/147 188/188/188 189/189/189
f 147/147/147 189/189/189 148/148/148
f 148/148/148 189/189/189 190/190/190
f 148/148/148 190/190/190 149/149/149
f 149/149/149 190/190/190 191/191/191
f 149/149/149 191/191/191 150/150/150
f 150/150/150 191/191/191 192/192/192
f 150/150/150 192/192/192 151/151/151
f 151/151/151 192/192/192 193/193/193
f 151/151/151 193/193/193 152/152/152
f 152/152/152 193/193/193 194/194/194
f 152/152/152 194/194/194 153/153/153
f 153/153/153 194/194/194 195/195/195
f 153/153/153 195/195/195 154/154/154
f 154/154/154 195/195/195 196/196/196
f 154/154/154 196/196/196 155/155/155
f 155/155/155 196/196/196 197/197/197
f 155/155/155 197/197/197 156/156/156
f 156/156/156 197/197/197 198/198/198
f 156/156/156 198/198/198 157/157/157
f 157/157/157 198/198/198 199/199/199
f 157/157/157 199/199/199 158/158/158
f 158/158/158 199/199/199 200/200/200
f 158/158/158 200/200/200 159/159/159
f 159/159/159 200/200/200 201/201/201
f 159/159/159 201/201/201 160/160/160
f 160/160/160 201/201/201 202/202/202
f 160/160/160 202/202/202 161/161/161
f 161/161/161 202/202/202 203/203/203
f 161/161/161 203/203/203 162/162/162
f 162/162/162 203/203/203 204/204/204
f 162/162/162 204/204/204 163/163/163
f 163/163/163 204/204/204 205/205/205
f 163/163/163 205/205/205 164/164/164
f 165/165/165 206/206/206 207/207/207
f 165/165/165 207/207/207 166/166/166
f 166/166/166 207/207/207 208/208/208
f 166/166/166 208/208/208 167/167/167
f 167/167/167 208/208/208 209/209/209
f 167/167/167 209/209/209 168/168/168
f 168/168/168 209/209/209 210/210/210
f 168/168/168 210/210/210 169/169/169
f 169/169/169 210/210/210 211/211/211
f 169/169/169 211/211/211 170/170/170
f 170/170/170 211/211/211 212/212/212
f 170/170/170 212/212/212 171/171/171
f 171/171/171 212/212/212 213/213/213
f 171/171/171 213/213/213 172/172/172
f 172/172/172 213/213/213 214/214/214
f 172/172/172 214/214/214 173/173/173
f 173/173/173 214/214/214 215/215/215
f 173/173/173 215/215/215 174/174/174
f 174/174/174 215/215/215 216/216/216
f 174/174/174 216/216/216 175/175/175
f 175/175/175 216/216/216 217/217/217
f 175/175/175 217/217/217 176/176/176
f 176/176/176 217/217/217 218/218/218
f 176/176/176 218/218/218 177/177/177
f 177/177/177 218/218/218 219/219/219
f 177/177/177 219/219/219 178/178/178
f 178/178/178 219/219/219 220/220/220
f 178/178/178 220/220/220 179/179/179
f 179/179/179 220/220/220 221/221/221
f 179/179/179 221/221/221 180/180/180
f 180/180/180 221/221/221 222/222/222
f 180/180/180 222/222/222 181/181/181
f 181/181/181 222/222/222 223/223/223
f 181/181/181 223/223/223 182/182/182
f 182/182/182 223/223/223 224/224/224
f 182/182/182 224/224/224 183/183/183
f 183/183/183 224/224/224 225/225/225
f 183/183/183 225/225/225 184/184/184
f 184/184/184 225/225/225 226/226/226
f 184/184/184 226/226/226 185/185/185
f 185/185/185 226/226/226 227/227/227
f 185/185/185 227/227/227 186/186/186
f 186/186/186 227/227/227 228/228/228
f 186/186/186 228/228/228 187/187/187
f 187/187/187 228/228/228 229/229/229
f 187/187/187 229/229/229 188/188/188
f 188/188/188 229/229/229 230/230/230
f 188/188/188 230/230/230 189/189/189
f 189/189/189 230/230/230 231/231/231
f 189/189/189 231/231/231 190/190/190
f 190/190/190 231/231/231 232/232/232
f 190/190/190 232/232/232 191/191/191
f 191/191/191 232/232/232 233/233/233
f 191/191/191 233/233/233 192/192/192
f 192/192/192 233/233/233 234/234/234
f 192/192/192 234/234/234 193/193/193
f 193/193/193 234/234/234 235/235/235
f 193/193/193 235/235/235 194/194/194
f 194/194/194 235/235/235 236/236/236
f 194/194/194 236/236/236 195/195/195
f 195/195/195 236/236/236 237/237/237
f 195/195/195 237/237/237 196/196/196
f 196/196/196 237/237/237 238/238/238
f 196/196/196 238/238/238 197/197/197
f 197/197/197 238/238/238 239/239/239
f 197/197/197 239/239/239 198/198/198
f 198/198/198 239/239/239 240/240/240
f 198/198/198 240/240/240 199/199/199
f 199/199/199 240/240/240 241/241/241
f 199/199/199 241/241/241 200/200/200
f 200/200/200 241/241/241 242/242/242
f 200/200/200 242/242/242 201/201/201
f 201/201/201 242/242/242 243/243/243
f 201/201/201 243/243/243 202/202/202
f 202/202/202 243/243/243 244/244/244
f 202/202/202 244/244/244 203/203/203
f 203/203/203 244/244/244 245/245/245
f 203/203/203 245/245/245 204/204/204
f 204/204/204 245/245/245 246/246/246
f 204/204/204 246/246/246 205/205/205
f 206/206/206 247/247/247 248/248/248
f 206/206/206 248/248/248 207/207/207
f 207/207/207 248/248/248 249/249/249
f 207/207/207 249/249/249 208/208/208
f 208/208/208 249/249/249 250/250/250
f 208/208/208 250/250/250 209/209/209
f 209/209/209 250/250/250 251/251/251
f 209/209/209 251/251/251 210/210/210
f 210/210/210 251/251/251 252/252/252
f 210/210/210 252/252/252 211/211/211
f 211/211/211 252/252/252 253/253/253
f 211/211/211 253/253/253 212/212/212
f 212/212/212 253/253/253 254/254/254
f 212/212/212 254/254/254 213/213/213
f 213/213/213 254/254/254 255/255/255
f 213/213/213 255/255/255 214/214/214
f 214/214/214 255/255/255 256/256/256
f 214/214/214 256/256/256 215/215/215
f 215/215/215 256/256/256 257/257/257
f 215/215/215 257/257/257 216/216/216
f 216/216/216 257/257/257 258/258/258
f 216/216/216 258/258/258 217/217/217
f 217/217/217 258/258/258 259/259/259
f 217/217/217 259/259/259 218/218/218
f 218/218/218 259/259/259 260/260/260
f 218/218/218 260/260/260 219/219/219
f 219/219/219 260/260/260 261/261/261
f 219/219/219 261/261/261 220/220/220
f 220/220/220 261/261/261 262/262/262
f 220/220/220 262/262/262 221/221/221
f 221/221/221 262/262/262 263/263/263
f 221/221/221 263/263/263 222/222/222
f 222/222/222 263/263/263 264/264/264
f 222/222/222 264/264/264 223/223/223
f 223/223/223 264/264/264 265/265/265
f 223/223/223 265/265/265 224/224/224
f 224/224/224 265/265/265 266/266/266
f 224/224/224 266/266/266 225/225/225
f 225/225/225 266/266/266 267/267/267
f 225/225/225 267/267/267 226/226/226
f 226/226/226 267/267/267 268/268/268
f 226/226/226 268/268/268 227/227/227
f 227/227/227 268/268/268 269/269/269
f 227/227/227 269/269/269 228/228/228
f 228/228/228 269/269/269 270/270/270
f 228/228/228 270/270/270 229/229/229
f 229/229/229 270/270/270 271/271/271
f 229/229/229 271/271/271 230/230/230
f 230/230/230 271/271/271 272/272/272
f 230/230/230 272/272/272 231/231/231
f 231/231/231 272/272/272 273/273/273
f 231/231/231 273/273/273 232/232/232
f 232/232/232 273/273/273 274/274/274
f 232/232/232 274/274/274 233/233/233
f 233/233/233 274/274/274 275/275/275
f 233/233/233 275/275/275 234/234/234
f 234/234/234 275/275/275 276/276/276
f 234/234/234 276/276/276 235/235/235
f 235/235/235 276/276/276 277/277/277
f 235/235/235 277/277/277 236/236/236
f 236/236/236 277/277/277 278/278/278
f 236/236/236 278/278/278 237/237/237
f 237/237/237 278/278/278 279/279/279
f 237/237/237 279/279/279 238/238/238
f 238/238/238 279/279/279 280/280/280
f 238/238/238 280/280/280 239/239/239
f 239/239/239 280/280/280 281/281/281
f 239/239/239 281/281/281 240/240/240
f 240/240/240 281/281/281 282/282/282
f 240/240/240 282/282/282 241/241/241
f 241/241/241 282/282/282 283/283/283
f 241/241/241 283/283/283 242/242/242
f 242/242/242 283/283/283 284/284/284
f 242/242/242 284/284/284 243/243/243
f 243/243/243 284/284/284 285/285/285
f 243/243/243 285/285/285 244/244/244
f 244/244/244 285/285/285 286/286/286
f 244/244/244 286/286/286 245/245/245
f 245/245/245 286/286/286 287/287/287
f 245/245/245 287/287/287 246/246/246
f 247/247/247 288/288/288 289/289/289
f 247/247/247 289/289/289 248/248/248
f 248/248/248 289/289/289 290/290/290
f 248/248/248 290/290/290 249/249/249
f 249/249/249 290/290/290 291/291/291
f 249/249/249 291/291/291 250/250/250
f 250/250/250 291/291/291 292/292/292
f 250/250/250 292/292/292 251/251/251
f 251/251/251 292/292/292 293/293/293
f 251/251/251 293/293/293 252/252/252
f 252/252/252 293/293/293 294/294/294
f 252/252/252 294/294/294 253/253/253
f 253/253/253 294/294/294 295/295/295
f 253/253/253 295/295/295 254/254/254
f 254/254/254 295/295/295 296/296/296
f 254/254/254 296/296/296 255/255/255
f 255/255/255 296/296/296 297/297/297
f 255/255/255 297/297/297 256/256/256
f 256/256/256 297/297/297 298/298/298
f 256/256/256 298/298/298 257/257/257
f 257/257/257 298/298/298 299/299/299
f 257/257/257 299/299/299 258/258/258
f 258/258/258 299/299/299 300/300/300
f 258/258/258 300/300/300 259/259/259
f 259/259/259 300/300/300 301/301/301
f 259/259/259 301/301/301 260/260/260
f 260/260/260 301/301/301 302/302/302
f 260/260/260 302/302/302 261/261/261
f 261/261/261 302/302/302 303/303/303
f 261/261/261 303/303/303 262/262/262
f 262/262/262 303/303/303 304/304/304
f 262/262/262 304/304/304 263/263/263
f 263/263/263 304/304/304 305/305/305
f 263/263/263 305/305/305 264/264/264
f 264/264/264 305/305/305 306/306/306
f 264/264/264 306/306/306 265/265/265
f 265/265/265 306/306/306 307/307/307
f 265/265/265 307/307/307 266/266/266
f 266/266/266 307/307/307 308/308/308
f 266/266/266 308/308/308 267/267/267
f 267/267/267 308/308/308 309/309/309
f 267/267/267 309/309/309 268/268/268
f 268/268/268 309/309/309 310/310/310
f 268/268/268 310/310/310 269/269/269
f 269/269/269 310/310/310 311/311/311
f 269/269/269 311/311/311 270/270/270
f 270/270/270 311/311/311 312/312/312
f 270/270/270 312/312/312 271/271/271
f 271/271/271 312/312/312 313/313/313
f 271/271/271 313/313/313 272/272/272
f 272/272/272 313/313/313 314/314/314
f 272/272/272 314/314/314 273/273/273
f 273/273/273 314/314/314 315/315/315
f 273/273/273 315/315/315 274/274/274
f 274/274/274 315/315/315 316/316/316
f 274/274/274 316/316/316 275/275/275
f 275/275/275 316/316/316 317/317/317
f 275/275/275 317/317/317 276/276/276
f 276/276/276 317/317/317 318/318/318
f 276/276/276 318/318/318 277/277/277
f 277/277/277 318/318/318 319/319/319
f 277/277/277 319/319/319 278/278/278
f 278/278/278 319/319/319 320/320/320
f 278/278/278 320/320/320 279/279/279
f 279/279/279 320/320/320 321/321/321
f 279/279/279 321/321/321 280/280/280
f 280/280/280 321/321/321 322/322/322
f 280/280/280 322/322/322 281/281/281
f 281/281/281 322/322/322 323/323/323
f 281/281/281 323/323/323 282/282/282
f 282/282/282 323/323/323 324/324/324
f 282/282/282 324/324/324 283/283/283
f 283/283/283 324/324/324 325/325/325
f 283/283/283 325/325/325 284/284/284
f 284/284/284 325/325/325 326/326/326
f 284/284/284 326/326/326 285/285/285
f 285/285/285 326/326/326 327/327/327
f 285/285/285 327/327/327 286/286/286
f 286/286/286 327/327/327 328/328/328
f 286/286/286 328/328/328 287/287/287
f 288/288/288 329/329/329 330/330/330
f 288/288/288 330/330/330 289/289/289
f 289/289/289 330/330/330 331/331/331
f 289/289/289 331/331/331 290/290/290
f 290/290/290 331/331/331 332/332/332
f 290/290/290 332/332/332 291/291/291
f 291/291/291 332/332/332 333/333/333
f 291/291/291 333/333/333 292/292/292
f 292/292/292 333/333/333 334/334/334
f 292/292/292 334/334/334 293/293/293
f 293/293/293 334/334/334 335/335/335
f 293/293/293 335/335/335 294/294/294
f 294/294/294 335/335/335 336/336/336
f 294/294/294 336/336/336 295/295/295
f 295/295/295 336/336/336 337/337/337
f 295/295/295 337/337/337 296/296/296
f 296/296/296 337/337/337 338/338/338
f 296/296/296 338/338/338 297/297/297
f 297/297/297 338/338/338 339/339/339
f 297/297/297 339/339/339 298/298/298
f 298/298/298 339/339/339 340/340/340
f 298/298/298 340/340/340 299/299/299
f 299/299/299 340/340/340 341/341/341
f 299/299/299 341/341/341 300/300/300
f 300/300/300 341/341/341 342/342/342
f 300/300/300 342/342/342 301/301/301
f 301/301/301 342/342/342 343/343/343
f 301/301/301 343/343/343 302/302/302
f 302/302/302 343/343/343 344/344/344
f 302/302/302 344/344/344 303/303/303
f 303/303/303 344/344/344 345/345/345
f 303/303/303 345/345/345 304/304/304
f 304/304/304 345/345/345 346/346/346
f 304/304/304 346/346/346 305/305/305
f 305/305/305 346/346/346 347/347/347
f 305/305/305 347/347/347 306/306/306
f 306/306/306 347/347/347 348/348/348
f 306/306/306 348/348/348 307/307/307
f 307/307/307 348/348/348 349/349/349
f 307/307/307 349/349/349 308/308/308
f 308/308/308 349/349/349 350/350/350
f 308/308/308 350/350/350 309/309/309
f 309/309/309 350/350/350 351/351/351
f 309/309/309 351/351/351 310/310/310
f 310/310/310 351/351/351 352/352/352
f 310/310/310 352/352/352 311/311/311
f 311/311/311 352/352/352 353/353/353
f 311/311/311 353/353/353 312/312/312
f 312/312/312 353/353/353 354/354/354
f 312/312/312 354/354/354 313/313/313
f 313/313/313 354/354/354 355/355/355
f 313/313/313 355/355/355 314/314/314
f 314/314/314 355/355/355 356/356/356
f 314/314/314 356/356/356 315/315/315
f 315/315/315 356/356/356 357/357/357
f 315/315/315 357/357/357 316/316/316
f 316/316/316 357/357/357 358/358/358
f 316/316/316 358/358/358 317/317/317
f 317/317/317 358/358/358 359/359/359
f 317/317/317 359/359/359 318/318/318
f 318/318/318 359/359/359 360/360/360
f 318/318/318 360/360/360 319/319/319
f 319/319/319 360/360/360 361/361/361
f 319/319/319 361/361/361 320/320/320
f 320/320/320 361/361/361 362/362/362
f 320/320/320 362/362/362 321/321/321
f 321/321/321 362/362/362 363/363/363
f 321/321/321 363/363/363 322/322/322
f 322/322/322 363/363/363 364/364/364
f 322/322/322 364/364/364 323/323/323
f 323/323/323 364/364/364 365/365/365
f 323/323/323 365/365/365 324/324/324
f 324/324/324 365/365/365 366/366/366
f 324/324/324 366/366/366 325/325/325
f 325/325/325 366/366/366 367/367/367
f 325/325/325 367/367/367 326/326/326
f 326/326/326 367/367/367 368/368/368
f 326/326/326 368/368/368 327/327/327
f 327/327/327 368/368/368 369/369/369
f 327/327/327 369/369/369 328/328/328
f 329/329/329 370/370/370 371/371/371
f 329/329/329 371/371/371 330/330/330
f 330/330/330 371/371/371 372/372/372
f 330/330/330 372/372/372 331/331/331
f 331/331/331 372/372/372 373/373/373
f 331/331/331 373/373/373 332/332/332
f 332/332/332 373/373/373 374/374/374
f 332/332/332 374/374/374 333/333/333
f 333/333/333 374/374/374 375/375/375
f 333/333/333 375/375/375 334/334/334
f 334/334/334 375/375/375 376/376/376
f 334/334/334 376/376/376 335/335/335
f 335/335/335 376/376/376 377/377/377
f 335/335/335 377/377/377 336/336/336
f 336/336/336 377/377/377 378/378/378
f 336/336/336 378/378/378 337/337/337
f 337/337/337 378/378/378 379/379/379
f 337/337/337 379/379/379 338/338/338
f 338/338/338 379/379/379 380/380/380
f 338/338/338 380/380/380 339/339/339
f 339/339/339 380/380/380 381/381/381
f 339/339/339 381/381/381 340/340/340
f 340/340/340 381/381/381 382/382/382
f 340/340/340 382/382/382 341/341/341
f 341/341/341 382/382/382 383/383/383
f 341/341/341 383/383/383 342/342/342
f 342/342/342 383/383/383 384/384/384
f 342/342/342 384/384/384 343/343/343
f 343/343/343 384/384/384 385/385/385
f 343/343/343 385/385/385 344/344/344
f 344/344/344 385/385/385 386/386/386
f 344/344/344 386/386/386 345/345/345
f 345/345/345 386/386/386 387/387/387
f 345/345/345 387/387/387 346/346/346
f 346/346/346 387/387/387 388/388/388
f 346/346/346 388/388/388 347/347/347
f 347/347/347 388/388/388 389/389/389
f 347/347/347 389/389/389 348/348/348
f 348/348/348 389/389/389 390/390/390
f 348/348/348 390/390/390 349/349/349
f 349/349/349 390/390/390 391/391/391
f 349/349/349 391/391/391 350/350/350
f 350/350/350 391/391/391 392/392/392
f 350/350/350 392/392/392 351/351/351
f 351/351/351 392/392/392 393/393/393
f 351/351/351 393/393/393 352/352/352
f 352/352/352 393/393/393 394/394/394
f 352/352/352 394/394/394 353/353/353
f 353/353/353 394/394/394 395/395/395
f 353/353/353 395/395/395 354/354/354
f 354/354/354 395/395/395 396/396/396
f 354/354/354 396/396/396 355/355/355
f 355/355/355 396/396/396 397/397/397
f 355/355/355 397/397/397 356/356/356
f 356/356/356 397/397/397 398/398/398
f 356/356/356 398/398/398 357/357/357
f 357/357/357 398/398/398 399/399/399
f 357/357/357 399/399/399 358/358/358
f 358/358/358 399/399/399 400/400/400
f 358/358/358 400/400/400 359/359/359
f 359/359/359 400/400/400 401/401/401
f 359/359/359 401/401/401 360/360/360
f 360/360/360 401/401/401 402/402/402
f 360/360/360 402/402/402 361/361/361
f 361/361/361 402/402/402 403/403/403
f 361/361/361 403/403/403 362/362/362
f 362/362/362 403/403/403 404/404/404
f 362/362/362 404/404/404 363/363/363
f 363/363/363 404/404/404 405/405/405
f 363/363/363 405/405/405 364/364/364
f 364/364/364 405/405/405 406/406/406
f 364/364/364 406/406/406 365/365/365
f 365/365/365 406/406/406 407/407/407
f 365/365/365 407/407/407 366/366/366
f 366/366/366 407/407/407 408/408/408
f 366/366/366 408/408/408 367/367/367
f 367/367/367 408/408/408 409/409/409
f 367/367/367 409/409/409 368/368/368
f 368/368/368 409/409/409 410/410/410
f 368/368/368 410/410/410 369/369/369
f 370/370/370 411/411/411 412/412/412
f 370/370/370 412/412/412 371/371/371
f 371/371/371 412/412/412 413/413/413
f 371/371/371 413/413/413 372/372/372
f 372/372/372 413/413/413 414/414/414
f 372/372/372 414/414/414 373/373/373
f 373/373/373 414/414/414 415/415/415
f 373/373/373 415/415/415 374/374/374
f 374/374/374 415/415/415 416/416/416
f 374/374/374 416/416/416 375/375/375
f 375/375/375 416/416/416 417/417/417
f 375/375/375 417/417/417 376/376/376
f 376/376/376 417/417/417 418/418/418
f 376/376/376 418/418/418 377/377/377
f 377/377/377 418/418/418 419/419/419
f 377/377/377 419/419/419 378/378/378
f 378/378/378 419/419/419 420/420/420
f 378/378/378 420/420/420 379/379/379
f 379/379/379 420/420/420 421/421/421
f 379/379/379 421/421/421 380/380/380
f 380/380/380 421/421/421 422/422/422
f 380/380/380 422/422/422 381/381/381
f 381/381/381 422/422/422 423/423/423
f 381/381/381 423/423/423 382/382/382
f 382/382/382 423/423/423 424/424/424
f 382/382/382 424/424/424 383/383/383
f 383/383/383 424/424/424 425/425/425
f 383/383/383 425/425/425 384/384/384
f 384/384/384 425/425/425 426/426/426
f 384/384/384 426/426/426 385/385/385
f 385/385/385 426/426/426 427/427/427
f 385/385/385 427/427/427 386/386/386
f 386/386/386 427/427/427 428/428/428
f 386/386/386 428/428/428 387/387/387
f 387/387/387 428/428/428 429/429/429
f 387/387/387 429/429/429 388/388/388
f 388/388/388 429/429/429 430/430/430
f 388/388/388 430/430/430 389/389/389
f 389/389/389 430/430/430 431/431/431
f 389/389/389 431/431/431 390/390/390
f 390/390/390 431/431/431 432/432/432
f 390/390/390 432/432/432 391/391/391
f 391/391/391 432/432/432 433/433/433
f 391/391/391 433/433/433 392/392/392
f 392/392/392 433/433/433 434/434/434
f 392/392/392 434/434/434 393/393/393
f 393/393/393 434/434/434 435/435/435
f 393/393/393 435/435/435 394/394/394
f 394/394/394 435/435/435 436/436/436
f 394/394/394 436/436/436 395/395/395
f 395/395/395 436/436/436 437/437/437
f 395/395/395 437/437/437 396/396/396
f 396/396/396 437/437/437 438/438/438
f 396/396/396 438/438/438 397/397/397
f 397/397/397 438/438/438 439/439/439
f 397/397/397 439/439/439 398/398/398
f 398/398/398 439/439/439 440/440/440
f 398/398/398 440/440/440 399/399/399
f 399/399/399 440/440/440 441/441/441
f 399/399/399 441/441/441 400/400/400
f 400/400/400 441/441/441 442/442/442
f 400/400/400 442/442/442 401/401/401
f 401/401/401 442/442/442 443/443/443
f 401/401/401 443/443/443 402/402/402
f 402/402/402 443/443/443 444/444/444
f 402/402/402 444/444/444 403/403/403
f 403/403/403 444/444/444 445/445/445
f 403/403/403 445/445/445 404/404/404
f 404/404/404 445/445/445 446/446/446
f 404/404/404 446/446/446 405/405/405
f 405/405/405 446/446/446 447/447/447
f 405/405/405 447/447/447 406/406/406
f 406/406/406 447/447/447 448/448/448
f 406/406/406 448/448/448 407/407/407
f 407/407/407 448/448/448 449/449/449
f 407/407/407 449/449/449 408/408/408
f 408/408/408 449/449/449 450/450/450
f 408/408/408 450/450/450 409/409/409
f 409/409/409 450/450/450 451/451/451
f 409/409/409 451/451/451 410/410/410
f 411/411/411 452/452/452 453/453/453
f 411/411/411 453/453/453 412/412/412
f 412/412/412 453/453/453 454/454/454
f 412/412/412 454/454/454 413/413/413
f 413/413/413 454/454/454 455/455/455
f 413/413/413 455/455/455 414/414/414
f 414/414/414 455/455/455 456/456/456
f 414/414/414 456/456/456 415/415/415
f 415/415/415 456/456/456 457/457/457
f 415/415/415 457/457/457 416/416/416
f 416/416/416 457/457/457 458/458/458
f 416/416/416 458/458/458 417/417/417
f 417/417/417 458/458/458 459/459/459
f 417/417/417 459/459/459 418/418/418
f 418/418/418 459/459/459 460/460/460
f 418/418/418 460/460/460 419/419/419
f 419/419/419 460/460/460 461/461/461
f 419/419/419 461/461/461 420/420/420
f 420/420/420 461/461/461 462/462/462
f 420/420/420 462/462/462 421/421/421
f 421/421/421 462/462/462 463/463/463
f 421/421/421 463/463/463 422/422/422
f 422/422/422 463/463/463 464/464/464
f 422/422/422 464/464/464 423/423/423
f 423/423/423 464/464/464 465/465/465
f 423/423/423 465/465/465 424/424/424
f 424/424/424 465/465/465 466/466/466
f 424/424/424 466/466/466 425/425/425
f 425/425/425 466/466/466 467/467/467
f 425/425/425 467/467/467 426/426/426
f 426/426/426 467/467/467 468/468/468
f 426/426/426 468/468/468 427/427/427
f 427/427/427 468/468/468 469/469/469
f 427/427/427 469/469/469 428/428/428
f 428/428/428 469/469/469 470/470/470
f 428/428/428 470/470/470 429/429/429
f 429/429/429 470/470/470 471/471/471
f 429/429/429 471/471/471 430/430/430
f 430/430/430 471/471/471 472/472/472
f 430/430/430 472/472/472 431/431/431
f 431/431/431 472/472/472 473/473/473
f 431/431/431 473/473/473 432/432/432
f 432/432/432 473/473/473 474/474/474
f 432/432/432 474/474/474 433/433/433
f 433/433/433 474/474/474 475/475/475
f 433/433/433 475/475/475 434/434/434
f 434/434/434 475/475/475 476/476/476
f 434/434/434 476/476/476 435/435/435
f 435/435/435 476/476/476 477/477/477
f 435/435/435 477/477/477 436/436/436
f 436/436/436 477/477/477 478/478/478
f 436/436/436 478/478/478 437/437/437
f 437/437/437 478/478/478 479/479/479
f 437/437/437 479/479/479 438/438/438
f 438/438/438 479/479/479 480/480/480
f 438/438/438 480/480/480 439/439/439
f 439/439/439 480/480/480 481/481/481
f 439/439/439 481/481/481 440/440/440
f 440/440/440 481/481/481 482/482/482
f 440/440/440 482/482/482 441/441/441
f 441/441/441 482/482/482 483/483/483
f 441/441/441 483/483/483 442/442/442
f 442/442/442 483/483/483 484/484/484
f 442/442/442 484/484/484 443/443/443
f 443/443/443 484/484/484 485/485/485
f 443/443/443 485/485/485 444/444/444
f 444/444/444 485/485/485 486/486/486
f 444/444/444 486/486/486 445/445/445
f 445/445/445 486/486/486 487/487/487
f 445/445/445 487/487/487 446/446/446
f 446/446/446 487/487/487 488/488/488
f 446/446/446 488/488/488 447/447/447
f 447/447/447 488/488/488 489/489/489
f 447/447/447 489/489/489 448/448/448
f 448/448/448 489/489/489 490/490/490
f 448/448/448 490/490/490 449/449/449
f 449/449/449 490/490/490 491/491/491
f 449/449/449 491/491/491 450/450/450
f 450/450/450 491/491/491 492/492/492
f 450/450/450 492/492/492 451/451/451
f 452/452/452 493/493/493 494/494/494
f 452/452/452 494/494/494 453/453/453
f 453/453/453 494/494/494 495/495/495
f 453/453/453 495/495/495 454/454/454
f 454/454/454 495/495/495 496/496/496
f 454/454/454 496/496/496 455/455/455
f 455/455/455 496/496/496 497/497/497
f 455/455/455 497/497/497 456/456/456
f 456/456/456 497/497/497 498/498/498
f 456/456/456 498/498/498 457/457/457
f 457/457/457 498/498/498 499/499/499
f 457/457/457 499/499/499 458/458/458
f 458/458/458 499/499/499 500/500/500
f 458/458/458 500/500/500 459/459/459
f 459/459/459 500/500/500 501/501/501
f 459/459/459 501/501/501 460/460/460
f 460/460/460 501/501/501 502/502/502
f 460/460/460 502/502/502 461/461/461
f 461/461/461 502/502/502 503/503/503
f 461/461/461 503/503/503 462/462/462
f 462/462/462 503/503/503 504/504/504
f 462/462/462 504/504/504 463/463/463
f 463/463/463 504/504/504 505/505/505
f 463/463/463 505/505/505 464/464/464
f 464/464/464 505/505/505 506/506/506
f 464/464/464 506/506/506 465/465/465
f 465/465/465 506/506/506 507/507/507
f 465/465/465 507/507/507 466/466/466
f 466/466/466 507/507/507 508/508/508
f 466/466/466 508/508/508 467/467/467
f 467/467/467 508/508/508 509/509/509
f 467/467/467 509/509/509 468/468/468
f 468/468/468 509/509/509 510/510/510
f 468/468/468 510/510/510 469/469/469
f 469/469/469 510/510/510 511/511/511
f 469/469/469 511/511/511 470/470/470
f 470/470/470 511/511/511 512/512/512
f 470/470/470 512/512/512 471/471/471
f 471/471/471 512/512/512 513/513/513
f 471/471/471 513/513/513 472/472/472
f 472/472/472 513/513/513 514/514/514
f 472/472/472 514/514/514 473/473/473
f 473/473/473 514/514/514 515/515/515
f 473/473/473 515/515/515 474/474/474
f 474/474/474 515/515/515 516/516/516
f 474/474/474 516/516/516 475/475/475
f 475/475/475 516/516/516 517/517/517
f 475/475/475 517/517/517 476/476/476
f 476/476/476 517/517/517 518/518/518
f 476/476/476 518/518/518 477/477/477
f 477/477/477 518/518/518 519/519/519
f 477/477/477 519/519/519 478/478/478
f 478/478/478 519/519/519 520/520/520
f 478/478/478 520/520/520 479/479/479
f 479/479/479 520/520/520 521/521/521
f 479/479/479 521/521/521 480/480/480
f 480/480/480 521/521/521 522/522/522
f 480/480/480 522/522/522 481/481/481
f 481/481/481 522/522/522 523/523/523
f 481/481/481 523/523/523 482/482/482
f 482/482/482 523/523/523 524/524/524
f 482/482/482 524/524/524 483/483/483
f 483/483/483 524/524/524 525/525/525
f 483/483/483 525/525/525 484/484/484
f 484/484/484 525/525/525 526/526/526
f 484/484/484 526/526/526 485/485/485
f 485/485/485 526/526/526 527/527/527
f 485/485/485 527/527/527 486/486/486
f 486/486/486 527/527/527 528/528/528
f 486/486/486 528/528/528 487/487/487
f 487/487/487 528/528/528 529/529/529
f 487/487/487 529/529/529 488/488/488
f 488/488/488 529/529/529 530/530/530
f 488/488/488 530/530/530 489/489/489
f 489/489/489 530/530/530 531/531/531
f 489/489/489 531/531/531 490/490/490
f 490/490/490 531/531/531 532/532/532
f 490/490/490 532/532/532 491/491/491
f 491/491/491 532/532/532 533/533/533
f 491/491/491 533/533/533 492/492/492
f 493/493/493 534/534/534 535/535/535
f 493/493/493 535/535/535 494/494/494
f 494/494/494 535/535/535 536/536/536
f 494/494/494 536/536/536 495/495/495
f 495/495/495 536/536/536 537/537/537
f 495/495/495 537/537/537 496/496/496
f 496/496/496 537/537/537 538/538/538
f 496/496/496 538/538/538 497/497/497
f 497/497/497 538/538/538 539/539/539
f 497/497/497 539/539/539 498/498/498
f 498/498/498 539/539/539 540/540/540
f 498/498/498 540/540/540 499/499/499
f 499/499/499 540/540/540 541/541/541
f 499/499/499 541/541/541 500/500/500
f 500/500/500 541/541/541 542/542/542
f 500/500/500 542/542/542 501/501/501
f 501/501/501 542/542/542 543/543/543
f 501/501/501 543/543/543 502/502/502
f 502/502/502 543/543/543 544/544/544
f 502/502/502 544/544/544 503/503/503
f 503/503/503 544/544/544 545/545/545
f 503/503/503 545/545/545 504/504/504
f 504/504/504 545/545/545 546/546/546
f 504/504/504 546/546/546 505/505/505
f 505/505/505 546/546/546 547/547/547
f 505/505/505 547/547/547 506/506/506
f 506/506/506 547/547/547 548/548/548
f 506/506/506 548/548/548 507/507/507
f 507/507/507 548/548/548 549/549/549
f 507/507/507 549/549/549 508/508/508
f 508/508/508 549/549/549 550/550/550
f 508/508/508 550/550/550 509/509/509
f 509/509/509 550/550/550 551/551/551
f 509/509/509 551/551/551 510/510/510
f 510/510/510 551/551/551 552/552/552
f 510/510/510 552/552/552 511/511/511
f 511/511/511 552/552/552 553/553/553
f 511/511/511 553/553/553 512/512/512
f 512/512/512 553/553/553 554/554/554
f 512/512/512 554/554/554 513/513/513
f 513/513/513 554/554/554 555/555/555
f 513/513/513 555/555/555 514/514/514
f 514/514/514 555/555/555 556/556/556
f 514/514/514 556/556/556 515/515/515
f 515/515/515 556/556/556 557/557/557
f 515/515/515 557/557/557 516/516/516
f 516/516/516 557/557/557 558/558/558
f 516/516/516 558/558/558 517/517/517
f 517/517/517 558/558/558 559/559/559
f 517/517/517 559/559/559 518/518/518
f 518/518/518 559/559/559 560/560/560
f 518/518/518 560/560/560 519/519/519
f 519/519/519 560/560/560 561/561/561
f 519/519/519 561/561/561 520/520/520
f 520/520/520 561/561/561 562/562/562
f 520/520/520 562/562/562 521/521/521
f 521/521/521 562/562/562 563/563/563
f 521/521/521 563/563/563 522/522/522
f 522/522/522 563/563/563 564/564/564
f 522/522/522 564/564/564 523/523/523
f 523/523/523 564/564/564 565/565/565
f 523/523/523 565/565/565 524/524/524
f 524/524/524 565/565/565 566/566/566
f 524/524/524 566/566/566 525/525/525
f 525/525/525 566/566/566 567/567/567
f 525/525/525 567/567/567 526/526/526
f 526/526/526 567/567/567 568/568/568
f 526/526/526 568/568/568 527/527/527
f 527/527/527 568/568/568 569/569/569
f 527/527/527 569/569/569 528/528/528
f 528/528/528 569/569/569 570/570/570
f 528/528/528 570/570/570 529/529/529
f 529/529/529 570/570/570 571/571/571
f 529/529/529 571/571/571 530/530/530
f 530/530/530 571/571/571 572/572/572
f 530/530/530 572/572/572 531/531/531
f 531/531/531 572/572/572 573/573/573
f 531/531/531 573/573/573 532/532/532
f 532/532/532 573/573/573 574/574/574
f 532/532/532 574/574/574 533/533/533
f 534/534/534 575/575/575 576/576/576
f 534/534/534 576/576/576 535/535/535
f 535/535/535 576/576/576 577/577/577
f 535/535/535 577/577/577 536/536/536
f 536/536/536 577/577/577 578/578/578
f 536/536/536 578/578/578 537/537/537
f 537/537/537 578/578/578 579/579/579
f 537/537/537 579/579/579 538/538/538
f 538/538/538 579/579/579 580/580/580
f 538/538/538 580/580/580 539/539/539
f 539/539/539 580/580/580 581/581/581
f 539/539/539 581/581/581 540/540/540
f 540/540/540 581/581/581 582/582/582
f 540/540/540 582/582/582 541/541/541
f 541/541/541 582/582/582 583/583/583
f 541/541/541 583/583/583 542/542/542
f 542/542/542 583/583/583 584/584/584
f 542/542/542 584/584/584 543/543/543
f 543/543/543 584/584/584 585/585/585
f 543/543/543 585/585/585 544/544/544
f 544/544/544 585/585/585 586/586/586
f 544/544/544 586/586/586 545/545/545
f 545/545/545 586/586/586 587/587/587
f 545/545/545 587/587/587 546/546/546
f 546/546/546 587/587/587 588/588/588
f 546/546/546 588/588/588 547/547/547
f 547/547/547 588/588/588 589/589/589
f 547/547/547 589/589/589 548/548/548
f 548/548/548 589/589/589 590/590/590
f 548/548/548 590/590/590 549/549/549
f 549/549/549 590/590/590 591/591/591
f 549/549/549 591/591/591 550/550/550
f 550/550/550 591/591/591 592/592/592
f 550/550/550 592/592/592 551/551/551
f 551/551/551 592/592/592 593/593/593
f 551/551/551 593/593/593 552/552/552
f 552/552/552 593/593/593 594/594/594
f 552/552/552 594/594/594 553/553/553
f 553/553/553 594/594/594 595/595/595
f 553/553/553 595/595/595 554/554/554
f 554/554/554 595/595/595 596/596/596
f 554/554/554 596/596/596 555/555/555
f 555/555/555 596/596/596 597/597/597
f 555/555/555 597/597/597 556/556/556
f 556/556/556 597/597/597 598/598/598
f 556/556/556 598/598/598 557/557/557
f 557/557/557 598/598/598 599/599/599
f 557/557/557 599/599/599 558/558/558
f 558/558/558 599/599/599 600/600/600
f 558/558/558 600/600/600 559/559/559
f 559/559/559 600/600/600 601/601/601
f 559/559/559 601/601/601 560/560/560
f 560/560/560 601/601/601 602/602/602
f 560/560/560 602/602/602 561/561/561
f 561/561/561 602/602/602 603/603/603
f 561/561/561 603/603/603 562/562/562
f 562/562/562 603/603/603 604/604/604
f 562/562/562 604/604/604 563/563/563
f 563/563/563 604/604/604 605/605/605
f 563/563/563 605/605/605 564/564/564
f 564/564/564 605/605/605 606/606/606
f 564/564/564 606/606/606 565/565/565
f 565/565/565 606/606/606 607/607/607
f 565/565/565 607/607/607 566/566/566
f 566/566/566 607/607/607 608/608/608
f 566/566/566 608/608/608 567/567/567
f 567/567/567 608/608/608 609/609/609
f 567/567/567 609/609/609 568/568/568
f 568/568/568 609/609/609 610/610/610
f 568/568/568 610/610/610 569/569/569
f 569/569/569 610/610/610 611/611/611
f 569/569/569 611/611/611 570/570/570
f 570/570/570 611/611/611 612/612/612
f 570/570/570 612/612/612 571/571/571
f 571/571/571 612/612/612 613/613/613
f 571/571/571 613/613/613 572/572/572
f 572/572/572 613/613/613 614/614/614
f 572/572/572 614/614/614 573/573/573
f 573/573/573 614/614/614 615/615/615
f 573/573/573 615/615/615 574/574/574
f 575/575/575 616/616/616 617/617/617
f 575/575/575 617/617/617 576/576/576
f 576/576/576 617/617/617 618/618/618
f 576/576/576 618/618/618 577/577/577
f 577/577/577 618/618/618 619/619/619
f 577/577/577 619/619/619 578/578/578
f 578/578/578 619/619/619 620/620/620
f 578/578/578 620/620/620 579/579/579
f 579/579/579 620/620/620 621/621/621
f 579/579/579 621/621/621 580/580/580
f 580/580/580 621/621/621 622/622/622
f 580/580/580 622/622/622 581/581/581
f 581/581/581 622/622/622 623/623/623
f 581/581/581 623/623/623 582/582/582
f 582/582/582 623/623/623 624/624/624
f 582/582/582 624/624/624 583/583/583
f 583/583/583 624/624/624 625/625/625
f 583/583/583 625/625/625 584/584/584
f 584/584/584 625/625/625 626/626/626
f 584/584/584 626/626/626 585/585/585
f 585/585/585 626/626/626 627/627/627
f 585/585/585 627/627/627 586/586/586
f 586/586/586 627/627/627 628/628/628
f 586/586/586 628/628/628 587/587/587
f 587/587/587 628/628/628 629/629/629
f 587/587/587 629/629/629 588/588/588
f 588/588/588 629/629/629 630/630/630
f 588/588/588 630/630/630 589/589/589
f 589/589/589 630/630/630 631/631/631
f 589/589/589 631/631/631 590/590/590
f 590/590/590 631/631/631 632/632/632
f 590/590/590 632/632/632 591/591/591
f 591/591/591 632/632/632 633/633/633
f 591/591/591 633/633/633 592/592/592
f 592/592/592 633/633/633 634/634/634
f 592/592/592 634/634/634 593/593/593
f 593/593/593 634/634/634 635/635/635
f 593/593/593 635/635/635 594/594/594
f 594/594/594 635/635/635 636/636/636
f 594/594/594 636/636/636 595/595/595
f 595/595/595 636/636/636 637/637/637
f 595/595/595 637/637/637 596/596/596
f 596/596/596 637/637/637 638/638/638
f 596/596/596 638/638/638 597/597/597
f 597/597/597 638/638/638 639/639/639
f 597/597/597 639/639/639 598/598/598
f 598/598/598 639/639/639 640/640/640
f 598/598/598 640/640/640 599/599/599
f 599/599/599 640/640/640 641/641/641
f 599/599/599 641/641/641 600/600/600
f 600/600/600 641/641/641 642/642/642
f 600/600/600 642/642/642 601/601/601
f 601/601/601 642/642/642 643/643/643
f 601/601/601 643/643/643 602/602/602
f 602/602/602 643/643/643 644/644/644
f 602/602/602 644/644/644 603/603/603
f 603/603/603 644/644/644 645/645/645
f 603/603/603 645/645/645 604/604/604
f 604/604/604 645/645/645 646/646/646
f 604/604/604 646/646/646 605/605/605
f 605/605/605 646/646/646 647/647/647
f 605/605/605 647/647/647 606/606/606
f 606/606/606 647/647/647 648/648/648
f 606/606/606 648/648/648 607/607/607
f 607/607/607 648/648/648 649/649/649
f 607/607/607 649/649/649 608/608/608
f 608/608/608 649/649/649 650/650/650
f 608/608/608 650/650/650 609/609/609
f 609/609/609 650/650/650 651/651/651
f 609/609/609 651/651/651 610/610/610
f 610/610/610 651/651/651 652/652/652
f 610/610/610 652/652/652 611/611/611
f 611/611/611 652/652/652 653/653/653
f 611/611/611 653/653/653 612/612/612
f 612/612/612 653/653/653 654/654/654
f 612/612/612 654/654/654 613/613/613
f 613/613/613 654/654/654 655/655/655
f 613/613/613 655/655/655 614/614/614
f 614/614/614 655/655/655 656/656/656
f 614/614/614 656/656/656 615/615/615
f 616/616/616 657/657/657 658/658/658
f 616/616/616 658/658/658 617/617/617
f 617/617/617 658/658/658 659/659/659
f 617/617/617 659/659/659 618/618/618
f 618/618/618 659/659/659 660/660/660
f 618/618/618 660/660/660 619/619/619
f 619/619/619 660/660/660 661/661/661
f 619/619/619 661/661/661 620/620/620
f 620/620/620 661/661/661 662/662/662
f 620/620/620 662/662/662 621/621/621
f 621/621/621 662/662/662 663/663/663
f 621/621/621 663/663/663 622/622/622
f 622/622/622 663/663/663 664/664/664
f 622/622/622 664/664/664 623/623/623
f 623/623/623 664/664/664 665/665/665
f 623/623/623 665/665/665 624/624/624
f 624/624/624 665/665/665 666/666/666
f 624/624/624 666/666/666 625/625/625
f 625/625/625 666/666/666 667/667/667
f 625/625/625 667/667/667 626/626/626
f 626/626/626 667/667/667 668/668/668
f 626/626/626 668/668/668 627/627/627
f 627/627/627 668/668/668 669/669/669
f 627/627/627 669/669/669 628/628/628
f 628/628/628 669/669/669 670/670/670
f 628/628/628 670/670/670 629/629/629
f 629/629/629 670/670/670 671/671/671
f 629/629/629 671/671/671 630/630/630
f 630/630/630 671/671/671 672/672/672
f 630/630/630 672/672/672 631/631/631
f 631/631/631 672/672/672 673/673/673
f 631/631/631 673/673/673 632/632/632
f 632/632/632 673/673/673 674/674/674
f 632/632/632 674/674/674 633/633/633
f 633/633/633 674/674/674 675/675/675
f 633/633/633 675/675/675 634/634/634
f 634/634/634 675/675/675 676/676/676
f 634/634/634 676/676/676 635/635/635
f 635/635/635 676/676/676 677/677/677
f 635/635/635 677/677/677 636/636/636
f 636/636/636 677/677/677 678/678/678
f 636/636/636 678/678/678 637/637/637
f 637/637/637 678/678/678 679/679/679
f 637/637/637 679/679/679 638/638/638
f 638/638/638 679/679/679 680/680/680
f 638/638/638 680/680/680 639/639/639
f 639/639/639 680/680/680 681/681/681
f 639/639/639 681/681/681 640/640/640
f 640/640/640 681/681/681 682/682/682
f 640/640/640 682/682/682 641/641/641
f 641/641/641 682/682/682 683/683/683
f 641/641/641 683/683/683 642/642/642
f 642/642/642 683/683/683 684/684/684
f 642/642/642 684/684/684 643/643/643
f 643/643/643 684/684/684 685/685/685
f 643/643/643 685/685/685 644/644/644
f 644/644/644 685/685/685 686/686/686
f 644/644/644 686/686/686 645/645/645
f 645/645/645 686/686/686 687/687/687
f 645/645/645 687/687/687 646/646/646
f 646/646/646 687/687/687 688/688/688
f 646/646/646 688/688/688 647/647/647
f 647/647/647 688/688/688 689/689/689
f 647/647/647 689/689/689 648/648/648
f 648/648/648 689/689/689 690/690/690
f 648/648/648 690/690/690 649/649/649
f 649/649/649 690/690/690 691/691/691
f 649/649/649 691/691/691 650/650/650
f 650/650/650 691/691/691 692/692/692
f 650/650/650 692/692/692 651/651/651
f 651/651/651 692/692/692 693/693/693
f 651/651/651 693/693/693 652/652/652
f 652/652/652 693/693/693 694/694/694
f 652/652/652 694/694/694 653/653/653
f 653/653/653 694/694/694 695/695/695
f 653/653/653 695/695/695 654/654/654
f 654/654/654 695/695/695 696/696/696
f 654/654/654 696/696/696 655/655/655
f 655/655/655 696/696/696 697/697/697
f 655/655/655 697/697/697 656/656/656
f 657/657/657 698/698/698 699/699/699
f 657/657/657 699/699/699 658/658/658
f 658/658/658 699/699/699 700/700/700
f 658/658/658 700/700/700 659/659/659
f 659/659/659 700/700/700 701/701/701
f 659/659/659 701/701/701 660/660/660
f 660/660/660 701/701/701 702/702/702
f 660/660/660 702/702/702 661/661/661
f 661/661/661 702/702/702 703/703/703
f 661/661/661 703/703/703 662/662/662
f 662/662/662 703/703/703 704/704/704
f 662/662/662 704/704/704 663/663/663
f 663/663/663 704/704/704 705/705/705
f 663/663/663 705/705/705 664/664/664
f 664/664/664 705/705/705 706/706/706
f 664/664/664 706/706/706 665/665/665
f 665/665/665 706/706/706 707/707/707
f 665/665/665 707/707/707 666/666/666
f 666/666/666 707/707/707 708/708/708
f 666/666/666 708/708/708 667/667/667
f 667/667/667 708/708/708 709/709/709
f 667/667/667 709/709/709 668/668/668
f 668/668/668 709/709/709 710/710/710
f 668/668/668 710/710/710 669/669/669
f 669/669/669 710/710/710 711/711/711
f 669/669/669 711/711/711 670/670/670
f 670/670/670 711/711/711 712/712/712
f 670/670/670 712/712/712 671/671/671
f 671/671/671 712/712/712 713/713/713
f 671/671/671 713/713/713 672/672/672
f 672/672/672 713/713/713 714/714/714
f 672/672/672 714/714/714 673/673/673
f 673/673/673 714/714/714 715/715/715
f 673/673/673 715/715/715 674/674/674
f 674/674/674 715/715/715 716/716/716
f 674/674/674 716/716/716 675/675/675
f 675/675/675 716/716/716 717/717/717
f 675/675/675 717/717/717 676/676/676
f 676/676/676 717/717/717 718/718/718
f 676/676/676 718/718/718 677/677/677
f 677/677/677 718/718/718 719/719/719
f 677/677/677 719/719/719 678/678/678
f 678/678/678 719/719/719 720/720/720
f 678/678/678 720/720/720 679/679/679
f 679/679/679 720/720/720 721/721/721
f 679/679/679 721/721/721 680/680/680
f 680/680/680 721/721/721 722/722/722
f 680/680/680 722/722/722 681/681/681
f 681/681/681 722/722/722 723/723/723
f 681/681/681 723/723/723 682/682/682
f 682/682/682 723/723/723 724/724/724
f 682/682/682 724/724/724 683/683/683
f 683/683/683 724/724/724 725/725/725
f 683/683/683 725/725/725 684/684/684
f 684/684/684 725/725/725 726/726/726
f 684/684/684 726/726/726 685/685/685
f 685/685/685 726/726/726 727/727/727
f 685/685/685 727/727/727 686/686/686
f 686/686/686 727/727/727 728/728/728
f 686/686/686 728/728/728 687/687/687
f 687/687/687 728/728/728 729/729/729
f 687/687/687 729/729/729 688/688/688
f 688/688/688 729/729/729 730/730/730
f 688/688/688 730/730/730 689/689/689
f 689/689/689 730/730/730 731/731/731
f 689/689/689 731/731/731 690/690/690
f 690/690/690 731/731/731 732/732/732
f 690/690/690 732/732/732 691/691/691
f 691/691/691 732/732/732 733/733/733
f 691/691/691 733/733/733 692/692/692
f 692/692/692 733/733/733 734/734/734
f 692/692/692 734/734/734 693/693/693
f 693/693/693 734/734/734 735/735/735
f 693/693/693 735/735/735 694/694/694
f 694/694/694 735/735/735 736/736/736
f 694/694/694 736/736/736 695/695/695
f 695/695/695 736/736/736 737/737/737
f 695/695/695 737/737/737 696/696/696
f 696/696/696 737/737/737 738/738/738
f 696/696/696 738/738/738 697/697/697
f 698/698/698 739/739/739 740/740/740
f 698/698/698 740/740/740 699/699/699
f 699/699/699 740/740/740 741/741/741
f 699/699/699 741/741/741 700/700/700
f 700/700/700 741/741/741 742/742/742
f 700/700/700 742/742/742 701/701/701
f 701/701/701 742/742/742 743/743/743
f 701/701/701 743/743/743 702/702/702
f 702/702/702 743/743/743 744/744/744
f 702/702/702 744/744/744 703/703/703
f 703/703/703 744/744/744 745/745/745
f 703/703/703 745/745/745 704/704/704
f 704/704/704 745/745/745 746/746/746
f 704/704/704 746/746/746 705/705/705
f 705/705/705 746/746/746 747/747/747
f 705/705/705 747/747/747 706/706/706
f 706/706/706 747/747/747 748/748/748
f 706/706/706 748/748/748 707/707/707
f 707/707/707 748/748/748 749/749/749
f 707/707/707 749/749/749 708/708/708
f 708/708/708 749/749/749 750/750/750
f 708/708/708 750/750/750 709/709/709
f 709/709/709 750/750/750 751/751/751
f 709/709/709 751/751/751 710/710/710
f 710/710/710 751/751/751 752/752/752
f 710/710/710 752/752/752 711/711/711
f 711/711/711 752/752/752 753/753/753
f 711/711/711 753/753/753 712/712/712
f 712/712/712 753/753/753 754/754/754
f 712/712/712 754/754/754 713/713/713
f 713/713/713 754/754/754 755/755/755
f 713/713/713 755/755/755 714/714/714
f 714/714/714 755/755/755 756/756/756
f 714/714/714 756/756/756 715/715/715
f 715/715/715 756/756/756 757/757/757
f 715/715/715 757/757/757 716/716/716
f 716/716/716 757/757/757 758/758/758
f 716/716/716 758/758/758 717/717/717
f 717/717/717 758/758/758 759/759/759
f 717/717/717 759/759/759 718/718/718
f 718/718/718 759/759/759 760/760/760
f 718/718/718 760/760/760 719/719/719
f 719/719/719 760/760/760 761/761/761
f 719/719/719 761/761/761 720/720/720
f 720/720/720 761/761/761 762/762/762
f 720/720/720 762/762/762 721/721/721
f 721/721/721 762/762/762 763/763/763
f 721/721/721 763/763/763 722/722/722
f 722/722/722 763/763/763 764/764/764
f 722/722/722 764/764/764 723/723/723
f 723/723/723 764/764/764 765/765/765
f 723/723/723 765/765/765 724/724/724
f 724/724/724 765/765/765 766/766/766
f 724/724/724 766/766/766 725/725/725
f 725/725/725 766/766/766 767/767/767
f 725/725/725 767/767/767 726/726/726
f 726/726/726 767/767/767 768/768/768
f 726/726/726 768/768/768 727/727/727
f 727/727/727 768/768/768 769/769/769
f 727/727/727 769/769/769 728/728/728
f 728/728/728 769/769/769 770/770/770
f 728/728/728 770/770/770 729/729/729
f 729/729/729 770/770/770 771/771/771
f 729/729/729 771/771/771 730/730/730
f 730/730/730 771/771/771 772/772/772
f 730/730/730 772/772/772 731/731/731
f 731/731/731 772/772/772 773/773/773
f 731/731/731 773/773/773 732/732/732
f 732/732/732 773/773/773 774/774/774
f 732/732/732 774/774/774 733/733/733
f 733/733/733 774/774/774 775/775/775
f 733/733/733 775/775/775 734/734/734
f 734/734/734 775/775/775 776/776/776
f 734/734/734 776/776/776 735/735/735
f 735/735/735 776/776/776 777/777/777
f 735/735/735 777/777/777 736/736/736
f 736/736/736 777/777/777 778/778/778
f 736/736/736 778/778/778 737/737/737
f 737/737/737 778/778/778 779/779/779
f 737/737/737 779/779/779 738/738/738
f 739/739/739 780/780/780 781/781/781
f 739/739/739 781/781/781 740/740/740
f 740/740/740 781/781/781 782/782/782
f 740/740/740 782/782/782 741/741/741
f 741/741/741 782/782/782 783/783/783
f 741/741/741 783/783/783 742/742/742
f 742/742/742 783/783/783 784/784/784
f 742/742/742 784/784/784 743/743/743
f 743/743/743 784/784/784 785/785/785
f 743/743/743 785/785/785 744/744/744
f 744/744/744 785/785/785 786/786/786
f 744/744/744 786/786/786 745/745/745
f 745/745/745 786/786/786 787/787/787
f 745/745/745 787/787/787 746/746/746
f 746/746/746 787/787/787 788/788/788
f 746/746/746 788/788/788 747/747/747
f 747/747/747 788/788/788 789/789/789
f 747/747/747 789/789/789 748/748/748
f 748/748/748 789/789/789 790/790/790
f 748/748/748 790/790/790 749/749/749
f 749/749/749 790/790/790 791/791/791
f 749/749/749 791/791/791 750/750/750
f 750/750/750 791/791/791 792/792/792
f 750/750/750 792/792/792 751/751/751
f 751/751/751 792/792/792 793/793/793
f 751/751/751 793/793/793 752/752/752
f 752/752/752 793/793/793 794/794/794
f 752/752/752 794/794/794 753/753/753
f 753/753/753 794/794/794 795/795/795
f 753/753/753 795/795/795 754/754/754
f 754/754/754 795/795/795 796/796/796
f 754/754/754 796/796/796 755/755/755
f 755/755/755 796/796/796 797/797/797
f 755/755/755 797/797/797 756/756/756
f 756/756/756 797/797/797 798/798/798
f 756/756/756 798/798/798 757/757/757
f 757/757/757 798/798/798 799/799/799
f 757/757/757 799/799/799 758/758/758
f 758/758/758 799/799/799 800/800/800
f 758/758/758 800/800/800 759/759/759
f 759/759/759 800/800/800 801/801/801
f 759/759/759 801/801/801 760/760/760
f 760/760/760 801/801/801 802/802/802
f 760/760/760 802/802/802 761/761/761
f 761/761/761 802/802/802 803/803/803
f 761/761/761 803/803/803 762/762/762
f 762/762/762 803/803/803 804/804/804
f 762/762/762 804/804/804 763/763/763
f 763/763/763 804/804/804 805/805/805
f 763/763/763 805/805/805 764/764/764
f 764/764/764 805/805/805 806/806/806
f 764/764/764 806/806/806 765/765/765
f 765/765/765 806/806/806 807/807/807
f 765/765/765 807/807/807 766/766/766
f 766/766/766 807/807/807 808/808/808
f 766/766/766 808/808/808 767/767/767
f 767/767/767 808/808/808 809/809/809
f 767/767/767 809/809/809 768/768/768
f 768/768/768 809/809/809 810/810/810
f 768/768/768 810/810/810 769/769/769
f 769/769/769 810/810/810 811/811/811
f 769/769/769 811/811/811 770/770/770
f 770/770/770 811/811/811 812/812/812
f 770/770/770 812/812/812 771/771/771
f 771/771/771 812/812/812 813/813/813
f 771/771/771 813/813/813 772/772/772
f 772/772/772 813/813/813 814/814/814
f 772/772/772 814/814/814 773/773/773
f 773/773/773 814/814/814 815/815/815
f 773/773/773 815/815/815 774/774/774
f 774/774/774 815/815/815 816/816/816
f 774/774/774 816/816/816 775/775/775
f 775/775/775 816/816/816 817/817/817
f 775/775/775 817/817/817 776/776/776
f 776/776/776 817/817/817 818/818/818
f 776/776/776 818/818/818 777/777/777
f 777/777/777 818/818/818 819/819/819
f 777/777/777 819/819/819 778/778/778
f 778/778/778 819/819/819 820/820/820
f 778/778/778 820/820/820 779/779/779
f 780/780/780 821/821/821 822/822/822
f 780/780/780 822/822/822 781/781/781
f 781/781/781 822/822/822 823/823/823
f 781/781/781 823/823/823 782/782/782
f 782/782/782 823/823/823 824/824/824
f 782/782/782 824/824/824 783/783/783
f 783/783/783 824/824/824 825/825/825
f 783/783/783 825/825/825 784/784/784
f 784/784/784 825/825/825 826/826/826
f 784/784/784 826/826/826 785/785/785
f 785/785/785 826/826/826 827/827/827
f 785/785/785 827/827/827 786/786/786
f 786/786/786 827/827/827 828/828/828
f 786/786/786 828/828/828 787/787/787
f 787/787/787 828/828/828 829/829/829
f 787/787/787 829/829/829 788/788/788
f 788/788/788 829/829/829 830/830/830
f 788/788/788 830/830/830 789/789/789
f 789/789/789 830/830/830 831/831/831
f 789/789/789 831/831/831 790/790/790
f 790/790/790 831/831/831 832/832/832
f 790/790/790 832/832/832 791/791/791
f 791/791/791 832/832/832 833/833/833
f 791/791/791 833/833/833 792/792/792
f 792/792/792 833/833/833 834/834/834
f 792/792/792 834/834/834 793/793/793
f 793/793/793 834/834/834 835/835/835
f 793/793/793 835/835/835 794/794/794
f 794/794/794 835/835/835 836/836/836
f 794/794/794 836/836/836 795/795/795
f 795/795/795 836/836/836 837/837/837
f 795/795/795 837/837/837 796/796/796
f 796/796/796 837/837/837 838/838/838
f 796/796/796 838/838/838 797/797/797
f 797/797/797 838/838/838 839/839/839
f 797/797/797 839/839/839 798/798/798
f 798/798/798 839/839/839 840/840/840
f 798/798/798 840/840/840 799/799/799
f 799/799/799 840/840/840 841/841/841
f 799/799/799 841/841/841 800/800/800
f 800/800/800 841/841/841 842/842/842
f 800/800/800 842/842/842 801/801/801
f 801/801/801 842/842/842 843/843/843
f 801/801/801 843/843/843 802/802/802
f 802/802/802 843/843/843 844/844/844
f 802/802/802 844/844/844 803/803/803
f 803/803/803 844/844/844 845/845/845
f 803/803/803 845/845/845 804/804/804
f 804/804/804 845/845/845 846/846/846
f 804/804/804 846/846/846 805/805/805
f 805/805/805 846/846/846 847/847/847
f 805/805/805 847/847/847 806/806/806
f 806/806/806 847/847/847 848/848/848
f 806/806/806 848/848/848 807/807/807
f 807/807/807 848/848/848 849/849/849
f 807/807/807 849/849/849 808/808/808
f 808/808/808 849/849/849 850/850/850
f 808/808/808 850/850/850 809/809/809
f 809/809/809 850/850/850 851/851/851
f 809/809/809 851/851/851 810/810/810
f 810/810/810 851/851/851 852/852/852
f 810/810/810 852/852/852 811/811/811
f 811/811/811 852/852/852 853/853/853
f 811/811/811 853/853/853 812/812/812
f 812/812/812 853/853/853 854/854/854
f 812/812/812 854/854/854 813/813/813
f 813/813/813 854/854/854 855/855/855
f 813/813/813 855/855/855 814/814/814
f 814/814/814 855/855/855 856/856/856
f 814/814/814 856/856/856 815/815/815
f 815/815/815 856/856/856 857/857/857
f 815/815/815 857/857/857 816/816/816
f 816/816/816 857/857/857 858/858/858
f 816/816/816 858/858/858 817/817/817
f 817/817/817 858/858/858 859/859/859
f 817/817/817 859/859/859 818/818/818
f 818/818/818 859/859/859 860/860/860
f 818/818/818 860/860/860 819/819/819
f 819/819/819 860/860/860 861/861/861
f 819/819/819 861/861/861 820/820/820
f 821/821/821 862/862/862 863/863/863
f 821/821/821 863/863/863 822/822/822
f 822/822/822 863/863/863 864/864/864
f 822/822/822 864/864/864 823/823/823
f 823/823/823 864/864/864 865/865/865
f 823/823/823 865/865/865 824/824/824
f 824/824/824 865/865/865 866/866/866
f 824/824/824 866/866/866 825/825/825
f 825/825/825 866/866/866 867/867/867
f 825/825/825 867/867/867 826/826/826
f 826/826/826 867/867/867 868/868/868
f 826/826/826 868/868/868 827/827/827
f 827/827/827 868/868/868 869/869/869
f 827/827/827 869/869/869 828/828/828
f 828/828/828 869/869/869 870/870/870
f 828/828/828 870/870/870 829/829/829
f 829/829/829 870/870/870 871/871/871
f 829/829/829 871/871/871 830/830/830
f 830/830/830 871/871/871 872/872/872
f 830/830/830 872/872/872 831/831/831
f 831/831/831 872/872/872 873/873/873
f 831/831/831 873/873/873 832/832/832
f 832/832/832 873/873/873 874/874/874
f 832/832/832 874/874/874 833/833/833
f 833/833/833 874/874/874 875/875/875
f 833/833/833 875/875/875 834/834/834
f 834/834/834 875/875/875 876/876/876
f 834/834/834 876/876/876 835/835/835
f 835/835/835 876/876/876 877/877/877
f 835/835/835 877/877/877 836/836/836
f 836/836/836 877/877/877 878/878/878
f 836/836/836 878/878/878 837/837/837
f 837/837/837 878/878/878 879/879/879
f 837/837/837 879/879/879 838/838/838
f 838/838/838 879/879/879 880/880/880
f 838/838/838 880/880/880 839/839/839
f 839/839/839 880/880/880 881/881/881
f 839/839/839 881/881/881 840/840/840
f 840/840/840 881/881/881 882/882/882
f 840/840/840 882/882/882 841/841/841
f 841/841/841 882/882/882 883/883/883
f 841/841/841 883/883/883 842/842/842
f 842/842/842 883/883/883 884/884/884
f 842/842/842 884/884/884 843/843/843
f 843/843/843 884/884/884 885/885/885
f 843/843/843 885/885/885 844/844/844
f 844/844/844 885/885/885 886/886/886
f 844/844/844 886/886/886 845/845/845
f 845/845/845 886/886/886 887/887/887
f 845/845/845 887/887/887 846/846/846
f 846/846/846 887/887/887 888/888/888
f 846/846/846 888/888/888 847/847/847
f 847/847/847 888/888/888 889/889/889
f 847/847/847 889/889/889 848/848/848
f 848/848/848 889/889/889 890/890/890
f 848/848/848 890/890/890 849/849/849
f 849/849/849 890/890/890 891/891/891
f 849/849/849 891/891/891 850/850/850
f 850/850/850 891/891/891 892/892/892
f 850/850/850 892/892/892 851/851/851
f 851/851/851 892/892/892 893/893/893
f 851/851/851 893/893/893 852/852/852
f 852/852/852 893/893/893 894/894/894
f 852/852/852 894/894/894 853/853/853
f 853/853/853 894/894/894 895/895/895
f 853/853/853 895/895/895 854/854/854
f 854/854/854 895/895/895 896/896/896
f 854/854/854 896/896/896 855/855/855
f 855/855/855 896/896/896 897/897/897
f 855/855/855 897/897/897 856/856/856
f 856/856/856 897/897/897 898/898/898
f 856/856/856 898/898/898 857/857/857
f 857/857/857 898/898/898 899/899/899
f 857/857/857 899/899/899 858/858/858
f 858/858/858 899/899/899 900/900/900
f 858/858/858 900/900/900 859/859/859
f 859/859/859 900/900/900 901/901/901
f 859/859/859 901/901/901 860/860/860
f 860/860/860 901/901/901 902/902/902
f 860/860/860 902/902/902 861/861/861
f 862/862/862 903/903/903 904/904/904
f 862/862/862 904/904/904 863/863/863
f 863/863/863 904/904/904 905/905/905
f 863/863/863 905/905/905 864/864/864
f 864/864/864 905/905/905 906/906/906
f 864/864/864 906/906/906 865/865/865
f 865/865/865 906/906/906 907/907/907
f 865/865/865 907/907/907 866/866/866
f 866/866/866 907/907/907 908/908/908
f 866/866/866 908/908/908 867/867/867
f 867/867/867 908/908/908 909/909/909
f 867/867/867 909/909/909 868/868/868
f 868/868/868 909/909/909 910/910/910
f 868/868/868 910/910/910 869/869/869
f 869/869/869 910/910/910 911/911/911
f 869/869/869 911/911/911 870/870/870
f 870/870/870 911/911/911 912/912/912
f 870/870/870 912/912/912 871/871/871
f 871/871/871 912/912/912 913/913/913
f 871/871/871 913/913/913 872/872/872
f 872/872/872 913/913/913 914/914/914
f 872/872/872 914/914/914 873/873/873
f 873/873/873 914/914/914 915/915/915
f 873/873/873 915/915/915 874/874/874
f 874/874/874 915/915/915 916/916/916
f 874/874/874 916/916/916 875/875/875
f 875/875/875 916/916/916 917/917/917
f 875/875/875 917/917/917 876/876/876
f 876/876/876 917/917/917 918/918/918
f 876/876/876 918/918/918 877/877/877
f 877/877/877 918/918/918 919/919/919
f 877/877/877 919/919/919 878/878/878
f 878/878/878 919/919/919 920/920/920
f 878/878/878 920/920/920 879/879/879
f 879/879/879 920/920/920 921/921/921
f 879/879/879 921/921/921 880/880/880
f 880/880/880 921/921/921 922/922/922
f 880/880/880 922/922/922 881/881/881
f 881/881/881 922/922/922 923/923/923
f 881/881/881 923/923/923 882/882/882
f 882/882/882 923/923/923 924/924/924
f 882/882/882 924/924/924 883/883/883
f 883/883/883 924/924/924 925/925/925
f 883/883/883 925/925/925 884/884/884
f 884/884/884 925/925/925 926/926/926
f 884/884/884 926/926/926 885/885/885
f 885/885/885 926/926/926 927/927/927
f 885/885/885 927/927/927 886/886/886
f 886/886/886 927/927/927 928/928/928
f 886/886/886 928/928/928 887/887/887
f 887/887/887 928/928/928 929/929/929
f 887/887/887 929/929/929 888/888/888
f 888/888/888 929/929/929 930/930/930
f 888/888/888 930/930/930 889/889/889
f 889/889/889 930/930/930 931/931/931
f 889/889/889 931/931/931 890/890/890
f 890/890/890 931/931/931 932/932/932
f 890/890/890 932/932/932 891/891/891
f 891/891/891 932/932/932 933/933/933
f 891/891/891 933/933/933 892/892/892
f 892/892/892 933/933/933 934/934/934
f 892/892/892 934/934/934 893/893/893
f 893/893/893 934/934/934 935/935/935
f 893/893/893 935/935/935 894/894/894
f 894/894/894 935/935/935 936/936/936
f 894/894/894 936/936/936 895/895/895
f 895/895/895 936/936/936 937/937/937
f 895/895/895 937/937/937 896/896/896
f 896/896/896 937/937/937 938/938/938
f 896/896/896 938/938/938 897/897/897
f 897/897/897 938/938/938 939/939/939
f 897/897/897 939/939/939 898/898/898
f 898/898/898 939/939/939 940/940/940
f 898/898/898 940/940/940 899/899/899
f 899/899/899 940/940/940 941/941/941
f 899/899/899 941/941/941 900/900/900
f 900/900/900 941/941/941 942/942/942
f 900/900/900 942/942/942 901/901/901
f 901/901/901 942/942/942 943/943/943
f 901/901/901 943/943/943 902/902/902
f 903/903/903 944/944/944 945/945/945
f 903/903/903 945/945/945 904/904/904
f 904/904/904 945/945/945 946/946/946
f 904/904/904 946/946/946 905/905/905
f 905/905/905 946/946/946 947/947/947
f 905/905/905 947/947/947 906/906/906
f 906/906/906 947/947/947 948/948/948
f 906/906/906 948/948/948 907/907/907
f 907/907/907 948/948/948 949/949/949
f 907/907/907 949/949/949 908/908/908
f 908/908/908 949/949/949 950/950/950
f 908/908/908 950/950/950 909/909/909
f 909/909/909 950/950/950 951/951/951
f 909/909/909 951/951/951 910/910/910
f 910/910/910 951/951/951 952/952/952
f 910/910/910 952/952/952 911/911/911
f 911/911/911 952/952/952 953/953/953
f 911/911/911 953/953/953 912/912/912
f 912/912/912 953/953/953 954/954/954
f 912/912/912 954/954/954 913/913/913
f 913/913/913 954/954/954 955/955/955
f 913/913/913 955/955/955 914/914/914
f 914/914/914 955/955/955 956/956/956
f 914/914/914 956/956/956 915/915/915
f 915/915/915 956/956/956 957/957/957
f 915/915/915 957/957/957 916/916/916
f 916/916/916 957/957/957 958/958/958
f 916/916/916 958/958/958 917/917/917
f 917/917/917 958/958/958 959/959/959
f 917/917/917 959/959/959 918/918/918
f 918/918/918 959/959/959 960/960/960
f 918/918/918 960/960/960 919/919/919
f 919/919/919 960/960/960 961/961/961
f 919/919/919 961/961/961 920/920/920
f 920/920/920 961/961/961 962/962/962
f 920/920/920 962/962/962 921/921/921
f 921/921/921 962/962/962 963/963/963
f 921/921/921 963/963/963 922/922/922
f 922/922/922 963/963/963 964/964/964
f 922/922/922 964/964/964 923/923/923
f 923/923/923 964/964/964 965/965/965
f 923/923/923 965/965/965 924/924/924
f 924/924/924 965/965/965 966/966/966
f 924/924/924 966/966/966 925/925/925
f 925/925/925 966/966/966 967/967/967
f 925/925/925 967/967/967 926/926/926
f 926/926/926 967/967/967 968/968/968
f 926/926/926 968/968/968 927/927/927
f 927/927/927 968/968/968 969/969/969
f 927/927/927 969/969/969 928/928/928
f 928/928/928 969/969/969 970/970/970
f 928/928/928 970/970/970 929/929/929
f 929/929/929 970/970/970 971/971/971
f 929/929/929 971/971/971 930/930/930
f 930/930/930 971/971/971 972/972/972
f 930/930/930 972/972/972 931/931/931
f 931/931/931 972/972/972 973/973/973
f 931/931/931 973/973/973 932/932/932
f 932/932/932 973/973/973 974/974/974
f 932/932/932 974/974/974 933/933/933
f 933/933/933 974/974/974 975/975/975
f 933/933/933 975/975/975 934/934/934
f 934/934/934 975/975/975 976/976/976
f 934/934/934 976/976/976 935/935/935
f 935/935/935 976/976/976 977/977/977
f 935/935/935 977/977/977 936/936/936
f 936/936/936 977/977/977 978/978/978
f 936/936/936 978/978/978 937/937/937
f 937/937/937 978/978/978 979/979/979
f 937/937/937 979/979/979 938/938/938
f 938/938/938 979/979/979 980/980/980
f 938/938/938 980/980/980 939/939/939
f 939/939/939 980/980/980 981/981/981
f 939/939/939 981/981/981 940/940/940
f 940/940/940 981/981/981 982/982/982
f 940/940/940 982/982/982 941/941/941
f 941/941/941 982/982/982 983/983/983
f 941/941/941 983/983/983 942/942/942
f 942/942/942 983/983/983 984/984/984
f 942/942/942 984/984/984 943/943/943
f 944/944/944 985/985/985 986/986/986
f 944/944/944 986/986/986 945/945/945
f 945/945/945 986/986/986 987/987/987
f 945/945/945 987/987/987 946/946/946
f 946/946/946 987/987/987 988/988/988
f 946/946/946 988/988/988 947/947/947
f 947/947/947 988/988/988 989/989/989
f 947/947/947 989/989/989 948/948/948
f 948/948/948 989/989/989 990/990/990
f 948/948/948 990/990/990 949/949/949
f 949/949/949 990/990/990 991/991/991
f 949/949/949 991/991/991 950/950/950
f 950/950/950 991/991/991 992/992/992
f 950/950/950 992/992/992 951/951/951
f 951/951/951 992/992/992 993/993/993
f 951/951/951 993/993/993 952/952/952
f 952/952/952 993/993/993 994/994/994
f 952/952/952 994/994/994 953/953/953
f 953/953/953 994/994/994 995/995/995
f 953/953/953 995/995/995 954/954/954
f 954/954/954 995/995/995 996/996/996
f 954/954/954 996/996/996 955/955/955
f 955/955/955 996/996/996 997/997/997
f 955/955/955 997/997/997 956/956/956
f 956/956/956 997/997/997 998/998/998
f 956/956/956 998/998/998 957/957/957
f 957/957/957 998/998/998 999/999/999
f 957/957/957 999/999/999 958/958/958
f 958/958/958 999/999/999 1000/1000/1000
f 958/958/958 1000/1000/1000 959/959/959
f 959/959/959 1000/1000/1000 1001/1001/1001
f 959/959/959 1001/1001/1001 960/960/960
f 960/960/960 1001/1001/1001 1002/1002/1002
f 960/960/960 1002/1002/1002 961/961/961
f 961/961/961 1002/1002/1002 1003/1003/1003
f 961/961/961 1003/1003/1003 962/962/962
f 962/962/962 1003/1003/1003 1004/1004/1004
f 962/962/962 1004/1004/1004 963/963/963
f 963/963/963 1004/1004/1004 1005/1005/1005
f 963/963/963 1005/1005/1005 964/964/964
f 964/964/964 1005/1005/1005 1006/1006/1006
f 964/964/964 1006/1006/1006 965/965/965
f 965/965/965 1006/1006/1006 1007/1007/1007
f 965/965/965 1007/1007/1007 966/966/966
f 966/966/966 1007/1007/1007 1008/1008/1008
f 966/966/966 1008/1008/1008 967/967/967
f 967/967/967 1008/1008/1008 1009/1009/1009
f 967/967/967 1009/1009/1009 968/968/968
f 968/968/968 1009/1009/1009 1010/1010/1010
f 968/968/968 1010/1010/1010 969/969/969
f 969/969/969 1010/1010/1010 1011/1011/1011
f 969/969/969 1011/1011/1011 970/970/970
f 970/970/970 1011/1011/1011 1012/1012/1012
f 970/970/970 1012/1012/1012 971/971/971
f 971/971/971 1012/1012/1012 1013/1013/1013
f 971/971/971 1013/1013/1013 972/972/972
f 972/972/972 1013/1013/1013 1014/1014/1014
f 972/972/972 1014/1014/1014 973/973/973
f 973/973/973 1014/1014/1014 1015/1015/1015
f 973/973/973 1015/1015/1015 974/974/974
f 974/974/974 1015/1015/1015 1016/1016/1016
f 974/974/974 1016/1016/1016 975/975/975
f 975/975/975 1016/1016/1016 1017/1017/1017
f 975/975/975 1017/1017/1017 976/976/976
f 976/976/976 1017/1017/1017 1018/1018/1018
f 976/976/976 1018/1018/1018 977/977/977
f 977/977/977 1018/1018/1018 1019/1019/1019
f 977/977/977 1019/1019/1019 978/978/978
f 978/978/978 1019/1019/1019 1020/1020/1020
f 978/978/978 1020/1020/1020 979/979/979
f 979/979/979 1020/1020/1020 1021/1021/1021
f 979/979/979 1021/1021/1021 980/980/980
f 980/980/980 1021/1021/1021 1022/1022/1022
f 980/980/980 1022/1022/1022 981/981/981
f 981/981/981 1022/1022/1022 1023/1023/1023
f 981/981/981 1023/1023/1023 982/982/982
f 982/982/982 1023/1023/1023 1024/1024/1024
f 982/982/982 1024/1024/1024 983/983/983
f 983/983/983 1024/1024/1024 1025/1025/1025
f 983/983/983 1025/1025/1025 984/984/984
f 985/985/985 1026/1026/1026 1027/1027/1027
f 985/985/985 1027/1027/1027 986/986/986
f 986/986/986 1027/1027/1027 1028/1028/1028
f 986/986/986 1028/1028/1028 987/987/987
f 987/987/987 1028/1028/1028 1029/1029/1029
f 987/987/987 1029/1029/1029 988/988/988
f 988/988/988 1029/1029/1029 1030/1030/1030
f 988/988/988 1030/1030/1030 989/989/989
f 989/989/989 1030/1030/1030 1031/1031/1031
f 989/989/989 1031/1031/1031 990/990/990
f 990/990/990 1031/1031/1031 1032/1032/1032
f 990/990/990 1032/1032/1032 991/991/991
f 991/991/991 1032/1032/1032 1033/1033/1033
f 991/991/991 1033/1033/1033 992/992/992
f 992/992/992 1033/1033/1033 1034/1034/1034
f 992/992/992 1034/1034/1034 993/993/993
f 993/993/993 1034/1034/1034 1035/1035/1035
f 993/993/993 1035/1035/1035 994/994/994
f 994/994/994 1035/1035/1035 1036/1036/1036
f 994/994/994 1036/1036/1036 995/995/995
f 995/995/995 1036/1036/1036 1037/1037/1037
f 995/995/995 1037/1037/1037 996/996/996
f 996/996/996 1037/1037/1037 1038/1038/1038
f 996/996/996 1038/1038/1038 997/997/997
f 997/997/997 1038/1038/1038 1039/1039/1039
f 997/997/997 1039/1039/1039 998/998/998
f 998/998/998 1039/1039/1039 1040/1040/1040
f 998/998/998 1040/1040/1040 999/999/999
f 999/999/999 1040/1040/1040 1041/1041/1041
f 999/999/999 1041/1041/1041 1000/1000/1000
f 1000/1000/1000 1041/1041/1041 1042/1042/1042
f 1000/1000/1000 1042/1042/1042 1001/1001/1001
f 1001/1001/1001 1042/1042/1042 1043/1043/1043
f 1001/1001/1001 1043/1043/1043 1002/1002/1002
f 1002/1002/1002 1043/1043/1043 1044/1044/1044
f 1002/1002/1002 1044/1044/1044 1003/1003/1003
f 1003/1003/1003 1044/1044/1044 1045/1045/1045
f 1003/1003/1003 1045/1045/1045 1004/1004/1004
f 1004/1004/1004 1045/1045/1045 1046/1046/1046
f 1004/1004/1004 1046/1046/1046 1005/1005/1005
f 1005/1005/1005 1046/1046/1046 1047/1047/1047
f 1005/1005/1005 1047/1047/1047 1006/1006/1006
f 1006/1006/1006 1047/1047/1047 1048/1048/1048
f 1006/1006/1006 1048/1048/1048 1007/1007/1007
f 1007/1007/1007 1048/1048/1048 1049/1049/1049
f 1007/1007/1007 1049/1049/1049 1008/1008/1008
f 1008/1008/1008 1049/1049/1049 1050/1050/1050
f 1008/1008/1008 1050/1050/1050 1009/1009/1009
f 1009/1009/1009 1050/1050/1050 1051/1051/1051
f 1009/1009/1009 1051/1051/1051 1010/1010/1010
f 1010/1010/1010 1051/1051/1051 1052/1052/1052
f 1010/1010/1010 1052/1052/1052 1011/1011/1011
f 1011/1011/1011 1052/1052/1052 1053/1053/1053
f 1011/1011/1011 1053/1053/1053 1012/1012/1012
f 1012/1012/1012 1053/1053/1053 1054/1054/1054
f 1012/1012/1012 1054/1054/1054 1013/1013/1013
f 1013/1013/1013 1054/1054/1054 1055/1055/1055
f 1013/1013/1013 1055/1055/1055 1014/1014/1014
f 1014/1014/1014 1055/1055/1055 1056/1056/1056
f 1014/1014/1014 1056/1056/1056 1015/1015/1015
f 1015/1015/1015 1056/1056/1056 1057/1057/1057
f 1015/1015/1015 1057/1057/1057 1016/1016/1016
f 1016/1016/1016 1057/1057/1057 1058/1058/1058
f 1016/1016/1016 1058/1058/1058 1017/1017/1017
f 1017/1017/1017 1058/1058/1058 1059/1059/1059
f 1017/1017/1017 1059/1059/1059 1018/1018/1018
f 1018/1018/1018 1059/1059/1059 1060/1060/1060
f 1018/1018/1018 1060/1060/1060 1019/1019/1019
f 1019/1019/1019 1060/1060/1060 1061/1061/1061
f 1019/1019/1019 1061/1061/1061 1020/1020/1020
f 1020/1020/1020 1061/1061/1061 1062/1062/1062
f 1020/1020/1020 1062/1062/1062 1021/1021/1021
f 1021/1021/1021 1062/1062/1062 1063/1063/1063
f 1021/1021/1021 1063/1063/1063 1022/1022/1022
f 1022/1022/1022 1063/1063/1063 1064/1064/1064
f 1022/1022/1022 1064/1064/1064 1023/1023/1023
f 1023/1023/1023 1064/1064/1064 1065/1065/1065
f 1023/1023/1023 1065/1065/1065 1024/1024/1024
f 1024/1024/1024 1065/1065/1065 1066/1066/1066
f 1024/1024/1024 1066/1066/1066 1025/1025/1025
f 1026/1026/1026 1067/1067/1067 1068/1068/1068
f 1026/1026/1026 1068/1068/1068 1027/1027/1027
f 1027/1027/1027 1068/1068/1068 1069/1069/1069
f 1027/1027/1027 1069/1069/1069 1028/1028/1028
f 1028/1028/1028 1069/1069/1069 1070/1070/1070
f 1028/1028/1028 1070/1070/1070 1029/1029/1029
f 1029/1029/1029 1070/1070/1070 1071/1071/1071
f 1029/1029/1029 1071/1071/1071 1030/1030/1030
f 1030/1030/1030 1071/1071/1071 1072/1072/1072
f 1030/1030/1030 1072/1072/1072 1031/1031/1031
f 1031/1031/1031 1072/1072/1072 1073/1073/1073
f 1031/1031/1031 1073/1073/1073 1032/1032/1032
f 1032/1032/1032 1073/1073/1073 1074/1074/1074
f 1032/1032/1032 1074/1074/1074 1033/1033/1033
f 1033/1033/1033 1074/1074/1074 1075/1075/1075
f 1033/1033/1033 1075/1075/1075 1034/1034/1034
f 1034/1034/1034 1075/1075/1075 1076/1076/1076
f 1034/1034/1034 1076/1076/1076 1035/1035/1035
f 1035/1035/1035 1076/1076/1076 1077/1077/1077
f 1035/1035/1035 1077/1077/1077 1036/1036/1036
f 1036/1036/1036 1077/1077/1077 1078/1078/1078
f 1036/1036/1036 1078/1078/1078 1037/1037/1037
f 1037/1037/1037 1078/1078/1078 1079/1079/1079
f 1037/1037/1037 1079/1079/1079 1038/1038/1038
f 1038/1038/1038 1079/1079/1079 1080/1080/1080
f 1038/1038/1038 1080/1080/1080 1039/1039/1039
f 1039/1039/1039 1080/1080/1080 1081/1081/1081
f 1039/1039/1039 1081/1081/1081 1040/1040/1040
f 1040/1040/1040 1081/1081/1081 1082/1082/1082
f 1040/1040/1040 1082/1082/1082 1041/1041/1041
f 1041/1041/1041 1082/1082/1082 1083/1083/1083
f 1041/1041/1041 1083/1083/1083 1042/1042/1042
f 1042/1042/1042 1083/1083/1083 1084/1084/1084
f 1042/1042/1042 1084/1084/1084 1043/1043/1043
f 1043/1043/1043 1084/1084/1084 1085/1085/1085
f 1043/1043/1043 1085/1085/1085 1044/1044/1044
f 1044/1044/1044 1085/1085/1085 1086/1086/1086
f 1044/1044/1044 1086/1086/1086 1045/1045/1045
f 1045/1045/1045 1086/1086/1086 1087/1087/1087
f 1045/1045/1045 1087/1087/1087 1046/1046/1046
f 1046/1046/1046 1087/1087/1087 1088/1088/1088
f 1046/1046/1046 1088/1088/1088 1047/1047/1047
f 1047/1047/1047 1088/1088/1088 1089/1089/1089
f 1047/1047/1047 1089/1089/1089 1048/1048/1048
f 1048/1048/1048 1089/1089/1089 1090/1090/1090
f 1048/1048/1048 1090/1090/1090 1049/1049/1049
f 1049/1049/1049 1090/1090/1090 1091/1091/1091
f 1049/1049/1049 1091/1091/1091 1050/1050/1050
f 1050/1050/1050 1091/1091/1091 1092/1092/1092
f 1050/1050/1050 1092/1092/1092 1051/1051/1051
f 1051/1051/1051 1092/1092/1092 1093/1093/1093
f 1051/1051/1051 1093/1093/1093 1052/1052/1052
f 1052/1052/1052 1093/1093/1093 1094/1094/1094
f 1052/1052/1052 1094/1094/1094 1053/1053/1053
f 1053/1053/1053 1094/1094/1094 1095/1095/1095
f 1053/1053/1053 1095/1095/1095 1054/1054/1054
f 1054/1054/1054 1095/1095/1095 1096/1096/1096
f 1054/1054/1054 1096/1096/1096 1055/1055/1055
f 1055/1055/1055 1096/1096/1096 1097/1097/1097
f 1055/1055/1055 1097/1097/1097 1056/1056/1056
f 1056/1056/1056 1097/1097/1097 1098/1098/1098
f 1056/1056/1056 1098/1098/1098 1057/1057/1057
f 1057/1057/1057 1098/1098/1098 1099/1099/1099
f 1057/1057/1057 1099/1099/1099 1058/1058/1058
f 1058/1058/1058 1099/1099/1099 1100/1100/1100
f 1058/1058/1058 1100/1100/1100 1059/1059/1059
f 1059/1059/1059 1100/1100/1100 1101/1101/1101
f 1059/1059/1059 1101/1101/1101 1060/1060/1060
f 1060/1060/1060 1101/1101/1101 1102/1102/1102
f 1060/1060/1060 1102/1102/1102 1061/1061/1061
f 1061/1061/1061 1102/1102/1102 1103/1103/1103
f 1061/1061/1061 1103/1103/1103 1062/1062/1062
f 1062/1062/1062 1103/1103/1103 1104/1104/1104
f 1062/1062/1062 1104/1104/1104 1063/1063/1063
f 1063/1063/1063 1104/1104/1104 1105/1105/1105
f 1063/1063/1063 1105/1105/1105 1064/1064/1064
f 1064/1064/1064 1105/1105/1105 1106/1106/1106
f 1064/1064/1064 1106/1106/1106 1065/1065/1065
f 1065/1065/1065 1106/1106/1106 1107/1107/1107
f 1065/1065/1065 1107/1107/1107 1066/1066/1066
f 1067/1067/1067 1108/1108/1108 1109/1109/1109
f 1067/1067/1067 1109/1109/1109 1068/1068/1068
f 1068/1068/1068 1109/1109/1109 1110/1110/1110
f 1068/1068/1068 1110/1110/1110 1069/1069/1069
f 1069/1069/1069 1110/1110/1110 1111/1111/1111
f 1069/1069/1069 1111/1111/1111 1070/1070/1070
f 1070/1070/1070 1111/1111/1111 1112/1112/1112
f 1070/1070/1070 1112/1112/1112 1071/1071/1071
f 1071/1071/1071 1112/1112/1112 1113/1113/1113
f 1071/1071/1071 1113/1113/1113 1072/1072/1072
f 1072/1072/1072 1113/1113/1113 1114/1114/1114
f 1072/1072/1072 1114/1114/1114 1073/1073/1073
f 1073/1073/1073 1114/1114/1114 1115/1115/1115
f 1073/1073/1073 1115/1115/1115 1074/1074/1074
f 1074/1074/1074 1115/1115/1115 1116/1116/1116
f 1074/1074/1074 1116/1116/1116 1075/1075/1075
f 1075/1075/1075 1116/1116/1116 1117/1117/1117
f 1075/1075/1075 1117/1117/1117 1076/1076/1076
f 1076/1076/1076 1117/1117/1117 1118/1118/1118
f 1076/1076/1076 1118/1118/1118 1077/1077/1077
f 1077/1077/1077 1118/1118/1118 1119/1119/1119
f 1077/1077/1077 1119/1119/1119 1078/1078/1078
f 1078/1078/1078 1119/1119/1119 1120/1120/1120
f 1078/1078/1078 1120/1120/1120 1079/1079/1079
f 1079/1079/1079 1120/1120/1120 1121/1121/1121
f 1079/1079/1079 1121/1121/1121 1080/1080/1080
f 1080/1080/1080 1121/1121/1121 1122/1122/1122
f 1080/1080/1080 1122/1122/1122 1081/1081/1081
f 1081/1081/1081 1122/1122/1122 1123/1123/1123
f 1081/1081/1081 1123/1123/1123 1082/1082/1082
f 1082/1082/1082 1123/1123/1123 1124/1124/1124
f 1082/1082/1082 1124/1124/1124 1083/1083/1083
f 1083/1083/1083 1124/1124/1124 1125/1125/1125
f 1083/1083/1083 1125/1125/1125 1084/1084/1084
f 1084/1084/1084 1125/1125/1125 1126/1126/1126
f 1084/1084/1084 1126/1126/1126 1085/1085/1085
f 1085/1085/1085 1126/1126/1126 1127/1127/1127
f 1085/1085/1085 1127/1127/1127 1086/1086/1086
f 1086/1086/1086 1127/1127/1127 1128/1128/1128
f 1086/1086/1086 1128/1128/1128 1087/1087/1087
f 1087/1087/1087 1128/1128/1128 1129/1129/1129
f 1087/1087/1087 1129/1129/1129 1088/1088/1088
f 1088/1088/1088 1129/1129/1129 1130/1130/1130
f 1088/1088/1088 1130/1130/1130 1089/1089/1089
f 1089/1089/1089 1130/1130/1130 1131/1131/1131
f 1089/1089/1089 1131/1131/1131 1090/1090/1090
f 1090/1090/1090 1131/1131/1131 1132/1132/1132
f 1090/1090/1090 1132/1132/1132 1091/1091/1091
f 1091/1091/1091 1132/1132/1132 1133/1133/1133
f 1091/1091/1091 1133/1133/1133 1092/1092/1092
f 1092/1092/1092 1133/1133/1133 1134/1134/1134
f 1092/1092/1092 1134/1134/1134 1093/1093/1093
f 1093/1093/1093 1134/1134/1134 1135/1135/1135
f 1093/1093/1093 1135/1135/1135 1094/1094/1094
f 1094/1094/1094 1135/1135/1135 1136/1136/1136
f 1094/1094/1094 1136/1136/1136 1095/1095/1095
f 1095/1095/1095 1136/1136/1136 1137/1137/1137
f 1095/1095/1095 1137/1137/1137 1096/1096/1096
f 1096/1096/1096 1137/1137/1137 1138/1138/1138
f 1096/1096/1096 1138/1138/1138 1097/1097/1097
f 1097/1097/1097 1138/1138/1138 1139/1139/1139
f 1097/1097/1097 1139/1139/1139 1098/1098/1098
f 1098/1098/1098 1139/1139/1139 1140/1140/1140
f 1098/1098/1098 1140/1140/1140 1099/1099/1099
f 1099/1099/1099 1140/1140/1140 1141/1141/1141
f 1099/1099/1099 1141/1141/1141 1100/1100/1100
f 1100/1100/1100 1141/1141/1141 1142/1142/1142
f 1100/1100/1100 1142/1142/1142 1101/1101/1101
f 1101/1101/1101 1142/1142/1142 1143/1143/1143
f 1101/1101/1101 1143/1143/1143 1102/1102/1102
f 1102/1102/1102 1143/1143/1143 1144/1144/1144
f 1102/1102/1102 1144/1144/1144 1103/1103/1103
f 1103/1103/1103 1144/1144/1144 1145/1145/1145
f 1103/1103/1103 1145/1145/1145 1104/1104/1104
f 1104/1104/1104 1145/1145/1145 1146/1146/1146
f 1104/1104/1104 1146/1146/1146 1105/1105/1105
f 1105/1105/1105 1146/1146/1146 1147/1147/1147
f 1105/1105/1105 1147/1147/1147 1106/1106/1106
f 1106/1106/1106 1147/1147/1147 1148/1148/1148
f 1106/1106/1106 1148/1148/1148 1107/1107/1107
f 1108/1108/1108 1149/1149/1149 1150/1150/1150
f 1108/1108/1108 1150/1150/1150 1109/1109/1109
f 1109/1109/1109 1150/1150/1150 1151/1151/1151
f 1109/1109/1109 1151/1151/1151 1110/1110/1110
f 1110/1110/1110 1151/1151/1151 1152/1152/1152
f 1110/1110/1110 1152/1152/1152 1111/1111/1111
f 1111/1111/1111 1152/1152/1152 1153/1153/1153
f 1111/1111/1111 1153/1153/1153 1112/1112/1112
f 1112/1112/1112 1153/1153/1153 1154/1154/1154
f 1112/1112/1112 1154/1154/1154 1113/1113/1113
f 1113/1113/1113 1154/1154/1154 1155/1155/1155
f 1113/1113/1113 1155/1155/1155 1114/1114/1114
f 1114/1114/1114 1155/1155/1155 1156/1156/1156
f 1114/1114/1114 1156/1156/1156 1115/1115/1115
f 1115/1115/1115 1156/1156/1156 1157/1157/1157
f 1115/1115/1115 1157/1157/1157 1116/1116/1116
f 1116/1116/1116 1157/1157/1157 1158/1158/1158
f 1116/1116/1116 1158/1158/1158 1117/1117/1117
f 1117/1117/1117 1158/1158/1158 1159/1159/1159
f 1117/1117/1117 1159/1159/1159 1118/1118/1118
f 1118/1118/1118 1159/1159/1159 1160/1160/1160
f 1118/1118/1118 1160/1160/1160 1119/1119/1119
f 1119/1119/1119 1160/1160/1160 1161/1161/1161
f 1119/1119/1119 1161/1161/1161 1120/1120/1120
f 1120/1120/1120 1161/1161/1161 1162/1162/1162
f 1120/1120/1120 1162/1162/1162 1121/1121/1121
f 1121/1121/1121 1162/1162/1162 1163/1163/1163
f 1121/1121/1121 1163/1163/1163 1122/1122/1122
f 1122/1122/1122 1163/1163/1163 1164/1164/1164
f 1122/1122/1122 1164/1164/1164 1123/1123/1123
f 1123/1123/1123 1164/1164/1164 1165/1165/1165
f 1123/1123/1123 1165/1165/1165 1124/1124/1124
f 1124/1124/1124 1165/1165/1165 1166/1166/1166
f 1124/1124/1124 1166/1166/1166 1125/1125/1125
f 1125/1125/1125 1166/1166/1166 1167/1167/1167
f 1125/1125/1125 1167/1167/1167 1126/1126/1126
f 1126/1126/1126 1167/1167/1167 1168/1168/1168
f 1126/1126/1126 1168/1168/1168 1127/1127/1127
f 1127/1127/1127 1168/1168/1168 1169/1169/1169
f 1127/1127/1127 1169/1169/1169 1128/1128/1128
f 1128/1128/1128 1169/1169/1169 1170/1170/1170
f 1128/1128/1128 1170/1170/1170 1129/1129/1129
f 1129/1129/1129 1170/1170/1170 1171/1171/1171
f 1129/1129/1129 1171/1171/1171 1130/1130/1130
f 1130/1130/1130 1171/1171/1171 1172/1172/1172
f 1130/1130/1130 1172/1172/1172 1131/1131/1131
f 1131/1131/1131 1172/1172/1172 1173/1173/1173
f 1131/1131/1131 1173/1173/1173 1132/1132/1132
f 1132/1132/1132 1173/1173/1173 1174/1174/1174
f 1132/1132/1132 1174/1174/1174 1133/1133/1133
f 1133/1133/1133 1174/1174/1174 1175/1175/1175
f 1133/1133/1133 1175/1175/1175 1134/1134/1134
f 1134/1134/1134 1175/1175/1175 1176/1176/1176
f 1134/1134/1134 1176/1176/1176 1135/1135/1135
f 1135/1135/1135 1176/1176/1176 1177/1177/1177
f 1135/1135/1135 1177/1177/1177 1136/1136/1136
f 1136/1136/1136 1177/1177/1177 1178/1178/1178
f 1136/1136/1136 1178/1178/1178 1137/1137/1137
f 1137/1137/1137 1178/1178/1178 1179/1179/1179
f 1137/1137/1137 1179/1179/1179 1138/1138/1138
f 1138/1138/1138 1179/1179/1179 1180/1180/1180
f 1138/1138/1138 1180/1180/1180 1139/1139/1139
f 1139/1139/1139 1180/1180/1180 1181/1181/1181
f 1139/1139/1139 1181/1181/1181 1140/1140/1140
f 1140/1140/1140 1181/1181/1181 1182/1182/1182
f 1140/1140/1140 1182/1182/1182 1141/1141/1141
f 1141/1141/1141 1182/1182/1182 1183/1183/1183
f 1141/1141/1141 1183/1183/1183 1142/1142/1142
f 1142/1142/1142 1183/1183/1183 1184/1184/1184
f 1142/1142/1142 1184/1184/1184 1143/1143/1143
f 1143/1143/1143 1184/1184/1184 1185/1185/1185
f 1143/1143/1143 1185/1185/1185 1144/1144/1144
f 1144/1144/1144 1185/1185/1185 1186/1186/1186
f 1144/1144/1144 1186/1186/1186 1145/1145/1145
f 1145/1145/1145 1186/1186/1186 1187/1187/1187
f 1145/1145/1145 1187/1187/1187 1146/1146/1146
f 1146/1146/1146 1187/1187/1187 1188/1188/1188
f 1146/1146/1146 1188/1188/1188 1147/1147/1147
f 1147/1147/1147 1188/1188/1188 1189/1189/1189
f 1147/1147/1147 1189/1189/1189 1148/1148/1148
