# generated by tools/make_gecko_mesh.py -- do not hand-edit
v 0.034561 0.000076 -0.000500
v 0.034561 0.000076 -0.000500
v 0.034561 0.000076 -0.000500
v 0.034561 0.000076 -0.000500
v 0.034561 0.000076 -0.000500
v 0.034561 0.000076 -0.000500
v 0.034561 0.000076 -0.000500
v 0.034561 0.000076 -0.000500
v 0.034561 0.000076 -0.000500
v 0.034561 0.000076 -0.000500
v 0.034561 0.000076 -0.000500
v 0.034561 0.000076 -0.000500
v 0.034561 0.000076 -0.000500
v 0.034561 0.000076 -0.000500
v 0.034561 0.000076 -0.000500
v 0.034561 0.000076 -0.000500
v 0.034561 0.000076 -0.000500
v 0.034561 0.000076 -0.000500
v 0.034561 0.000076 -0.000500
v 0.034561 0.000076 -0.000500
v 0.034561 0.000076 -0.000500
v 0.034561 0.000076 -0.000500
v 0.034561 0.000076 -0.000500
v 0.034561 0.000076 -0.000500
v 0.034561 0.000076 -0.000500
v 0.034561 0.000076 -0.000500
v 0.034561 0.000076 -0.000500
v 0.034561 0.000076 -0.000500
v 0.034561 0.000076 -0.000500
v 0.034142 0.001356 -0.000524
v 0.034142 0.001332 -0.000157
v 0.034142 0.001258 0.000078
v 0.034142 0.001135 0.000264
v 0.034142 0.000965 0.000408
v 0.034142 0.000745 0.000511
v 0.034142 0.000466 0.000574
v 0.034142 0.000030 0.000594
v 0.034142 -0.000405 0.000574
v 0.034142 -0.000684 0.000511
v 0.034142 -0.000904 0.000408
v 0.034142 -0.001075 0.000264
v 0.034142 -0.001197 0.000078
v 0.034142 -0.001271 -0.000157
v 0.034142 -0.001296 -0.000524
v 0.034142 -0.001264 -0.000792
v 0.034142 -0.001170 -0.001029
v 0.034142 -0.001018 -0.001238
v 0.034142 -0.000815 -0.001409
v 0.034142 -0.000568 -0.001537
v 0.034142 -0.000286 -0.001616
v 0.034142 0.000030 -0.001643
v 0.034142 0.000347 -0.001616
v 0.034142 0.000629 -0.001537
v 0.034142 0.000876 -0.001409
v 0.034142 0.001079 -0.001238
v 0.034142 0.001231 -0.001029
v 0.034142 0.001325 -0.000792
v 0.034142 0.001356 -0.000524
v 0.033723 0.001783 -0.000532
v 0.033723 0.001750 -0.000042
v 0.033723 0.001652 0.000271
v 0.033723 0.001489 0.000519
v 0.033723 0.001261 0.000711
v 0.033723 0.000968 0.000849
v 0.033723 0.000596 0.000932
v 0.033723 0.000015 0.000959
v 0.033723 -0.000566 0.000932
v 0.033723 -0.000937 0.000849
v 0.033723 -0.001231 0.000711
v 0.033723 -0.001458 0.000519
v 0.033723 -0.001621 0.000271
v 0.033723 -0.001720 -0.000042
v 0.033723 -0.001753 -0.000532
v 0.033723 -0.001711 -0.000889
v 0.033723 -0.001586 -0.001206
v 0.033723 -0.001383 -0.001484
v 0.033723 -0.001112 -0.001712
v 0.033723 -0.000783 -0.001883
v 0.033723 -0.000407 -0.001988
v 0.033723 0.000015 -0.002024
v 0.033723 0.000438 -0.001988
v 0.033723 0.000813 -0.001883
v 0.033723 0.001143 -0.001712
v 0.033723 0.001414 -0.001484
v 0.033723 0.001616 -0.001206
v 0.033723 0.001741 -0.000889
v 0.033723 0.001783 -0.000532
v 0.033304 0.002032 -0.000537
v 0.033304 0.001994 0.000024
v 0.033304 0.001881 0.000384
v 0.033304 0.001694 0.000667
v 0.033304 0.001434 0.000887
v 0.033304 0.001098 0.001045
v 0.033304 0.000672 0.001140
v 0.033304 0.000006 0.001172
v 0.033304 -0.000659 0.001140
v 0.033304 -0.001085 0.001045
v 0.033304 -0.001421 0.000887
v 0.033304 -0.001682 0.000667
v 0.033304 -0.001869 0.000384
v 0.033304 -0.001981 0.000024
v 0.033304 -0.002019 -0.000537
v 0.033304 -0.001971 -0.000946
v 0.033304 -0.001828 -0.001309
v 0.033304 -0.001596 -0.001627
v 0.033304 -0.001285 -0.001889
v 0.033304 -0.000908 -0.002084
v 0.033304 -0.000478 -0.002205
v 0.033304 0.000006 -0.002246
v 0.033304 0.000491 -0.002205
v 0.033304 0.000921 -0.002084
v 0.033304 0.001298 -0.001889
v 0.033304 0.001609 -0.001627
v 0.033304 0.001840 -0.001309
v 0.033304 0.001983 -0.000946
v 0.033304 0.002032 -0.000537
v 0.032885 0.002167 -0.000540
v 0.032885 0.002127 0.000061
v 0.032885 0.002006 0.000445
v 0.032885 0.001806 0.000748
v 0.032885 0.001528 0.000983
v 0.032885 0.001168 0.001152
v 0.032885 0.000713 0.001253
v 0.032885 0.000002 0.001287
v 0.032885 -0.000710 0.001253
v 0.032885 -0.001165 0.001152
v 0.032885 -0.001524 0.000983
v 0.032885 -0.001803 0.000748
v 0.032885 -0.002003 0.000445
v 0.032885 -0.002123 0.000061
v 0.032885 -0.002164 -0.000540
v 0.032885 -0.002112 -0.000976
v 0.032885 -0.001959 -0.001364
v 0.032885 -0.001711 -0.001705
v 0.032885 -0.001379 -0.001985
v 0.032885 -0.000976 -0.002194
v 0.032885 -0.000516 -0.002323
v 0.032885 0.000002 -0.002367
v 0.032885 0.000519 -0.002323
v 0.032885 0.000979 -0.002194
v 0.032885 0.001382 -0.001985
v 0.032885 0.001714 -0.001705
v 0.032885 0.001962 -0.001364
v 0.032885 0.002115 -0.000976
v 0.032885 0.002167 -0.000540
v 0.032466 0.002210 -0.000540
v 0.032466 0.002169 0.000072
v 0.032466 0.002046 0.000464
v 0.032466 0.001842 0.000774
v 0.032466 0.001557 0.001014
v 0.032466 0.001191 0.001186
v 0.032466 0.000726 0.001290
v 0.032466 0.000000 0.001324
v 0.032466 -0.000726 0.001290
v 0.032466 -0.001191 0.001186
v 0.032466 -0.001557 0.001014
v 0.032466 -0.001842 0.000774
v 0.032466 -0.002046 0.000464
v 0.032466 -0.002169 0.000072
v 0.032466 -0.002210 -0.000540
v 0.032466 -0.002157 -0.000986
v 0.032466 -0.002001 -0.001382
v 0.032466 -0.001748 -0.001729
v 0.032466 -0.001409 -0.002015
v 0.032466 -0.000998 -0.002229
v 0.032466 -0.000528 -0.002361
v 0.032466 -0.000000 -0.002405
v 0.032466 0.000528 -0.002361
v 0.032466 0.000998 -0.002229
v 0.032466 0.001409 -0.002015
v 0.032466 0.001748 -0.001729
v 0.032466 0.002001 -0.001382
v 0.032466 0.002157 -0.000986
v 0.032466 0.002210 -0.000540
v 0.031532 0.003812 -0.000351
v 0.031532 0.003741 0.000621
v 0.031532 0.003529 0.001244
v 0.031532 0.003177 0.001735
v 0.031532 0.002687 0.002115
v 0.031532 0.002054 0.002389
v 0.031532 0.001252 0.002553
v 0.031532 0.000000 0.002608
v 0.031532 -0.001252 0.002553
v 0.031532 -0.002054 0.002389
v 0.031532 -0.002687 0.002115
v 0.031532 -0.003177 0.001735
v 0.031532 -0.003529 0.001244
v 0.031532 -0.003741 0.000621
v 0.031532 -0.003812 -0.000351
v 0.031532 -0.003721 -0.001058
v 0.031532 -0.003452 -0.001687
v 0.031532 -0.003016 -0.002238
v 0.031532 -0.002431 -0.002692
v 0.031532 -0.001721 -0.003030
v 0.031532 -0.000911 -0.003239
v 0.031532 -0.000000 -0.003310
v 0.031532 0.000911 -0.003239
v 0.031532 0.001721 -0.003030
v 0.031532 0.002431 -0.002692
v 0.031532 0.003016 -0.002238
v 0.031532 0.003452 -0.001687
v 0.031532 0.003721 -0.001058
v 0.031532 0.003812 -0.000351
v 0.030598 0.004288 -0.000281
v 0.030598 0.004208 0.000807
v 0.030598 0.003969 0.001503
v 0.030598 0.003573 0.002052
v 0.030598 0.003022 0.002478
v 0.030598 0.002310 0.002784
v 0.030598 0.001409 0.002968
v 0.030598 0.000000 0.003030
v 0.030598 -0.001409 0.002968
v 0.030598 -0.002310 0.002784
v 0.030598 -0.003022 0.002478
v 0.030598 -0.003573 0.002052
v 0.030598 -0.003969 0.001503
v 0.030598 -0.004208 0.000807
v 0.030598 -0.004288 -0.000281
v 0.030598 -0.004185 -0.001072
v 0.030598 -0.003882 -0.001775
v 0.030598 -0.003392 -0.002392
v 0.030598 -0.002734 -0.002899
v 0.030598 -0.001936 -0.003278
v 0.030598 -0.001025 -0.003512
v 0.030598 -0.000000 -0.003591
v 0.030598 0.001025 -0.003512
v 0.030598 0.001936 -0.003278
v 0.030598 0.002734 -0.002899
v 0.030598 0.003392 -0.002392
v 0.030598 0.003882 -0.001775
v 0.030598 0.004185 -0.001072
v 0.030598 0.004288 -0.000281
v 0.029663 0.005056 -0.000163
v 0.029663 0.004962 0.001115
v 0.029663 0.004680 0.001932
v 0.029663 0.004213 0.002577
v 0.029663 0.003563 0.003077
v 0.029663 0.002724 0.003436
v 0.029663 0.001661 0.003653
v 0.029663 0.000000 0.003725
v 0.029663 -0.001661 0.003653
v 0.029663 -0.002724 0.003436
v 0.029663 -0.003563 0.003077
v 0.029663 -0.004213 0.002577
v 0.029663 -0.004680 0.001932
v 0.029663 -0.004962 0.001115
v 0.029663 -0.005056 -0.000163
v 0.029663 -0.004935 -0.001092
v 0.029663 -0.004578 -0.001918
v 0.029663 -0.004000 -0.002642
v 0.029663 -0.003224 -0.003238
v 0.029663 -0.002283 -0.003683
v 0.029663 -0.001209 -0.003957
v 0.029663 -0.000000 -0.004050
v 0.029663 0.001209 -0.003957
v 0.029663 0.002283 -0.003683
v 0.029663 0.003224 -0.003238
v 0.029663 0.004000 -0.002642
v 0.029663 0.004578 -0.001918
v 0.029663 0.004935 -0.001092
v 0.029663 0.005056 -0.000163
v 0.028729 0.005302 -0.000116
v 0.028729 0.005203 0.001223
v 0.028729 0.004908 0.002080
v 0.028729 0.004418 0.002756
v 0.028729 0.003736 0.003281
v 0.028729 0.002856 0.003657
v 0.028729 0.001742 0.003884
v 0.028729 0.000000 0.003960
v 0.028729 -0.001742 0.003884
v 0.028729 -0.002856 0.003657
v 0.028729 -0.003736 0.003281
v 0.028729 -0.004418 0.002756
v 0.028729 -0.004908 0.002080
v 0.028729 -0.005203 0.001223
v 0.028729 -0.005302 -0.000116
v 0.028729 -0.005175 -0.001091
v 0.028729 -0.004801 -0.001957
v 0.028729 -0.004194 -0.002715
v 0.028729 -0.003381 -0.003341
v 0.028729 -0.002394 -0.003807
v 0.028729 -0.001267 -0.004095
v 0.028729 -0.000000 -0.004192
v 0.028729 0.001267 -0.004095
v 0.028729 0.002394 -0.003807
v 0.028729 0.003381 -0.003341
v 0.028729 0.004194 -0.002715
v 0.028729 0.004801 -0.001957
v 0.028729 0.005175 -0.001091
v 0.028729 0.005302 -0.000116
v 0.027795 0.005886 0.000022
v 0.027795 0.005776 0.001512
v 0.027795 0.005448 0.002466
v 0.027795 0.004905 0.003219
v 0.027795 0.004148 0.003802
v 0.027795 0.003171 0.004221
v 0.027795 0.001934 0.004474
v 0.027795 0.000000 0.004558
v 0.027795 -0.001934 0.004474
v 0.027795 -0.003171 0.004221
v 0.027795 -0.004148 0.003802
v 0.027795 -0.004905 0.003219
v 0.027795 -0.005448 0.002466
v 0.027795 -0.005776 0.001512
v 0.027795 -0.005886 0.000022
v 0.027795 -0.005745 -0.001062
v 0.027795 -0.005329 -0.002026
v 0.027795 -0.004656 -0.002871
v 0.027795 -0.003753 -0.003566
v 0.027795 -0.002657 -0.004085
v 0.027795 -0.001407 -0.004406
v 0.027795 -0.000000 -0.004514
v 0.027795 0.001407 -0.004406
v 0.027795 0.002657 -0.004085
v 0.027795 0.003753 -0.003566
v 0.027795 0.004656 -0.002871
v 0.027795 0.005329 -0.002026
v 0.027795 0.005745 -0.001062
v 0.027795 0.005886 0.000022
v 0.026861 0.006575 0.000185
v 0.026861 0.006453 0.001854
v 0.026861 0.006086 0.002922
v 0.026861 0.005479 0.003765
v 0.026861 0.004634 0.004418
v 0.026861 0.003542 0.004887
v 0.026861 0.002160 0.005170
v 0.026861 0.000000 0.005265
v 0.026861 -0.002160 0.005170
v 0.026861 -0.003542 0.004887
v 0.026861 -0.004634 0.004418
v 0.026861 -0.005479 0.003765
v 0.026861 -0.006086 0.002922
v 0.026861 -0.006453 0.001854
v 0.026861 -0.006575 0.000185
v 0.026861 -0.006418 -0.001029
v 0.026861 -0.005953 -0.002108
v 0.026861 -0.005201 -0.003054
v 0.026861 -0.004193 -0.003833
v 0.026861 -0.002969 -0.004414
v 0.026861 -0.001572 -0.004773
v 0.026861 -0.000000 -0.004894
v 0.026861 0.001572 -0.004773
v 0.026861 0.002969 -0.004414
v 0.026861 0.004193 -0.003833
v 0.026861 0.005201 -0.003054
v 0.026861 0.005953 -0.002108
v 0.026861 0.006418 -0.001029
v 0.026861 0.006575 0.000185
v 0.025927 0.006891 0.000260
v 0.025927 0.006763 0.002010
v 0.025927 0.006379 0.003131
v 0.025927 0.005743 0.004015
v 0.025927 0.004856 0.004700
v 0.025927 0.003713 0.005192
v 0.025927 0.002264 0.005489
v 0.025927 0.000000 0.005588
v 0.025927 -0.002264 0.005489
v 0.025927 -0.003713 0.005192
v 0.025927 -0.004856 0.004700
v 0.025927 -0.005743 0.004015
v 0.025927 -0.006379 0.003131
v 0.025927 -0.006763 0.002010
v 0.025927 -0.006891 0.000260
v 0.025927 -0.006726 -0.001014
v 0.025927 -0.006239 -0.002146
v 0.025927 -0.005451 -0.003138
v 0.025927 -0.004394 -0.003955
v 0.025927 -0.003111 -0.004565
v 0.025927 -0.001647 -0.004941
v 0.025927 -0.000000 -0.005069
v 0.025927 0.001647 -0.004941
v 0.025927 0.003111 -0.004565
v 0.025927 0.004394 -0.003955
v 0.025927 0.005451 -0.003138
v 0.025927 0.006239 -0.002146
v 0.025927 0.006726 -0.001014
v 0.025927 0.006891 0.000260
v 0.024993 0.007420 0.000388
v 0.024993 0.007282 0.002264
v 0.024993 0.006868 0.003464
v 0.024993 0.006183 0.004411
v 0.024993 0.005229 0.005146
v 0.024993 0.003997 0.005673
v 0.024993 0.002438 0.005991
v 0.024993 0.000000 0.006097
v 0.024993 -0.002438 0.005991
v 0.024993 -0.003997 0.005673
v 0.024993 -0.005229 0.005146
v 0.024993 -0.006183 0.004411
v 0.024993 -0.006868 0.003464
v 0.024993 -0.007282 0.002264
v 0.024993 -0.007420 0.000388
v 0.024993 -0.007243 -0.000976
v 0.024993 -0.006718 -0.002189
v 0.024993 -0.005870 -0.003252
v 0.024993 -0.004732 -0.004128
v 0.024993 -0.003350 -0.004781
v 0.024993 -0.001774 -0.005184
v 0.024993 -0.000000 -0.005320
v 0.024993 0.001774 -0.005184
v 0.024993 0.003350 -0.004781
v 0.024993 0.004732 -0.004128
v 0.024993 0.005870 -0.003252
v 0.024993 0.006718 -0.002189
v 0.024993 0.007243 -0.000976
v 0.024993 0.007420 0.000388
v 0.024059 0.008441 0.000636
v 0.024059 0.008284 0.002753
v 0.024059 0.007814 0.004108
v 0.024059 0.007034 0.005177
v 0.024059 0.005949 0.006006
v 0.024059 0.004548 0.006601
v 0.024059 0.002773 0.006959
v 0.024059 0.000000 0.007080
v 0.024059 -0.002773 0.006959
v 0.024059 -0.004548 0.006601
v 0.024059 -0.005949 0.006006
v 0.024059 -0.007034 0.005177
v 0.024059 -0.007814 0.004108
v 0.024059 -0.008284 0.002753
v 0.024059 -0.008441 0.000636
v 0.024059 -0.008240 -0.000904
v 0.024059 -0.007643 -0.002272
v 0.024059 -0.006677 -0.003472
v 0.024059 -0.005383 -0.004460
v 0.024059 -0.003811 -0.005197
v 0.024059 -0.002018 -0.005653
v 0.024059 -0.000000 -0.005807
v 0.024059 0.002018 -0.005653
v 0.024059 0.003811 -0.005197
v 0.024059 0.005383 -0.004460
v 0.024059 0.006677 -0.003472
v 0.024059 0.007643 -0.002272
v 0.024059 0.008240 -0.000904
v 0.024059 0.008441 0.000636
v 0.023125 0.009252 0.000833
v 0.023125 0.009079 0.003141
v 0.023125 0.008564 0.004618
v 0.023125 0.007710 0.005784
v 0.023125 0.006520 0.006688
v 0.023125 0.004984 0.007337
v 0.023125 0.003039 0.007728
v 0.023125 0.000000 0.007859
v 0.023125 -0.003039 0.007728
v 0.023125 -0.004984 0.007337
v 0.023125 -0.006520 0.006688
v 0.023125 -0.007710 0.005784
v 0.023125 -0.008564 0.004618
v 0.023125 -0.009079 0.003141
v 0.023125 -0.009252 0.000833
v 0.023125 -0.009030 -0.000846
v 0.023125 -0.008377 -0.002339
v 0.023125 -0.007318 -0.003647
v 0.023125 -0.005899 -0.004724
v 0.023125 -0.004177 -0.005528
v 0.023125 -0.002211 -0.006024
v 0.023125 -0.000000 -0.006192
v 0.023125 0.002211 -0.006024
v 0.023125 0.004177 -0.005528
v 0.023125 0.005899 -0.004724
v 0.023125 0.007318 -0.003647
v 0.023125 0.008377 -0.002339
v 0.023125 0.009030 -0.000846
v 0.023125 0.009252 0.000833
v 0.022191 0.009549 0.000901
v 0.022191 0.009371 0.003269
v 0.022191 0.008839 0.004785
v 0.022191 0.007958 0.005981
v 0.022191 0.006730 0.006908
v 0.022191 0.005145 0.007574
v 0.022191 0.003137 0.007975
v 0.022191 0.000000 0.008110
v 0.022191 -0.003137 0.007975
v 0.022191 -0.005145 0.007574
v 0.022191 -0.006730 0.006908
v 0.022191 -0.007958 0.005981
v 0.022191 -0.008839 0.004785
v 0.022191 -0.009371 0.003269
v 0.022191 -0.009549 0.000901
v 0.022191 -0.009321 -0.000822
v 0.022191 -0.008646 -0.002353
v 0.022191 -0.007554 -0.003695
v 0.022191 -0.006089 -0.004801
v 0.022191 -0.004311 -0.005626
v 0.022191 -0.002283 -0.006135
v 0.022191 -0.000000 -0.006307
v 0.022191 0.002283 -0.006135
v 0.022191 0.004311 -0.005626
v 0.022191 0.006089 -0.004801
v 0.022191 0.007554 -0.003695
v 0.022191 0.008646 -0.002353
v 0.022191 0.009321 -0.000822
v 0.022191 0.009549 0.000901
v 0.021257 0.010514 0.001113
v 0.021257 0.010318 0.003657
v 0.021257 0.009732 0.005284
v 0.021257 0.008762 0.006569
v 0.021257 0.007409 0.007565
v 0.021257 0.005664 0.008279
v 0.021257 0.003454 0.008711
v 0.021257 0.000000 0.008855
v 0.021257 -0.003454 0.008711
v 0.021257 -0.005664 0.008279
v 0.021257 -0.007409 0.007565
v 0.021257 -0.008762 0.006569
v 0.021257 -0.009732 0.005284
v 0.021257 -0.010318 0.003657
v 0.021257 -0.010514 0.001113
v 0.021257 -0.010263 -0.000737
v 0.021257 -0.009520 -0.002382
v 0.021257 -0.008317 -0.003823
v 0.021257 -0.006704 -0.005011
v 0.021257 -0.004747 -0.005897
v 0.021257 -0.002513 -0.006443
v 0.021257 -0.000000 -0.006628
v 0.021257 0.002513 -0.006443
v 0.021257 0.004747 -0.005897
v 0.021257 0.006704 -0.005011
v 0.021257 0.008317 -0.003823
v 0.021257 0.009520 -0.002382
v 0.021257 0.010263 -0.000737
v 0.021257 0.010514 0.001113
v 0.020322 0.011618 0.001356
v 0.020322 0.011402 0.004100
v 0.020322 0.010755 0.005856
v 0.020322 0.009682 0.007242
v 0.020322 0.008188 0.008316
v 0.020322 0.006259 0.009088
v 0.020322 0.003817 0.009553
v 0.020322 0.000000 0.009708
v 0.020322 -0.003817 0.009553
v 0.020322 -0.006259 0.009088
v 0.020322 -0.008188 0.008316
v 0.020322 -0.009682 0.007242
v 0.020322 -0.010755 0.005856
v 0.020322 -0.011402 0.004100
v 0.020322 -0.011618 0.001356
v 0.020322 -0.011341 -0.000640
v 0.020322 -0.010520 -0.002415
v 0.020322 -0.009191 -0.003970
v 0.020322 -0.007409 -0.005251
v 0.020322 -0.005246 -0.006207
v 0.020322 -0.002777 -0.006797
v 0.020322 -0.000000 -0.006996
v 0.020322 0.002777 -0.006797
v 0.020322 0.005246 -0.006207
v 0.020322 0.007409 -0.005251
v 0.020322 0.009191 -0.003970
v 0.020322 0.010520 -0.002415
v 0.020322 0.011341 -0.000640
v 0.020322 0.011618 0.001356
v 0.019388 0.012091 0.001460
v 0.019388 0.011866 0.004290
v 0.019388 0.011192 0.006101
v 0.019388 0.010076 0.007530
v 0.019388 0.008521 0.008638
v 0.019388 0.006514 0.009433
v 0.019388 0.003972 0.009913
v 0.019388 0.000000 0.010074
v 0.019388 -0.003972 0.009913
v 0.019388 -0.006514 0.009433
v 0.019388 -0.008521 0.008638
v 0.019388 -0.010076 0.007530
v 0.019388 -0.011192 0.006101
v 0.019388 -0.011866 0.004290
v 0.019388 -0.012091 0.001460
v 0.019388 -0.011802 -0.000599
v 0.019388 -0.010948 -0.002429
v 0.019388 -0.009564 -0.004032
v 0.019388 -0.007710 -0.005354
v 0.019388 -0.005459 -0.006339
v 0.019388 -0.002890 -0.006948
v 0.019388 -0.000000 -0.007153
v 0.019388 0.002890 -0.006948
v 0.019388 0.005459 -0.006339
v 0.019388 0.007710 -0.005354
v 0.019388 0.009564 -0.004032
v 0.019388 0.010948 -0.002429
v 0.019388 0.011802 -0.000599
v 0.019388 0.012091 0.001460
v 0.018454 0.012226 0.001529
v 0.018454 0.011998 0.004374
v 0.018454 0.011317 0.006195
v 0.018454 0.010189 0.007632
v 0.018454 0.008616 0.008746
v 0.018454 0.006587 0.009545
v 0.018454 0.004017 0.010028
v 0.018454 0.000000 0.010189
v 0.018454 -0.004017 0.010028
v 0.018454 -0.006587 0.009545
v 0.018454 -0.008616 0.008746
v 0.018454 -0.010189 0.007632
v 0.018454 -0.011317 0.006195
v 0.018454 -0.011998 0.004374
v 0.018454 -0.012226 0.001529
v 0.018454 -0.011934 -0.000540
v 0.018454 -0.011070 -0.002380
v 0.018454 -0.009672 -0.003993
v 0.018454 -0.007796 -0.005321
v 0.018454 -0.005520 -0.006311
v 0.018454 -0.002922 -0.006923
v 0.018454 -0.000000 -0.007130
v 0.018454 0.002922 -0.006923
v 0.018454 0.005520 -0.006311
v 0.018454 0.007796 -0.005321
v 0.018454 0.009672 -0.003993
v 0.018454 0.011070 -0.002380
v 0.018454 0.011934 -0.000540
v 0.018454 0.012226 0.001529
v 0.017520 0.012494 0.001667
v 0.017520 0.012262 0.004542
v 0.017520 0.011566 0.006382
v 0.017520 0.010412 0.007834
v 0.017520 0.008805 0.008960
v 0.017520 0.006731 0.009768
v 0.017520 0.004105 0.010255
v 0.017520 0.000000 0.010418
v 0.017520 -0.004105 0.010255
v 0.017520 -0.006731 0.009768
v 0.017520 -0.008805 0.008960
v 0.017520 -0.010412 0.007834
v 0.017520 -0.011566 0.006382
v 0.017520 -0.012262 0.004542
v 0.017520 -0.012494 0.001667
v 0.017520 -0.012196 -0.000425
v 0.017520 -0.011313 -0.002284
v 0.017520 -0.009884 -0.003913
v 0.017520 -0.007967 -0.005256
v 0.017520 -0.005641 -0.006257
v 0.017520 -0.002987 -0.006875
v 0.017520 -0.000000 -0.007084
v 0.017520 0.002987 -0.006875
v 0.017520 0.005641 -0.006257
v 0.017520 0.007967 -0.005256
v 0.017520 0.009884 -0.003913
v 0.017520 0.011313 -0.002284
v 0.017520 0.012196 -0.000425
v 0.017520 0.012494 0.001667
v 0.016586 0.012756 0.001801
v 0.016586 0.012518 0.004705
v 0.016586 0.011807 0.006564
v 0.016586 0.010630 0.008031
v 0.016586 0.008989 0.009168
v 0.016586 0.006872 0.009984
v 0.016586 0.004191 0.010477
v 0.016586 0.000000 0.010641
v 0.016586 -0.004191 0.010477
v 0.016586 -0.006872 0.009984
v 0.016586 -0.008989 0.009168
v 0.016586 -0.010630 0.008031
v 0.016586 -0.011807 0.006564
v 0.016586 -0.012518 0.004705
v 0.016586 -0.012756 0.001801
v 0.016586 -0.012451 -0.000312
v 0.016586 -0.011550 -0.002190
v 0.016586 -0.010090 -0.003836
v 0.016586 -0.008134 -0.005192
v 0.016586 -0.005759 -0.006204
v 0.016586 -0.003049 -0.006828
v 0.016586 -0.000000 -0.007040
v 0.016586 0.003049 -0.006828
v 0.016586 0.005759 -0.006204
v 0.016586 0.008134 -0.005192
v 0.016586 0.010090 -0.003836
v 0.016586 0.011550 -0.002190
v 0.016586 0.012451 -0.000312
v 0.016586 0.012756 0.001801
v 0.015652 0.012870 0.001860
v 0.015652 0.012630 0.004777
v 0.015652 0.011913 0.006643
v 0.015652 0.010725 0.008117
v 0.015652 0.009070 0.009259
v 0.015652 0.006934 0.010079
v 0.015652 0.004228 0.010574
v 0.015652 0.000000 0.010739
v 0.015652 -0.004228 0.010574
v 0.015652 -0.006934 0.010079
v 0.015652 -0.009070 0.009259
v 0.015652 -0.010725 0.008117
v 0.015652 -0.011913 0.006643
v 0.015652 -0.012630 0.004777
v 0.015652 -0.012870 0.001860
v 0.015652 -0.012562 -0.000263
v 0.015652 -0.011653 -0.002149
v 0.015652 -0.010181 -0.003803
v 0.015652 -0.008207 -0.005164
v 0.015652 -0.005811 -0.006180
v 0.015652 -0.003076 -0.006808
v 0.015652 -0.000000 -0.007020
v 0.015652 0.003076 -0.006808
v 0.015652 0.005811 -0.006180
v 0.015652 0.008207 -0.005164
v 0.015652 0.010181 -0.003803
v 0.015652 0.011653 -0.002149
v 0.015652 0.012562 -0.000263
v 0.015652 0.012870 0.001860
v 0.014718 0.012886 0.001860
v 0.014718 0.012646 0.004759
v 0.014718 0.011928 0.006614
v 0.014718 0.010739 0.008079
v 0.014718 0.009081 0.009214
v 0.014718 0.006942 0.010028
v 0.014718 0.004233 0.010520
v 0.014718 0.000000 0.010684
v 0.014718 -0.004233 0.010520
v 0.014718 -0.006942 0.010028
v 0.014718 -0.009081 0.009214
v 0.014718 -0.010739 0.008079
v 0.014718 -0.011928 0.006614
v 0.014718 -0.012646 0.004759
v 0.014718 -0.012886 0.001860
v 0.014718 -0.012578 -0.000250
v 0.014718 -0.011668 -0.002125
v 0.014718 -0.010193 -0.003768
v 0.014718 -0.008217 -0.005121
v 0.014718 -0.005818 -0.006131
v 0.014718 -0.003080 -0.006754
v 0.014718 -0.000000 -0.006965
v 0.014718 0.003080 -0.006754
v 0.014718 0.005818 -0.006131
v 0.014718 0.008217 -0.005121
v 0.014718 0.010193 -0.003768
v 0.014718 0.011668 -0.002125
v 0.014718 0.012578 -0.000250
v 0.014718 0.012886 0.001860
v 0.013784 0.012922 0.001860
v 0.013784 0.012682 0.004718
v 0.013784 0.011962 0.006547
v 0.013784 0.010769 0.007991
v 0.013784 0.009107 0.009110
v 0.013784 0.006962 0.009913
v 0.013784 0.004245 0.010398
v 0.013784 0.000000 0.010560
v 0.013784 -0.004245 0.010398
v 0.013784 -0.006962 0.009913
v 0.013784 -0.009107 0.009110
v 0.013784 -0.010769 0.007991
v 0.013784 -0.011962 0.006547
v 0.013784 -0.012682 0.004718
v 0.013784 -0.012922 0.001860
v 0.013784 -0.012614 -0.000220
v 0.013784 -0.011701 -0.002068
v 0.013784 -0.010222 -0.003688
v 0.013784 -0.008240 -0.005023
v 0.013784 -0.005834 -0.006018
v 0.013784 -0.003089 -0.006633
v 0.013784 -0.000000 -0.006841
v 0.013784 0.003089 -0.006633
v 0.013784 0.005834 -0.006018
v 0.013784 0.008240 -0.005023
v 0.013784 0.010222 -0.003688
v 0.013784 0.011701 -0.002068
v 0.013784 0.012614 -0.000220
v 0.013784 0.012922 0.001860
v 0.012850 0.012964 0.001860
v 0.012850 0.012722 0.004672
v 0.012850 0.012000 0.006471
v 0.012850 0.010803 0.007892
v 0.012850 0.009136 0.008993
v 0.012850 0.006984 0.009783
v 0.012850 0.004259 0.010260
v 0.012850 0.000000 0.010420
v 0.012850 -0.004259 0.010260
v 0.012850 -0.006984 0.009783
v 0.012850 -0.009136 0.008993
v 0.012850 -0.010803 0.007892
v 0.012850 -0.012000 0.006471
v 0.012850 -0.012722 0.004672
v 0.012850 -0.012964 0.001860
v 0.012850 -0.012654 -0.000186
v 0.012850 -0.011738 -0.002005
v 0.012850 -0.010255 -0.003599
v 0.012850 -0.008267 -0.004912
v 0.012850 -0.005853 -0.005891
v 0.012850 -0.003099 -0.006496
v 0.012850 -0.000000 -0.006701
v 0.012850 0.003099 -0.006496
v 0.012850 0.005853 -0.005891
v 0.012850 0.008267 -0.004912
v 0.012850 0.010255 -0.003599
v 0.012850 0.011738 -0.002005
v 0.012850 0.012654 -0.000186
v 0.012850 0.012964 0.001860
v 0.011915 0.012994 0.001860
v 0.011915 0.012752 0.004638
v 0.011915 0.012028 0.006416
v 0.011915 0.010828 0.007820
v 0.011915 0.009157 0.008907
v 0.011915 0.007000 0.009688
v 0.011915 0.004269 0.010159
v 0.011915 0.000000 0.010317
v 0.011915 -0.004269 0.010159
v 0.011915 -0.007000 0.009688
v 0.011915 -0.009157 0.008907
v 0.011915 -0.010828 0.007820
v 0.011915 -0.012028 0.006416
v 0.011915 -0.012752 0.004638
v 0.011915 -0.012994 0.001860
v 0.011915 -0.012683 -0.000162
v 0.011915 -0.011765 -0.001959
v 0.011915 -0.010279 -0.003533
v 0.011915 -0.008286 -0.004830
v 0.011915 -0.005866 -0.005798
v 0.011915 -0.003106 -0.006396
v 0.011915 -0.000000 -0.006598
v 0.011915 0.003106 -0.006396
v 0.011915 0.005866 -0.005798
v 0.011915 0.008286 -0.004830
v 0.011915 0.010279 -0.003533
v 0.011915 0.011765 -0.001959
v 0.011915 0.012683 -0.000162
v 0.011915 0.012994 0.001860
v 0.010981 0.012970 0.001860
v 0.010981 0.012728 0.004624
v 0.010981 0.012006 0.006393
v 0.010981 0.010808 0.007790
v 0.010981 0.009140 0.008872
v 0.010981 0.006987 0.009649
v 0.010981 0.004261 0.010118
v 0.010981 0.000000 0.010275
v 0.010981 -0.004261 0.010118
v 0.010981 -0.006987 0.009649
v 0.010981 -0.009140 0.008872
v 0.010981 -0.010808 0.007790
v 0.010981 -0.012006 0.006393
v 0.010981 -0.012728 0.004624
v 0.010981 -0.012970 0.001860
v 0.010981 -0.012660 -0.000152
v 0.010981 -0.011744 -0.001940
v 0.010981 -0.010260 -0.003506
v 0.010981 -0.008271 -0.004797
v 0.010981 -0.005856 -0.005760
v 0.010981 -0.003100 -0.006354
v 0.010981 -0.000000 -0.006555
v 0.010981 0.003100 -0.006354
v 0.010981 0.005856 -0.005760
v 0.010981 0.008271 -0.004797
v 0.010981 0.010260 -0.003506
v 0.010981 0.011744 -0.001940
v 0.010981 0.012660 -0.000152
v 0.010981 0.012970 0.001860
v 0.010047 0.012698 0.001877
v 0.010047 0.012457 0.004540
v 0.010047 0.011737 0.006275
v 0.010047 0.010547 0.007656
v 0.010047 0.008894 0.008731
v 0.010047 0.006771 0.009505
v 0.010047 0.004100 0.009973
v 0.010047 0.000000 0.010130
v 0.010047 -0.004100 0.009973
v 0.010047 -0.006771 0.009505
v 0.010047 -0.008894 0.008731
v 0.010047 -0.010547 0.007656
v 0.010047 -0.011737 0.006275
v 0.010047 -0.012457 0.004540
v 0.010047 -0.012698 0.001877
v 0.010047 -0.012394 -0.000088
v 0.010047 -0.011494 -0.001841
v 0.010047 -0.010038 -0.003380
v 0.010047 -0.008088 -0.004648
v 0.010047 -0.005721 -0.005594
v 0.010047 -0.003024 -0.006179
v 0.010047 -0.000000 -0.006377
v 0.010047 0.003024 -0.006179
v 0.010047 0.005721 -0.005594
v 0.010047 0.008088 -0.004648
v 0.010047 0.010038 -0.003380
v 0.010047 0.011494 -0.001841
v 0.010047 0.012394 -0.000088
v 0.010047 0.012698 0.001877
v 0.009113 0.012435 0.001833
v 0.009113 0.012184 0.004300
v 0.009113 0.011438 0.006019
v 0.009113 0.010211 0.007422
v 0.009113 0.008524 0.008532
v 0.009113 0.006390 0.009340
v 0.009113 0.003773 0.009832
v 0.009113 0.000000 0.009997
v 0.009113 -0.003773 0.009832
v 0.009113 -0.006390 0.009340
v 0.009113 -0.008524 0.008532
v 0.009113 -0.010211 0.007422
v 0.009113 -0.011438 0.006019
v 0.009113 -0.012184 0.004300
v 0.009113 -0.012435 0.001833
v 0.009113 -0.012135 -0.000085
v 0.009113 -0.011246 -0.001817
v 0.009113 -0.009810 -0.003344
v 0.009113 -0.007888 -0.004606
v 0.009113 -0.005562 -0.005549
v 0.009113 -0.002924 -0.006133
v 0.009113 -0.000000 -0.006330
v 0.009113 0.002924 -0.006133
v 0.009113 0.005562 -0.005549
v 0.009113 0.007888 -0.004606
v 0.009113 0.009810 -0.003344
v 0.009113 0.011246 -0.001817
v 0.009113 0.012135 -0.000085
v 0.009113 0.012435 0.001833
v 0.008179 0.012390 0.001588
v 0.008179 0.012120 0.003867
v 0.008179 0.011320 0.005613
v 0.008179 0.010014 0.007086
v 0.008179 0.008241 0.008276
v 0.008179 0.006043 0.009152
v 0.008179 0.003431 0.009690
v 0.008179 0.000000 0.009871
v 0.008179 -0.003431 0.009690
v 0.008179 -0.006043 0.009152
v 0.008179 -0.008241 0.008276
v 0.008179 -0.010014 0.007086
v 0.008179 -0.011320 0.005613
v 0.008179 -0.012120 0.003867
v 0.008179 -0.012390 0.001588
v 0.008179 -0.012087 -0.000323
v 0.008179 -0.011191 -0.002078
v 0.008179 -0.009745 -0.003634
v 0.008179 -0.007815 -0.004925
v 0.008179 -0.005488 -0.005893
v 0.008179 -0.002862 -0.006492
v 0.008179 -0.000000 -0.006694
v 0.008179 0.002862 -0.006492
v 0.008179 0.005488 -0.005893
v 0.008179 0.007815 -0.004925
v 0.008179 0.009745 -0.003634
v 0.008179 0.011191 -0.002078
v 0.008179 0.012087 -0.000323
v 0.008179 0.012390 0.001588
v 0.007245 0.012194 0.001138
v 0.007245 0.011908 0.003218
v 0.007245 0.011064 0.004986
v 0.007245 0.009696 0.006526
v 0.007245 0.007859 0.007791
v 0.007245 0.005621 0.008734
v 0.007245 0.003047 0.009316
v 0.007245 0.000000 0.009513
v 0.007245 -0.003047 0.009316
v 0.007245 -0.005621 0.008734
v 0.007245 -0.007859 0.007791
v 0.007245 -0.009696 0.006526
v 0.007245 -0.011064 0.004986
v 0.007245 -0.011908 0.003218
v 0.007245 -0.012194 0.001138
v 0.007245 -0.011892 -0.000760
v 0.007245 -0.011000 -0.002532
v 0.007245 -0.009562 -0.004113
v 0.007245 -0.007647 -0.005429
v 0.007245 -0.005346 -0.006417
v 0.007245 -0.002765 -0.007030
v 0.007245 -0.000000 -0.007237
v 0.007245 0.002765 -0.007030
v 0.007245 0.005346 -0.006417
v 0.007245 0.007647 -0.005429
v 0.007245 0.009562 -0.004113
v 0.007245 0.011000 -0.002532
v 0.007245 0.011892 -0.000760
v 0.007245 0.012194 0.001138
v 0.006311 0.011957 0.000618
v 0.006311 0.011663 0.002557
v 0.006311 0.010793 0.004346
v 0.006311 0.009390 0.005938
v 0.006311 0.007520 0.007263
v 0.006311 0.005272 0.008257
v 0.006311 0.002745 0.008873
v 0.006311 0.000000 0.009082
v 0.006311 -0.002745 0.008873
v 0.006311 -0.005272 0.008257
v 0.006311 -0.007520 0.007263
v 0.006311 -0.009390 0.005938
v 0.006311 -0.010793 0.004346
v 0.006311 -0.011663 0.002557
v 0.006311 -0.011957 0.000618
v 0.006311 -0.011658 -0.001274
v 0.006311 -0.010777 -0.003063
v 0.006311 -0.009356 -0.004666
v 0.006311 -0.007467 -0.006004
v 0.006311 -0.005202 -0.007009
v 0.006311 -0.002674 -0.007634
v 0.006311 -0.000000 -0.007845
v 0.006311 0.002674 -0.007634
v 0.006311 0.005202 -0.007009
v 0.006311 0.007467 -0.006004
v 0.006311 0.009356 -0.004666
v 0.006311 0.010777 -0.003063
v 0.006311 0.011658 -0.001274
v 0.006311 0.011957 0.000618
v 0.005377 0.011667 0.000254
v 0.005377 0.011374 0.002141
v 0.005377 0.010511 0.003934
v 0.005377 0.009121 0.005542
v 0.005377 0.007274 0.006885
v 0.005377 0.005062 0.007896
v 0.005377 0.002596 0.008523
v 0.005377 0.000000 0.008736
v 0.005377 -0.002596 0.008523
v 0.005377 -0.005062 0.007896
v 0.005377 -0.007274 0.006885
v 0.005377 -0.009121 0.005542
v 0.005377 -0.010511 0.003934
v 0.005377 -0.011374 0.002141
v 0.005377 -0.011667 0.000254
v 0.005377 -0.011374 -0.001634
v 0.005377 -0.010511 -0.003427
v 0.005377 -0.009121 -0.005035
v 0.005377 -0.007274 -0.006378
v 0.005377 -0.005062 -0.007389
v 0.005377 -0.002596 -0.008016
v 0.005377 -0.000000 -0.008229
v 0.005377 0.002596 -0.008016
v 0.005377 0.005062 -0.007389
v 0.005377 0.007274 -0.006378
v 0.005377 0.009121 -0.005035
v 0.005377 0.010511 -0.003427
v 0.005377 0.011374 -0.001634
v 0.005377 0.011667 0.000254
v 0.004443 0.011424 0.000094
v 0.004443 0.011180 0.002406
v 0.004443 0.010454 0.004175
v 0.004443 0.009265 0.005650
v 0.004443 0.007642 0.006830
v 0.004443 0.005613 0.007695
v 0.004443 0.003180 0.008222
v 0.004443 0.000000 0.008400
v 0.004443 -0.003180 0.008222
v 0.004443 -0.005613 0.007695
v 0.004443 -0.007642 0.006830
v 0.004443 -0.009265 0.005650
v 0.004443 -0.010454 0.004175
v 0.004443 -0.011180 0.002406
v 0.004443 -0.011424 0.000094
v 0.004443 -0.011138 -0.001754
v 0.004443 -0.010293 -0.003510
v 0.004443 -0.008932 -0.005085
v 0.004443 -0.007123 -0.006400
v 0.004443 -0.004957 -0.007389
v 0.004443 -0.002542 -0.008004
v 0.004443 -0.000000 -0.008212
v 0.004443 0.002542 -0.008004
v 0.004443 0.004957 -0.007389
v 0.004443 0.007123 -0.006400
v 0.004443 0.008932 -0.005085
v 0.004443 0.010293 -0.003510
v 0.004443 0.011138 -0.001754
v 0.004443 0.011424 0.000094
vt 0.00000 0.06985
vt 0.07143 0.06985
vt 0.14286 0.06985
vt 0.21429 0.06985
vt 0.28571 0.06985
vt 0.35714 0.06985
vt 0.42857 0.06985
vt 0.50000 0.06985
vt 0.57143 0.06985
vt 0.64286 0.06985
vt 0.71429 0.06985
vt 0.78571 0.06985
vt 0.85714 0.06985
vt 0.92857 0.06985
vt 1.00000 0.06985
vt 1.07143 0.06985
vt 1.14286 0.06985
vt 1.21429 0.06985
vt 1.28571 0.06985
vt 1.35714 0.06985
vt 1.42857 0.06985
vt 1.50000 0.06985
vt 1.57143 0.06985
vt 1.64286 0.06985
vt 1.71429 0.06985
vt 1.78571 0.06985
vt 1.85714 0.06985
vt 1.92857 0.06985
vt 2.00000 0.06985
vt 0.00000 0.05588
vt 0.07143 0.05588
vt 0.14286 0.05588
vt 0.21429 0.05588
vt 0.28571 0.05588
vt 0.35714 0.05588
vt 0.42857 0.05588
vt 0.50000 0.05588
vt 0.57143 0.05588
vt 0.64286 0.05588
vt 0.71429 0.05588
vt 0.78571 0.05588
vt 0.85714 0.05588
vt 0.92857 0.05588
vt 1.00000 0.05588
vt 1.07143 0.05588
vt 1.14286 0.05588
vt 1.21429 0.05588
vt 1.28571 0.05588
vt 1.35714 0.05588
vt 1.42857 0.05588
vt 1.50000 0.05588
vt 1.57143 0.05588
vt 1.64286 0.05588
vt 1.71429 0.05588
vt 1.78571 0.05588
vt 1.85714 0.05588
vt 1.92857 0.05588
vt 2.00000 0.05588
vt 0.00000 0.04191
vt 0.07143 0.04191
vt 0.14286 0.04191
vt 0.21429 0.04191
vt 0.28571 0.04191
vt 0.35714 0.04191
vt 0.42857 0.04191
vt 0.50000 0.04191
vt 0.57143 0.04191
vt 0.64286 0.04191
vt 0.71429 0.04191
vt 0.78571 0.04191
vt 0.85714 0.04191
vt 0.92857 0.04191
vt 1.00000 0.04191
vt 1.07143 0.04191
vt 1.14286 0.04191
vt 1.21429 0.04191
vt 1.28571 0.04191
vt 1.35714 0.04191
vt 1.42857 0.04191
vt 1.50000 0.04191
vt 1.57143 0.04191
vt 1.64286 0.04191
vt 1.71429 0.04191
vt 1.78571 0.04191
vt 1.85714 0.04191
vt 1.92857 0.04191
vt 2.00000 0.04191
vt 0.00000 0.02794
vt 0.07143 0.02794
vt 0.14286 0.02794
vt 0.21429 0.02794
vt 0.28571 0.02794
vt 0.35714 0.02794
vt 0.42857 0.02794
vt 0.50000 0.02794
vt 0.57143 0.02794
vt 0.64286 0.02794
vt 0.71429 0.02794
vt 0.78571 0.02794
vt 0.85714 0.02794
vt 0.92857 0.02794
vt 1.00000 0.02794
vt 1.07143 0.02794
vt 1.14286 0.02794
vt 1.21429 0.02794
vt 1.28571 0.02794
vt 1.35714 0.02794
vt 1.42857 0.02794
vt 1.50000 0.02794
vt 1.57143 0.02794
vt 1.64286 0.02794
vt 1.71429 0.02794
vt 1.78571 0.02794
vt 1.85714 0.02794
vt 1.92857 0.02794
vt 2.00000 0.02794
vt 0.00000 0.01397
vt 0.07143 0.01397
vt 0.14286 0.01397
vt 0.21429 0.01397
vt 0.28571 0.01397
vt 0.35714 0.01397
vt 0.42857 0.01397
vt 0.50000 0.01397
vt 0.57143 0.01397
vt 0.64286 0.01397
vt 0.71429 0.01397
vt 0.78571 0.01397
vt 0.85714 0.01397
vt 0.92857 0.01397
vt 1.00000 0.01397
vt 1.07143 0.01397
vt 1.14286 0.01397
vt 1.21429 0.01397
vt 1.28571 0.01397
vt 1.35714 0.01397
vt 1.42857 0.01397
vt 1.50000 0.01397
vt 1.57143 0.01397
vt 1.64286 0.01397
vt 1.71429 0.01397
vt 1.78571 0.01397
vt 1.85714 0.01397
vt 1.92857 0.01397
vt 2.00000 0.01397
vt 0.00000 0.00000
vt 0.07143 0.00000
vt 0.14286 0.00000
vt 0.21429 0.00000
vt 0.28571 0.00000
vt 0.35714 0.00000
vt 0.42857 0.00000
vt 0.50000 0.00000
vt 0.57143 0.00000
vt 0.64286 0.00000
vt 0.71429 0.00000
vt 0.78571 0.00000
vt 0.85714 0.00000
vt 0.92857 0.00000
vt 1.00000 0.00000
vt 1.07143 0.00000
vt 1.14286 0.00000
vt 1.21429 0.00000
vt 1.28571 0.00000
vt 1.35714 0.00000
vt 1.42857 0.00000
vt 1.50000 0.00000
vt 1.57143 0.00000
vt 1.64286 0.00000
vt 1.71429 0.00000
vt 1.78571 0.00000
vt 1.85714 0.00000
vt 1.92857 0.00000
vt 2.00000 0.00000
vt 0.00000 0.03126
vt 0.07143 0.03126
vt 0.14286 0.03126
vt 0.21429 0.03126
vt 0.28571 0.03126
vt 0.35714 0.03126
vt 0.42857 0.03126
vt 0.50000 0.03126
vt 0.57143 0.03126
vt 0.64286 0.03126
vt 0.71429 0.03126
vt 0.78571 0.03126
vt 0.85714 0.03126
vt 0.92857 0.03126
vt 1.00000 0.03126
vt 1.07143 0.03126
vt 1.14286 0.03126
vt 1.21429 0.03126
vt 1.28571 0.03126
vt 1.35714 0.03126
vt 1.42857 0.03126
vt 1.50000 0.03126
vt 1.57143 0.03126
vt 1.64286 0.03126
vt 1.71429 0.03126
vt 1.78571 0.03126
vt 1.85714 0.03126
vt 1.92857 0.03126
vt 2.00000 0.03126
vt 0.00000 0.06256
vt 0.07143 0.06256
vt 0.14286 0.06256
vt 0.21429 0.06256
vt 0.28571 0.06256
vt 0.35714 0.06256
vt 0.42857 0.06256
vt 0.50000 0.06256
vt 0.57143 0.06256
vt 0.64286 0.06256
vt 0.71429 0.06256
vt 0.78571 0.06256
vt 0.85714 0.06256
vt 0.92857 0.06256
vt 1.00000 0.06256
vt 1.07143 0.06256
vt 1.14286 0.06256
vt 1.21429 0.06256
vt 1.28571 0.06256
vt 1.35714 0.06256
vt 1.42857 0.06256
vt 1.50000 0.06256
vt 1.57143 0.06256
vt 1.64286 0.06256
vt 1.71429 0.06256
vt 1.78571 0.06256
vt 1.85714 0.06256
vt 1.92857 0.06256
vt 2.00000 0.06256
vt 0.00000 0.09389
vt 0.07143 0.09389
vt 0.14286 0.09389
vt 0.21429 0.09389
vt 0.28571 0.09389
vt 0.35714 0.09389
vt 0.42857 0.09389
vt 0.50000 0.09389
vt 0.57143 0.09389
vt 0.64286 0.09389
vt 0.71429 0.09389
vt 0.78571 0.09389
vt 0.85714 0.09389
vt 0.92857 0.09389
vt 1.00000 0.09389
vt 1.07143 0.09389
vt 1.14286 0.09389
vt 1.21429 0.09389
vt 1.28571 0.09389
vt 1.35714 0.09389
vt 1.42857 0.09389
vt 1.50000 0.09389
vt 1.57143 0.09389
vt 1.64286 0.09389
vt 1.71429 0.09389
vt 1.78571 0.09389
vt 1.85714 0.09389
vt 1.92857 0.09389
vt 2.00000 0.09389
vt 0.00000 0.12522
vt 0.07143 0.12522
vt 0.14286 0.12522
vt 0.21429 0.12522
vt 0.28571 0.12522
vt 0.35714 0.12522
vt 0.42857 0.12522
vt 0.50000 0.12522
vt 0.57143 0.12522
vt 0.64286 0.12522
vt 0.71429 0.12522
vt 0.78571 0.12522
vt 0.85714 0.12522
vt 0.92857 0.12522
vt 1.00000 0.12522
vt 1.07143 0.12522
vt 1.14286 0.12522
vt 1.21429 0.12522
vt 1.28571 0.12522
vt 1.35714 0.12522
vt 1.42857 0.12522
vt 1.50000 0.12522
vt 1.57143 0.12522
vt 1.64286 0.12522
vt 1.71429 0.12522
vt 1.78571 0.12522
vt 1.85714 0.12522
vt 1.92857 0.12522
vt 2.00000 0.12522
vt 0.00000 0.15654
vt 0.07143 0.15654
vt 0.14286 0.15654
vt 0.21429 0.15654
vt 0.28571 0.15654
vt 0.35714 0.15654
vt 0.42857 0.15654
vt 0.50000 0.15654
vt 0.57143 0.15654
vt 0.64286 0.15654
vt 0.71429 0.15654
vt 0.78571 0.15654
vt 0.85714 0.15654
vt 0.92857 0.15654
vt 1.00000 0.15654
vt 1.07143 0.15654
vt 1.14286 0.15654
vt 1.21429 0.15654
vt 1.28571 0.15654
vt 1.35714 0.15654
vt 1.42857 0.15654
vt 1.50000 0.15654
vt 1.57143 0.15654
vt 1.64286 0.15654
vt 1.71429 0.15654
vt 1.78571 0.15654
vt 1.85714 0.15654
vt 1.92857 0.15654
vt 2.00000 0.15654
vt 0.00000 0.18781
vt 0.07143 0.18781
vt 0.14286 0.18781
vt 0.21429 0.18781
vt 0.28571 0.18781
vt 0.35714 0.18781
vt 0.42857 0.18781
vt 0.50000 0.18781
vt 0.57143 0.18781
vt 0.64286 0.18781
vt 0.71429 0.18781
vt 0.78571 0.18781
vt 0.85714 0.18781
vt 0.92857 0.18781
vt 1.00000 0.18781
vt 1.07143 0.18781
vt 1.14286 0.18781
vt 1.21429 0.18781
vt 1.28571 0.18781
vt 1.35714 0.18781
vt 1.42857 0.18781
vt 1.50000 0.18781
vt 1.57143 0.18781
vt 1.64286 0.18781
vt 1.71429 0.18781
vt 1.78571 0.18781
vt 1.85714 0.18781
vt 1.92857 0.18781
vt 2.00000 0.18781
vt 0.00000 0.21902
vt 0.07143 0.21902
vt 0.14286 0.21902
vt 0.21429 0.21902
vt 0.28571 0.21902
vt 0.35714 0.21902
vt 0.42857 0.21902
vt 0.50000 0.21902
vt 0.57143 0.21902
vt 0.64286 0.21902
vt 0.71429 0.21902
vt 0.78571 0.21902
vt 0.85714 0.21902
vt 0.92857 0.21902
vt 1.00000 0.21902
vt 1.07143 0.21902
vt 1.14286 0.21902
vt 1.21429 0.21902
vt 1.28571 0.21902
vt 1.35714 0.21902
vt 1.42857 0.21902
vt 1.50000 0.21902
vt 1.57143 0.21902
vt 1.64286 0.21902
vt 1.71429 0.21902
vt 1.78571 0.21902
vt 1.85714 0.21902
vt 1.92857 0.21902
vt 2.00000 0.21902
vt 0.00000 0.25019
vt 0.07143 0.25019
vt 0.14286 0.25019
vt 0.21429 0.25019
vt 0.28571 0.25019
vt 0.35714 0.25019
vt 0.42857 0.25019
vt 0.50000 0.25019
vt 0.57143 0.25019
vt 0.64286 0.25019
vt 0.71429 0.25019
vt 0.78571 0.25019
vt 0.85714 0.25019
vt 0.92857 0.25019
vt 1.00000 0.25019
vt 1.07143 0.25019
vt 1.14286 0.25019
vt 1.21429 0.25019
vt 1.28571 0.25019
vt 1.35714 0.25019
vt 1.42857 0.25019
vt 1.50000 0.25019
vt 1.57143 0.25019
vt 1.64286 0.25019
vt 1.71429 0.25019
vt 1.78571 0.25019
vt 1.85714 0.25019
vt 1.92857 0.25019
vt 2.00000 0.25019
vt 0.00000 0.28134
vt 0.07143 0.28134
vt 0.14286 0.28134
vt 0.21429 0.28134
vt 0.28571 0.28134
vt 0.35714 0.28134
vt 0.42857 0.28134
vt 0.50000 0.28134
vt 0.57143 0.28134
vt 0.64286 0.28134
vt 0.71429 0.28134
vt 0.78571 0.28134
vt 0.85714 0.28134
vt 0.92857 0.28134
vt 1.00000 0.28134
vt 1.07143 0.28134
vt 1.14286 0.28134
vt 1.21429 0.28134
vt 1.28571 0.28134
vt 1.35714 0.28134
vt 1.42857 0.28134
vt 1.50000 0.28134
vt 1.57143 0.28134
vt 1.64286 0.28134
vt 1.71429 0.28134
vt 1.78571 0.28134
vt 1.85714 0.28134
vt 1.92857 0.28134
vt 2.00000 0.28134
vt 0.00000 0.31250
vt 0.07143 0.31250
vt 0.14286 0.31250
vt 0.21429 0.31250
vt 0.28571 0.31250
vt 0.35714 0.31250
vt 0.42857 0.31250
vt 0.50000 0.31250
vt 0.57143 0.31250
vt 0.64286 0.31250
vt 0.71429 0.31250
vt 0.78571 0.31250
vt 0.85714 0.31250
vt 0.92857 0.31250
vt 1.00000 0.31250
vt 1.07143 0.31250
vt 1.14286 0.31250
vt 1.21429 0.31250
vt 1.28571 0.31250
vt 1.35714 0.31250
vt 1.42857 0.31250
vt 1.50000 0.31250
vt 1.57143 0.31250
vt 1.64286 0.31250
vt 1.71429 0.31250
vt 1.78571 0.31250
vt 1.85714 0.31250
vt 1.92857 0.31250
vt 2.00000 0.31250
vt 0.00000 0.34370
vt 0.07143 0.34370
vt 0.14286 0.34370
vt 0.21429 0.34370
vt 0.28571 0.34370
vt 0.35714 0.34370
vt 0.42857 0.34370
vt 0.50000 0.34370
vt 0.57143 0.34370
vt 0.64286 0.34370
vt 0.71429 0.34370
vt 0.78571 0.34370
vt 0.85714 0.34370
vt 0.92857 0.34370
vt 1.00000 0.34370
vt 1.07143 0.34370
vt 1.14286 0.34370
vt 1.21429 0.34370
vt 1.28571 0.34370
vt 1.35714 0.34370
vt 1.42857 0.34370
vt 1.50000 0.34370
vt 1.57143 0.34370
vt 1.64286 0.34370
vt 1.71429 0.34370
vt 1.78571 0.34370
vt 1.85714 0.34370
vt 1.92857 0.34370
vt 2.00000 0.34370
vt 0.00000 0.37501
vt 0.07143 0.37501
vt 0.14286 0.37501
vt 0.21429 0.37501
vt 0.28571 0.37501
vt 0.35714 0.37501
vt 0.42857 0.37501
vt 0.50000 0.37501
vt 0.57143 0.37501
vt 0.64286 0.37501
vt 0.71429 0.37501
vt 0.78571 0.37501
vt 0.85714 0.37501
vt 0.92857 0.37501
vt 1.00000 0.37501
vt 1.07143 0.37501
vt 1.14286 0.37501
vt 1.21429 0.37501
vt 1.28571 0.37501
vt 1.35714 0.37501
vt 1.42857 0.37501
vt 1.50000 0.37501
vt 1.57143 0.37501
vt 1.64286 0.37501
vt 1.71429 0.37501
vt 1.78571 0.37501
vt 1.85714 0.37501
vt 1.92857 0.37501
vt 2.00000 0.37501
vt 0.00000 0.40654
vt 0.07143 0.40654
vt 0.14286 0.40654
vt 0.21429 0.40654
vt 0.28571 0.40654
vt 0.35714 0.40654
vt 0.42857 0.40654
vt 0.50000 0.40654
vt 0.57143 0.40654
vt 0.64286 0.40654
vt 0.71429 0.40654
vt 0.78571 0.40654
vt 0.85714 0.40654
vt 0.92857 0.40654
vt 1.00000 0.40654
vt 1.07143 0.40654
vt 1.14286 0.40654
vt 1.21429 0.40654
vt 1.28571 0.40654
vt 1.35714 0.40654
vt 1.42857 0.40654
vt 1.50000 0.40654
vt 1.57143 0.40654
vt 1.64286 0.40654
vt 1.71429 0.40654
vt 1.78571 0.40654
vt 1.85714 0.40654
vt 1.92857 0.40654
vt 2.00000 0.40654
vt 0.00000 0.43834
vt 0.07143 0.43834
vt 0.14286 0.43834
vt 0.21429 0.43834
vt 0.28571 0.43834
vt 0.35714 0.43834
vt 0.42857 0.43834
vt 0.50000 0.43834
vt 0.57143 0.43834
vt 0.64286 0.43834
vt 0.71429 0.43834
vt 0.78571 0.43834
vt 0.85714 0.43834
vt 0.92857 0.43834
vt 1.00000 0.43834
vt 1.07143 0.43834
vt 1.14286 0.43834
vt 1.21429 0.43834
vt 1.28571 0.43834
vt 1.35714 0.43834
vt 1.42857 0.43834
vt 1.50000 0.43834
vt 1.57143 0.43834
vt 1.64286 0.43834
vt 1.71429 0.43834
vt 1.78571 0.43834
vt 1.85714 0.43834
vt 1.92857 0.43834
vt 2.00000 0.43834
vt 0.00000 0.47035
vt 0.07143 0.47035
vt 0.14286 0.47035
vt 0.21429 0.47035
vt 0.28571 0.47035
vt 0.35714 0.47035
vt 0.42857 0.47035
vt 0.50000 0.47035
vt 0.57143 0.47035
vt 0.64286 0.47035
vt 0.71429 0.47035
vt 0.78571 0.47035
vt 0.85714 0.47035
vt 0.92857 0.47035
vt 1.00000 0.47035
vt 1.07143 0.47035
vt 1.14286 0.47035
vt 1.21429 0.47035
vt 1.28571 0.47035
vt 1.35714 0.47035
vt 1.42857 0.47035
vt 1.50000 0.47035
vt 1.57143 0.47035
vt 1.64286 0.47035
vt 1.71429 0.47035
vt 1.78571 0.47035
vt 1.85714 0.47035
vt 1.92857 0.47035
vt 2.00000 0.47035
vt 0.00000 0.50244
vt 0.07143 0.50244
vt 0.14286 0.50244
vt 0.21429 0.50244
vt 0.28571 0.50244
vt 0.35714 0.50244
vt 0.42857 0.50244
vt 0.50000 0.50244
vt 0.57143 0.50244
vt 0.64286 0.50244
vt 0.71429 0.50244
vt 0.78571 0.50244
vt 0.85714 0.50244
vt 0.92857 0.50244
vt 1.00000 0.50244
vt 1.07143 0.50244
vt 1.14286 0.50244
vt 1.21429 0.50244
vt 1.28571 0.50244
vt 1.35714 0.50244
vt 1.42857 0.50244
vt 1.50000 0.50244
vt 1.57143 0.50244
vt 1.64286 0.50244
vt 1.71429 0.50244
vt 1.78571 0.50244
vt 1.85714 0.50244
vt 1.92857 0.50244
vt 2.00000 0.50244
vt 0.00000 0.53440
vt 0.07143 0.53440
vt 0.14286 0.53440
vt 0.21429 0.53440
vt 0.28571 0.53440
vt 0.35714 0.53440
vt 0.42857 0.53440
vt 0.50000 0.53440
vt 0.57143 0.53440
vt 0.64286 0.53440
vt 0.71429 0.53440
vt 0.78571 0.53440
vt 0.85714 0.53440
vt 0.92857 0.53440
vt 1.00000 0.53440
vt 1.07143 0.53440
vt 1.14286 0.53440
vt 1.21429 0.53440
vt 1.28571 0.53440
vt 1.35714 0.53440
vt 1.42857 0.53440
vt 1.50000 0.53440
vt 1.57143 0.53440
vt 1.64286 0.53440
vt 1.71429 0.53440
vt 1.78571 0.53440
vt 1.85714 0.53440
vt 1.92857 0.53440
vt 2.00000 0.53440
vt 0.00000 0.56609
vt 0.07143 0.56609
vt 0.14286 0.56609
vt 0.21429 0.56609
vt 0.28571 0.56609
vt 0.35714 0.56609
vt 0.42857 0.56609
vt 0.50000 0.56609
vt 0.57143 0.56609
vt 0.64286 0.56609
vt 0.71429 0.56609
vt 0.78571 0.56609
vt 0.85714 0.56609
vt 0.92857 0.56609
vt 1.00000 0.56609
vt 1.07143 0.56609
vt 1.14286 0.56609
vt 1.21429 0.56609
vt 1.28571 0.56609
vt 1.35714 0.56609
vt 1.42857 0.56609
vt 1.50000 0.56609
vt 1.57143 0.56609
vt 1.64286 0.56609
vt 1.71429 0.56609
vt 1.78571 0.56609
vt 1.85714 0.56609
vt 1.92857 0.56609
vt 2.00000 0.56609
vt 0.00000 0.59746
vt 0.07143 0.59746
vt 0.14286 0.59746
vt 0.21429 0.59746
vt 0.28571 0.59746
vt 0.35714 0.59746
vt 0.42857 0.59746
vt 0.50000 0.59746
vt 0.57143 0.59746
vt 0.64286 0.59746
vt 0.71429 0.59746
vt 0.78571 0.59746
vt 0.85714 0.59746
vt 0.92857 0.59746
vt 1.00000 0.59746
vt 1.07143 0.59746
vt 1.14286 0.59746
vt 1.21429 0.59746
vt 1.28571 0.59746
vt 1.35714 0.59746
vt 1.42857 0.59746
vt 1.50000 0.59746
vt 1.57143 0.59746
vt 1.64286 0.59746
vt 1.71429 0.59746
vt 1.78571 0.59746
vt 1.85714 0.59746
vt 1.92857 0.59746
vt 2.00000 0.59746
vt 0.00000 0.62861
vt 0.07143 0.62861
vt 0.14286 0.62861
vt 0.21429 0.62861
vt 0.28571 0.62861
vt 0.35714 0.62861
vt 0.42857 0.62861
vt 0.50000 0.62861
vt 0.57143 0.62861
vt 0.64286 0.62861
vt 0.71429 0.62861
vt 0.78571 0.62861
vt 0.85714 0.62861
vt 0.92857 0.62861
vt 1.00000 0.62861
vt 1.07143 0.62861
vt 1.14286 0.62861
vt 1.21429 0.62861
vt 1.28571 0.62861
vt 1.35714 0.62861
vt 1.42857 0.62861
vt 1.50000 0.62861
vt 1.57143 0.62861
vt 1.64286 0.62861
vt 1.71429 0.62861
vt 1.78571 0.62861
vt 1.85714 0.62861
vt 1.92857 0.62861
vt 2.00000 0.62861
vt 0.00000 0.65988
vt 0.07143 0.65988
vt 0.14286 0.65988
vt 0.21429 0.65988
vt 0.28571 0.65988
vt 0.35714 0.65988
vt 0.42857 0.65988
vt 0.50000 0.65988
vt 0.57143 0.65988
vt 0.64286 0.65988
vt 0.71429 0.65988
vt 0.78571 0.65988
vt 0.85714 0.65988
vt 0.92857 0.65988
vt 1.00000 0.65988
vt 1.07143 0.65988
vt 1.14286 0.65988
vt 1.21429 0.65988
vt 1.28571 0.65988
vt 1.35714 0.65988
vt 1.42857 0.65988
vt 1.50000 0.65988
vt 1.57143 0.65988
vt 1.64286 0.65988
vt 1.71429 0.65988
vt 1.78571 0.65988
vt 1.85714 0.65988
vt 1.92857 0.65988
vt 2.00000 0.65988
vt 0.00000 0.69175
vt 0.07143 0.69175
vt 0.14286 0.69175
vt 0.21429 0.69175
vt 0.28571 0.69175
vt 0.35714 0.69175
vt 0.42857 0.69175
vt 0.50000 0.69175
vt 0.57143 0.69175
vt 0.64286 0.69175
vt 0.71429 0.69175
vt 0.78571 0.69175
vt 0.85714 0.69175
vt 0.92857 0.69175
vt 1.00000 0.69175
vt 1.07143 0.69175
vt 1.14286 0.69175
vt 1.21429 0.69175
vt 1.28571 0.69175
vt 1.35714 0.69175
vt 1.42857 0.69175
vt 1.50000 0.69175
vt 1.57143 0.69175
vt 1.64286 0.69175
vt 1.71429 0.69175
vt 1.78571 0.69175
vt 1.85714 0.69175
vt 1.92857 0.69175
vt 2.00000 0.69175
vt 0.00000 0.72455
vt 0.07143 0.72455
vt 0.14286 0.72455
vt 0.21429 0.72455
vt 0.28571 0.72455
vt 0.35714 0.72455
vt 0.42857 0.72455
vt 0.50000 0.72455
vt 0.57143 0.72455
vt 0.64286 0.72455
vt 0.71429 0.72455
vt 0.78571 0.72455
vt 0.85714 0.72455
vt 0.92857 0.72455
vt 1.00000 0.72455
vt 1.07143 0.72455
vt 1.14286 0.72455
vt 1.21429 0.72455
vt 1.28571 0.72455
vt 1.35714 0.72455
vt 1.42857 0.72455
vt 1.50000 0.72455
vt 1.57143 0.72455
vt 1.64286 0.72455
vt 1.71429 0.72455
vt 1.78571 0.72455
vt 1.85714 0.72455
vt 1.92857 0.72455
vt 2.00000 0.72455
vt 0.00000 0.75835
vt 0.07143 0.75835
vt 0.14286 0.75835
vt 0.21429 0.75835
vt 0.28571 0.75835
vt 0.35714 0.75835
vt 0.42857 0.75835
vt 0.50000 0.75835
vt 0.57143 0.75835
vt 0.64286 0.75835
vt 0.71429 0.75835
vt 0.78571 0.75835
vt 0.85714 0.75835
vt 0.92857 0.75835
vt 1.00000 0.75835
vt 1.07143 0.75835
vt 1.14286 0.75835
vt 1.21429 0.75835
vt 1.28571 0.75835
vt 1.35714 0.75835
vt 1.42857 0.75835
vt 1.50000 0.75835
vt 1.57143 0.75835
vt 1.64286 0.75835
vt 1.71429 0.75835
vt 1.78571 0.75835
vt 1.85714 0.75835
vt 1.92857 0.75835
vt 2.00000 0.75835
vt 0.00000 0.79287
vt 0.07143 0.79287
vt 0.14286 0.79287
vt 0.21429 0.79287
vt 0.28571 0.79287
vt 0.35714 0.79287
vt 0.42857 0.79287
vt 0.50000 0.79287
vt 0.57143 0.79287
vt 0.64286 0.79287
vt 0.71429 0.79287
vt 0.78571 0.79287
vt 0.85714 0.79287
vt 0.92857 0.79287
vt 1.00000 0.79287
vt 1.07143 0.79287
vt 1.14286 0.79287
vt 1.21429 0.79287
vt 1.28571 0.79287
vt 1.35714 0.79287
vt 1.42857 0.79287
vt 1.50000 0.79287
vt 1.57143 0.79287
vt 1.64286 0.79287
vt 1.71429 0.79287
vt 1.78571 0.79287
vt 1.85714 0.79287
vt 1.92857 0.79287
vt 2.00000 0.79287
vt 0.00000 0.82754
vt 0.07143 0.82754
vt 0.14286 0.82754
vt 0.21429 0.82754
vt 0.28571 0.82754
vt 0.35714 0.82754
vt 0.42857 0.82754
vt 0.50000 0.82754
vt 0.57143 0.82754
vt 0.64286 0.82754
vt 0.71429 0.82754
vt 0.78571 0.82754
vt 0.85714 0.82754
vt 0.92857 0.82754
vt 1.00000 0.82754
vt 1.07143 0.82754
vt 1.14286 0.82754
vt 1.21429 0.82754
vt 1.28571 0.82754
vt 1.35714 0.82754
vt 1.42857 0.82754
vt 1.50000 0.82754
vt 1.57143 0.82754
vt 1.64286 0.82754
vt 1.71429 0.82754
vt 1.78571 0.82754
vt 1.85714 0.82754
vt 1.92857 0.82754
vt 2.00000 0.82754
vt 0.00000 0.86172
vt 0.07143 0.86172
vt 0.14286 0.86172
vt 0.21429 0.86172
vt 0.28571 0.86172
vt 0.35714 0.86172
vt 0.42857 0.86172
vt 0.50000 0.86172
vt 0.57143 0.86172
vt 0.64286 0.86172
vt 0.71429 0.86172
vt 0.78571 0.86172
vt 0.85714 0.86172
vt 0.92857 0.86172
vt 1.00000 0.86172
vt 1.07143 0.86172
vt 1.14286 0.86172
vt 1.21429 0.86172
vt 1.28571 0.86172
vt 1.35714 0.86172
vt 1.42857 0.86172
vt 1.50000 0.86172
vt 1.57143 0.86172
vt 1.64286 0.86172
vt 1.71429 0.86172
vt 1.78571 0.86172
vt 1.85714 0.86172
vt 1.92857 0.86172
vt 2.00000 0.86172
vt 0.00000 0.89500
vt 0.07143 0.89500
vt 0.14286 0.89500
vt 0.21429 0.89500
vt 0.28571 0.89500
vt 0.35714 0.89500
vt 0.42857 0.89500
vt 0.50000 0.89500
vt 0.57143 0.89500
vt 0.64286 0.89500
vt 0.71429 0.89500
vt 0.78571 0.89500
vt 0.85714 0.89500
vt 0.92857 0.89500
vt 1.00000 0.89500
vt 1.07143 0.89500
vt 1.14286 0.89500
vt 1.21429 0.89500
vt 1.28571 0.89500
vt 1.35714 0.89500
vt 1.42857 0.89500
vt 1.50000 0.89500
vt 1.57143 0.89500
vt 1.64286 0.89500
vt 1.71429 0.89500
vt 1.78571 0.89500
vt 1.85714 0.89500
vt 1.92857 0.89500
vt 2.00000 0.89500
vt 0.00000 0.92730
vt 0.07143 0.92730
vt 0.14286 0.92730
vt 0.21429 0.92730
vt 0.28571 0.92730
vt 0.35714 0.92730
vt 0.42857 0.92730
vt 0.50000 0.92730
vt 0.57143 0.92730
vt 0.64286 0.92730
vt 0.71429 0.92730
vt 0.78571 0.92730
vt 0.85714 0.92730
vt 0.92857 0.92730
vt 1.00000 0.92730
vt 1.07143 0.92730
vt 1.14286 0.92730
vt 1.21429 0.92730
vt 1.28571 0.92730
vt 1.35714 0.92730
vt 1.42857 0.92730
vt 1.50000 0.92730
vt 1.57143 0.92730
vt 1.64286 0.92730
vt 1.71429 0.92730
vt 1.78571 0.92730
vt 1.85714 0.92730
vt 1.92857 0.92730
vt 2.00000 0.92730
vt 0.00000 0.95889
vt 0.07143 0.95889
vt 0.14286 0.95889
vt 0.21429 0.95889
vt 0.28571 0.95889
vt 0.35714 0.95889
vt 0.42857 0.95889
vt 0.50000 0.95889
vt 0.57143 0.95889
vt 0.64286 0.95889
vt 0.71429 0.95889
vt 0.78571 0.95889
vt 0.85714 0.95889
vt 0.92857 0.95889
vt 1.00000 0.95889
vt 1.07143 0.95889
vt 1.14286 0.95889
vt 1.21429 0.95889
vt 1.28571 0.95889
vt 1.35714 0.95889
vt 1.42857 0.95889
vt 1.50000 0.95889
vt 1.57143 0.95889
vt 1.64286 0.95889
vt 1.71429 0.95889
vt 1.78571 0.95889
vt 1.85714 0.95889
vt 1.92857 0.95889
vt 2.00000 0.95889
vn 0.95005 0.31139 0.02093
vn 0.95182 0.29257 0.09188
vn 0.95212 0.25527 0.16827
vn 0.94943 0.20247 0.23996
vn 0.94407 0.14009 0.29852
vn 0.93791 0.07569 0.33853
vn 0.93353 0.01714 0.35808
vn 0.93401 -0.01708 0.35684
vn 0.93985 -0.07454 0.33336
vn 0.94725 -0.13616 0.29013
vn 0.95353 -0.19430 0.23028
vn 0.95694 -0.24238 0.15977
vn 0.95732 -0.27576 0.08661
vn 0.95608 -0.29245 0.01966
vn 0.95596 -0.29147 -0.03453
vn 0.95526 -0.27517 -0.10845
vn 0.95305 -0.24479 -0.17826
vn 0.94960 -0.20215 -0.23958
vn 0.94553 -0.14983 -0.28900
vn 0.94166 -0.09093 -0.32404
vn 0.93884 -0.02894 -0.34312
vn 0.93809 0.02911 -0.34517
vn 0.93935 0.09265 -0.33020
vn 0.94190 0.15460 -0.29820
vn 0.94497 0.21097 -0.25003
vn 0.94775 0.25788 -0.18779
vn 0.94952 0.29186 -0.11503
vn 0.94994 0.31027 -0.03676
vn 0.95005 0.31139 0.02093
vn 0.86859 0.49550 0.00535
vn 0.87918 0.46772 0.09102
vn 0.87874 0.42517 0.21690
vn 0.87456 0.35057 0.33502
vn 0.86375 0.25547 0.43437
vn 0.84923 0.15291 0.50539
vn 0.83375 0.05309 0.54958
vn 0.83610 -0.00656 0.54854
vn 0.84875 -0.07257 0.52379
vn 0.86099 -0.17363 0.47807
vn 0.87579 -0.27151 0.39908
vn 0.88579 -0.35779 0.29558
vn 0.88837 -0.42255 0.17958
vn 0.88335 -0.46446 0.06303
vn 0.88910 -0.45743 -0.01580
vn 0.88607 -0.44604 -0.12625
vn 0.88179 -0.40577 -0.24040
vn 0.87474 -0.34393 -0.34139
vn 0.86584 -0.26549 -0.42407
vn 0.85680 -0.17576 -0.48477
vn 0.84903 -0.07970 -0.52230
vn 0.84644 0.01122 -0.53237
vn 0.84855 0.10452 -0.51869
vn 0.85259 0.20309 -0.48150
vn 0.85891 0.29555 -0.41824
vn 0.86537 0.37633 -0.33093
vn 0.87015 0.43913 -0.22364
vn 0.87171 0.47914 -0.10270
vn 0.86859 0.49550 0.00535
vn 0.61560 0.78805 -0.00392
vn 0.63129 0.76439 0.13112
vn 0.63263 0.69878 0.33390
vn 0.62635 0.57760 0.52351
vn 0.60801 0.41861 0.67460
vn 0.58386 0.25018 0.77235
vn 0.55973 0.09134 0.82362
vn 0.56049 -0.00266 0.82816
vn 0.57682 -0.09902 0.81085
vn 0.59808 -0.25811 0.75874
vn 0.62516 -0.42317 0.65582
vn 0.64563 -0.57567 0.50176
vn 0.65232 -0.68989 0.31390
vn 0.64399 -0.75591 0.11775
vn 0.65184 -0.75825 -0.01298
vn 0.64739 -0.73810 -0.19002
vn 0.63987 -0.67011 -0.37619
vn 0.62701 -0.56481 -0.53652
vn 0.61106 -0.43356 -0.66229
vn 0.59531 -0.28789 -0.75015
vn 0.58221 -0.13638 -0.80152
vn 0.57706 0.00462 -0.81669
vn 0.57953 0.14692 -0.80160
vn 0.58594 0.30074 -0.75248
vn 0.59640 0.44966 -0.66491
vn 0.60773 0.58457 -0.53753
vn 0.61669 0.69294 -0.37354
vn 0.62025 0.76292 -0.18234
vn 0.61560 0.78805 -0.00392
vn 0.40765 0.91311 -0.00731
vn 0.42310 0.89364 0.14963
vn 0.42389 0.81907 0.38657
vn 0.41822 0.67604 0.60668
vn 0.40188 0.48628 0.77590
vn 0.38091 0.28817 0.87856
vn 0.36018 0.10538 0.92691
vn 0.36133 -0.00147 0.93244
vn 0.37526 -0.10972 0.92040
vn 0.39272 -0.29292 0.87176
vn 0.41654 -0.48946 0.76611
vn 0.43544 -0.67570 0.59483
vn 0.44182 -0.81479 0.37540
vn 0.43348 -0.88989 0.14210
vn 0.44226 -0.89680 -0.01254
vn 0.43759 -0.87177 -0.22032
vn 0.43058 -0.78893 -0.43839
vn 0.41882 -0.66094 -0.62269
vn 0.40455 -0.50380 -0.76324
vn 0.39075 -0.33281 -0.85822
vn 0.37943 -0.15814 -0.91160
vn 0.37512 0.00258 -0.92697
vn 0.37722 0.16400 -0.91149
vn 0.38248 0.33989 -0.85917
vn 0.39137 0.51260 -0.76425
vn 0.40122 0.67169 -0.62278
vn 0.40917 0.80130 -0.43646
vn 0.41235 0.88513 -0.21567
vn 0.40765 0.91311 -0.00731
vn 0.20118 0.97951 -0.00949
vn 0.21508 0.96353 0.15920
vn 0.21358 0.88456 0.41465
vn 0.20980 0.72945 0.65106
vn 0.20003 0.52235 0.82894
vn 0.18773 0.30803 0.93267
vn 0.17450 0.11272 0.97818
vn 0.17747 -0.00067 0.98413
vn 0.18745 -0.11475 0.97555
vn 0.19543 -0.31046 0.93028
vn 0.20857 -0.52451 0.82546
vn 0.21928 -0.73058 0.64666
vn 0.22259 -0.88439 0.41026
vn 0.21555 -0.96395 0.15603
vn 0.22608 -0.97403 -0.01196
vn 0.22140 -0.94603 -0.23666
vn 0.21696 -0.85442 -0.47212
vn 0.21002 -0.71314 -0.66883
vn 0.20173 -0.54127 -0.81629
vn 0.19381 -0.35645 -0.91399
vn 0.18716 -0.16961 -0.96758
vn 0.18516 0.00119 -0.98271
vn 0.18672 0.17225 -0.96719
vn 0.18934 0.35946 -0.91375
vn 0.19423 0.54471 -0.81582
vn 0.19975 0.71702 -0.66782
vn 0.20422 0.85855 -0.47031
vn 0.20573 0.95023 -0.23397
vn 0.20118 0.97951 -0.00949
vn 0.79666 0.60439 0.00693
vn 0.78457 0.60804 0.12138
vn 0.79751 0.53442 0.27997
vn 0.79109 0.43669 0.42834
vn 0.77239 0.31598 0.55098
vn 0.74931 0.18766 0.63507
vn 0.73634 0.06386 0.67360
vn 0.71944 -0.00753 0.69451
vn 0.71665 -0.09254 0.69127
vn 0.75073 -0.21937 0.62312
vn 0.77820 -0.34607 0.52406
vn 0.79734 -0.45974 0.39101
vn 0.80374 -0.54514 0.23839
vn 0.80332 -0.58982 0.08239
vn 0.77568 -0.63073 -0.02257
vn 0.76818 -0.61470 -0.17899
vn 0.74192 -0.57268 -0.34871
vn 0.70481 -0.49680 -0.50639
vn 0.66339 -0.38981 -0.63871
vn 0.62620 -0.26024 -0.73495
vn 0.60247 -0.11826 -0.78933
vn 0.59397 0.01538 -0.80434
vn 0.60604 0.15193 -0.78079
vn 0.63884 0.29114 -0.71213
vn 0.67965 0.41496 -0.60488
vn 0.72101 0.51378 -0.46495
vn 0.75554 0.58036 -0.30388
vn 0.77981 0.61139 -0.13456
vn 0.79666 0.60439 0.00693
vn 0.71753 0.69652 -0.00185
vn 0.74795 0.65229 0.12283
vn 0.74761 0.58921 0.30643
vn 0.73741 0.48136 0.47383
vn 0.71378 0.34753 0.60806
vn 0.68427 0.20824 0.69887
vn 0.65283 0.07630 0.75365
vn 0.65607 -0.00285 0.75469
vn 0.67500 -0.08424 0.73300
vn 0.69050 -0.21910 0.68935
vn 0.71568 -0.36028 0.59833
vn 0.73561 -0.49516 0.46228
vn 0.74112 -0.60378 0.29359
vn 0.72553 -0.67902 0.11198
vn 0.73608 -0.67674 -0.01440
vn 0.71334 -0.67456 -0.19006
vn 0.68137 -0.62478 -0.38128
vn 0.63982 -0.53518 -0.55155
vn 0.59479 -0.41545 -0.68820
vn 0.55453 -0.27743 -0.78456
vn 0.52523 -0.13120 -0.84078
vn 0.51683 0.00569 -0.85607
vn 0.52781 0.14370 -0.83711
vn 0.55331 0.29096 -0.78051
vn 0.59245 0.42958 -0.68151
vn 0.63715 0.54883 -0.54114
vn 0.67847 0.63635 -0.36705
vn 0.70830 0.68422 -0.17364
vn 0.71753 0.69652 -0.00185
vn 0.56298 0.82645 -0.00604
vn 0.56708 0.80994 0.14973
vn 0.58583 0.71948 0.37303
vn 0.58430 0.57823 0.56943
vn 0.56748 0.40836 0.71499
vn 0.54535 0.23985 0.80316
vn 0.52976 0.08690 0.84369
vn 0.51754 -0.00173 0.85566
vn 0.51838 -0.09362 0.85001
vn 0.54259 -0.24798 0.80256
vn 0.56666 -0.41709 0.71059
vn 0.58447 -0.58589 0.56136
vn 0.58726 -0.72369 0.36249
vn 0.57642 -0.80523 0.13907
vn 0.55183 -0.83384 -0.01398
vn 0.53589 -0.81335 -0.22645
vn 0.50408 -0.73733 -0.44972
vn 0.46570 -0.61547 -0.63587
vn 0.42838 -0.46601 -0.77416
vn 0.39828 -0.30561 -0.86485
vn 0.37933 -0.14399 -0.91399
vn 0.37211 0.00331 -0.92818
vn 0.37867 0.15142 -0.91306
vn 0.39967 0.31313 -0.86152
vn 0.43086 0.47317 -0.76842
vn 0.46892 0.62149 -0.62759
vn 0.50772 0.74113 -0.43925
vn 0.54048 0.81346 -0.21484
vn 0.56298 0.82645 -0.00604
vn 0.45950 0.88814 -0.00772
vn 0.49565 0.85422 0.15696
vn 0.50275 0.76764 0.39746
vn 0.49976 0.61726 0.60764
vn 0.48272 0.43446 0.76041
vn 0.45991 0.25439 0.85075
vn 0.43438 0.09283 0.89593
vn 0.43967 -0.00131 0.89816
vn 0.45686 -0.09616 0.88433
vn 0.46714 -0.25906 0.84538
vn 0.48611 -0.43995 0.75508
vn 0.49976 -0.62320 0.60155
vn 0.49796 -0.77405 0.39101
vn 0.47338 -0.86767 0.15187
vn 0.48018 -0.87706 -0.01354
vn 0.45356 -0.85881 -0.23817
vn 0.42131 -0.77438 -0.47205
vn 0.38536 -0.64168 -0.66313
vn 0.35140 -0.48273 -0.80218
vn 0.32430 -0.31530 -0.89186
vn 0.30595 -0.14870 -0.94036
vn 0.30140 0.00245 -0.95349
vn 0.30853 0.15403 -0.93866
vn 0.32428 0.32102 -0.88983
vn 0.35037 0.48871 -0.79900
vn 0.38350 0.64762 -0.65842
vn 0.41849 0.77975 -0.46569
vn 0.44782 0.86384 -0.23073
vn 0.45950 0.88814 -0.00772
vn 0.41724 0.90875 -0.00863
vn 0.41928 0.89306 0.16321
vn 0.44779 0.79446 0.41026
vn 0.45545 0.63507 0.62390
vn 0.44766 0.44427 0.77604
vn 0.43350 0.25876 0.86320
vn 0.42560 0.09374 0.90004
vn 0.41097 -0.00104 0.91165
vn 0.40599 -0.09825 0.90858
vn 0.42687 -0.26424 0.86485
vn 0.44373 -0.45033 0.77479
vn 0.45344 -0.64050 0.61979
vn 0.44871 -0.79717 0.40394
vn 0.43352 -0.88749 0.15626
vn 0.39961 -0.91659 -0.01340
vn 0.38256 -0.89059 -0.24594
vn 0.35137 -0.79989 -0.48654
vn 0.31718 -0.66005 -0.68098
vn 0.28639 -0.49460 -0.82058
vn 0.26295 -0.32216 -0.90943
vn 0.24895 -0.15184 -0.95654
vn 0.24329 0.00196 -0.96995
vn 0.24783 0.15624 -0.95612
vn 0.26400 0.32661 -0.90754
vn 0.28868 0.49883 -0.81721
vn 0.32062 0.66350 -0.67599
vn 0.35595 0.80175 -0.48010
vn 0.38947 0.88956 -0.23873
vn 0.41724 0.90875 -0.00863
vn 0.56552 0.82470 -0.00699
vn 0.58317 0.79898 0.14678
vn 0.60977 0.70398 0.36414
vn 0.61803 0.56055 0.55120
vn 0.61014 0.39336 0.68775
vn 0.59465 0.23049 0.77024
vn 0.58093 0.08387 0.80962
vn 0.57370 -0.00132 0.81906
vn 0.57720 -0.08862 0.81178
vn 0.59386 -0.23636 0.76906
vn 0.60986 -0.39976 0.68429
vn 0.61777 -0.56649 0.54539
vn 0.60956 -0.70798 0.35666
vn 0.58553 -0.79860 0.13928
vn 0.56098 -0.82773 -0.01292
vn 0.53495 -0.81420 -0.22563
vn 0.49549 -0.74191 -0.45173
vn 0.45176 -0.62078 -0.64074
vn 0.41120 -0.47041 -0.78079
vn 0.37946 -0.30864 -0.87221
vn 0.35952 -0.14575 -0.92168
vn 0.35263 0.00265 -0.93576
vn 0.35966 0.15163 -0.92068
vn 0.38061 0.31459 -0.86958
vn 0.41301 0.47608 -0.77638
vn 0.45401 0.62558 -0.63444
vn 0.49793 0.74504 -0.44383
vn 0.53758 0.81482 -0.21697
vn 0.56552 0.82470 -0.00699
vn 0.46137 0.88717 -0.00840
vn 0.49708 0.85368 0.15536
vn 0.51531 0.76214 0.39192
vn 0.52176 0.60981 0.59658
vn 0.51278 0.42788 0.74429
vn 0.49600 0.25029 0.83147
vn 0.47542 0.09152 0.87498
vn 0.47932 -0.00101 0.87764
vn 0.49354 -0.09389 0.86464
vn 0.50247 -0.25360 0.82657
vn 0.51656 -0.43162 0.73951
vn 0.52312 -0.61369 0.59138
vn 0.51311 -0.76629 0.38668
vn 0.48183 -0.86310 0.15134
vn 0.47713 -0.87874 -0.01279
vn 0.44632 -0.86284 -0.23728
vn 0.40879 -0.78060 -0.47282
vn 0.36909 -0.64824 -0.66600
vn 0.33305 -0.48825 -0.80666
vn 0.30511 -0.31917 -0.89724
vn 0.28688 -0.15080 -0.94602
vn 0.28190 0.00194 -0.95944
vn 0.28867 0.15504 -0.94479
vn 0.30515 0.32367 -0.89561
vn 0.33233 0.49289 -0.80412
vn 0.36761 0.65282 -0.66234
vn 0.40634 0.78478 -0.46798
vn 0.44145 0.86686 -0.23167
vn 0.46137 0.88717 -0.00840
vn 0.41803 0.90839 -0.00908
vn 0.42626 0.89010 0.16131
vn 0.45124 0.79398 0.40741
vn 0.45672 0.63647 0.62154
vn 0.44673 0.44652 0.77528
vn 0.43043 0.26074 0.86414
vn 0.41852 0.09491 0.90323
vn 0.40860 -0.00078 0.91271
vn 0.40921 -0.09807 0.90715
vn 0.42831 -0.26452 0.86405
vn 0.44638 -0.45050 0.77317
vn 0.45746 -0.63980 0.61756
vn 0.45335 -0.79543 0.40221
vn 0.43581 -0.88640 0.15606
vn 0.40714 -0.91328 -0.01280
vn 0.38500 -0.89007 -0.24401
vn 0.34867 -0.80203 -0.48494
vn 0.30893 -0.66388 -0.68105
vn 0.27296 -0.49871 -0.82267
vn 0.24547 -0.32548 -0.91313
vn 0.22878 -0.15380 -0.96125
vn 0.22316 0.00148 -0.97478
vn 0.22940 0.15708 -0.96057
vn 0.24802 0.32872 -0.91128
vn 0.27673 0.50167 -0.81960
vn 0.31346 0.66613 -0.67676
vn 0.35344 0.80310 -0.47970
vn 0.39031 0.88928 -0.23839
vn 0.41803 0.90839 -0.00908
vn 0.64864 0.76106 -0.00659
vn 0.65471 0.74342 0.13668
vn 0.68077 0.65039 0.33696
vn 0.68468 0.51925 0.51146
vn 0.67269 0.36692 0.64254
vn 0.65422 0.21658 0.72463
vn 0.64170 0.07903 0.76287
vn 0.62810 -0.00109 0.77813
vn 0.62657 -0.08415 0.77480
vn 0.65013 -0.22244 0.72654
vn 0.67104 -0.37303 0.64075
vn 0.68445 -0.52437 0.50653
vn 0.68241 -0.65236 0.32977
vn 0.66681 -0.73405 0.12857
vn 0.63333 -0.77379 -0.01199
vn 0.60816 -0.76490 -0.21229
vn 0.56193 -0.70617 -0.43077
vn 0.50663 -0.59935 -0.61977
vn 0.45252 -0.45962 -0.76418
vn 0.40868 -0.30410 -0.86053
vn 0.38119 -0.14438 -0.91315
vn 0.37115 0.00230 -0.92857
vn 0.38100 0.14954 -0.91240
vn 0.41182 0.30900 -0.85728
vn 0.45747 0.46372 -0.75874
vn 0.51261 0.60188 -0.61235
vn 0.56825 0.70633 -0.42211
vn 0.61543 0.76147 -0.20349
vn 0.64864 0.76106 -0.00659
vn 0.69528 0.71871 -0.00613
vn 0.71875 0.68362 0.12674
vn 0.73595 0.60017 0.31334
vn 0.73775 0.47915 0.47554
vn 0.72527 0.33945 0.59896
vn 0.70632 0.20129 0.67867
vn 0.68766 0.07420 0.72223
vn 0.68467 -0.00108 0.72886
vn 0.69341 -0.07737 0.71638
vn 0.70854 -0.20540 0.67512
vn 0.72656 -0.34404 0.59477
vn 0.73805 -0.48379 0.47035
vn 0.73483 -0.60453 0.30752
vn 0.71353 -0.69001 0.12154
vn 0.69958 -0.71446 -0.01128
vn 0.66953 -0.71531 -0.20013
vn 0.62302 -0.66639 -0.40959
vn 0.56682 -0.57050 -0.59435
vn 0.51031 -0.44082 -0.73842
vn 0.46318 -0.29331 -0.83632
vn 0.43189 -0.13975 -0.89103
vn 0.42175 0.00237 -0.90671
vn 0.43291 0.14496 -0.88971
vn 0.46375 0.29872 -0.83409
vn 0.51084 0.44618 -0.73482
vn 0.56728 0.57536 -0.58920
vn 0.62320 0.67018 -0.40309
vn 0.66881 0.71794 -0.19300
vn 0.69528 0.71871 -0.00613
vn 0.49518 0.86875 -0.00885
vn 0.53418 0.83137 0.15323
vn 0.54503 0.74326 0.38795
vn 0.54269 0.59589 0.59195
vn 0.52470 0.41944 0.74078
vn 0.50038 0.24625 0.83005
vn 0.47303 0.09057 0.87638
vn 0.47917 -0.00069 0.87772
vn 0.49793 -0.09157 0.86237
vn 0.50919 -0.24790 0.82418
vn 0.52991 -0.42137 0.73596
vn 0.54490 -0.59819 0.58758
vn 0.54285 -0.74676 0.38426
vn 0.51535 -0.84354 0.15116
vn 0.51580 -0.85662 -0.01219
vn 0.47958 -0.84524 -0.23572
vn 0.43193 -0.76821 -0.47253
vn 0.37878 -0.64031 -0.66823
vn 0.32889 -0.48346 -0.81124
vn 0.28945 -0.31657 -0.90333
vn 0.26357 -0.14995 -0.95291
vn 0.25643 0.00134 -0.96656
vn 0.26579 0.15288 -0.95183
vn 0.28915 0.31980 -0.90228
vn 0.32742 0.48701 -0.80970
vn 0.37622 0.64417 -0.66596
vn 0.42810 0.77227 -0.46939
vn 0.47270 0.85016 -0.23191
vn 0.49518 0.86875 -0.00885
vn 0.57371 0.81902 -0.00829
vn 0.56539 0.81090 0.15091
vn 0.58359 0.71842 0.37854
vn 0.57237 0.57906 0.58059
vn 0.54395 0.41058 0.73180
vn 0.51233 0.24225 0.82392
vn 0.49429 0.08860 0.86477
vn 0.47493 -0.00062 0.88002
vn 0.47244 -0.09217 0.87653
vn 0.50872 -0.24583 0.82509
vn 0.54520 -0.41360 0.72917
vn 0.57654 -0.58026 0.57524
vn 0.59090 -0.71598 0.37177
vn 0.58946 -0.79491 0.14371
vn 0.54879 -0.83587 -0.01214
vn 0.52299 -0.82042 -0.23108
vn 0.46642 -0.75146 -0.46664
vn 0.39667 -0.63202 -0.66574
vn 0.32856 -0.48026 -0.81326
vn 0.27424 -0.31553 -0.90842
vn 0.24116 -0.14963 -0.95888
vn 0.23046 0.00120 -0.97308
vn 0.24395 0.15229 -0.95776
vn 0.28305 0.31769 -0.90496
vn 0.34083 0.48123 -0.80762
vn 0.41027 0.63102 -0.65840
vn 0.47932 0.74815 -0.45883
vn 0.53573 0.81414 -0.22399
vn 0.57371 0.81902 -0.00829
vn 0.74286 0.66941 -0.00618
vn 0.75392 0.64523 0.12362
vn 0.76142 0.57027 0.30826
vn 0.74851 0.46243 0.47527
vn 0.72029 0.33308 0.60848
vn 0.68753 0.20012 0.69803
vn 0.66169 0.07430 0.74609
vn 0.65160 -0.00078 0.75857
vn 0.65910 -0.07745 0.74805
vn 0.68761 -0.20380 0.69689
vn 0.72099 -0.33694 0.60552
vn 0.74929 -0.46584 0.47070
vn 0.76207 -0.57240 0.30268
vn 0.75598 -0.64385 0.11811
vn 0.73961 -0.67295 -0.01076
vn 0.71038 -0.67604 -0.19577
vn 0.65303 -0.63883 -0.40675
vn 0.57494 -0.55610 -0.60017
vn 0.48975 -0.43542 -0.75535
vn 0.41508 -0.29202 -0.86164
vn 0.36507 -0.13985 -0.92042
vn 0.34818 0.00170 -0.93743
vn 0.36609 0.14369 -0.91942
vn 0.41768 0.29583 -0.85908
vn 0.49328 0.43883 -0.75107
vn 0.57868 0.55855 -0.59426
vn 0.65630 0.63984 -0.39984
vn 0.71299 0.67528 -0.18877
vn 0.74286 0.66941 -0.00618
vn 0.63170 0.77517 -0.00811
vn 0.66530 0.73285 0.14251
vn 0.66626 0.65330 0.35957
vn 0.64898 0.52542 0.55024
vn 0.61538 0.37300 0.69439
vn 0.57786 0.22113 0.78561
vn 0.54269 0.08196 0.83593
vn 0.54334 -0.00060 0.83952
vn 0.56155 -0.08297 0.82327
vn 0.58251 -0.22311 0.78160
vn 0.61644 -0.37596 0.69185
vn 0.64750 -0.52956 0.54800
vn 0.66166 -0.65922 0.35728
vn 0.64754 -0.74883 0.14125
vn 0.64940 -0.76036 -0.01162
vn 0.61081 -0.75957 -0.22352
vn 0.54879 -0.70135 -0.45490
vn 0.47118 -0.59328 -0.65269
vn 0.39254 -0.45268 -0.80062
vn 0.32719 -0.29818 -0.89668
vn 0.28358 -0.14165 -0.94843
vn 0.26920 0.00121 -0.96308
vn 0.28267 0.14449 -0.94827
vn 0.32218 0.30178 -0.89729
vn 0.38556 0.45741 -0.80132
vn 0.46366 0.59922 -0.65265
vn 0.54174 0.70791 -0.45318
vn 0.60316 0.76665 -0.22011
vn 0.63170 0.77517 -0.00811
vn 0.29818 0.95444 -0.01155
vn 0.33123 0.92616 0.18029
vn 0.33268 0.82506 0.45674
vn 0.31987 0.65197 0.68748
vn 0.29531 0.44967 0.84297
vn 0.26970 0.25942 0.92734
vn 0.24636 0.09441 0.96457
vn 0.24856 -0.00023 0.96862
vn 0.26158 -0.09492 0.96050
vn 0.27376 -0.26030 0.92590
vn 0.29638 -0.45094 0.84191
vn 0.31843 -0.65377 0.68643
vn 0.32776 -0.82764 0.45562
vn 0.31231 -0.93285 0.17960
vn 0.31534 -0.94889 -0.01319
vn 0.27931 -0.92093 -0.27180
vn 0.23072 -0.81475 -0.53192
vn 0.17897 -0.65905 -0.73050
vn 0.13326 -0.48498 -0.86431
vn 0.09891 -0.31203 -0.94491
vn 0.07723 -0.14668 -0.98616
vn 0.07114 0.00042 -0.99747
vn 0.07839 0.14766 -0.98593
vn 0.09782 0.31317 -0.94465
vn 0.13111 0.48637 -0.86386
vn 0.17610 0.66070 -0.72970
vn 0.22730 0.81659 -0.53058
vn 0.27401 0.92305 -0.26998
vn 0.29818 0.95444 -0.01155
vn 0.21395 0.97677 -0.01222
vn 0.22395 0.95647 0.18713
vn 0.23964 0.84818 0.47241
vn 0.23485 0.66665 0.70740
vn 0.21850 0.45704 0.86219
vn 0.20086 0.26244 0.94381
vn 0.18999 0.09517 0.97716
vn 0.18225 -0.00010 0.98325
vn 0.18291 -0.09578 0.97845
vn 0.19943 -0.26315 0.94392
vn 0.21853 -0.45784 0.86176
vn 0.23577 -0.66737 0.70642
vn 0.24149 -0.84845 0.47098
vn 0.23123 -0.95503 0.18561
vn 0.20442 -0.97879 -0.01339
vn 0.16924 -0.94484 -0.28042
vn 0.11647 -0.83008 -0.54535
vn 0.06326 -0.66614 -0.74314
vn 0.01885 -0.48687 -0.87327
vn -0.01287 -0.31178 -0.95007
vn -0.03135 -0.14628 -0.98875
vn -0.03641 0.00019 -0.99934
vn -0.02922 0.14676 -0.98874
vn -0.00912 0.31235 -0.94992
vn 0.02409 0.48749 -0.87280
vn 0.06951 0.66664 -0.74213
vn 0.12301 0.83015 -0.54380
vn 0.17575 0.94418 -0.27862
vn 0.21395 0.97677 -0.01222
vn 0.26985 0.96283 -0.01200
vn 0.29337 0.93782 0.18554
vn 0.30914 0.82873 0.46653
vn 0.30224 0.65010 0.69715
vn 0.28115 0.44578 0.84985
vn 0.25817 0.25629 0.93149
vn 0.24092 0.09307 0.96607
vn 0.23585 -0.00013 0.97179
vn 0.24133 -0.09366 0.96591
vn 0.25831 -0.25708 0.93123
vn 0.28123 -0.44679 0.84929
vn 0.30223 -0.65121 0.69612
vn 0.30898 -0.82963 0.46503
vn 0.29283 -0.93828 0.18405
vn 0.27012 -0.96273 -0.01347
vn 0.22324 -0.93364 -0.28016
vn 0.15516 -0.82299 -0.54646
vn 0.08583 -0.66113 -0.74534
vn 0.02740 -0.48289 -0.87525
vn -0.01475 -0.30883 -0.95100
vn -0.03973 -0.14471 -0.98868
vn -0.04767 0.00024 -0.99886
vn -0.03979 0.14532 -0.98858
vn -0.01483 0.30955 -0.95077
vn 0.02733 0.48377 -0.87477
vn 0.08581 0.66214 -0.74445
vn 0.15521 0.82393 -0.54502
vn 0.22328 0.93419 -0.27826
vn 0.26985 0.96283 -0.01200
vn 0.18975 0.98175 -0.01259
vn 0.21660 0.95740 0.19099
vn 0.22556 0.84711 0.48117
vn 0.21953 0.66210 0.71654
vn 0.20296 0.45158 0.86884
vn 0.18500 0.25850 0.94813
vn 0.16929 0.09370 0.98110
vn 0.16937 -0.00009 0.98555
vn 0.17719 -0.09400 0.97968
vn 0.18674 -0.25898 0.94766
vn 0.20311 -0.45229 0.86844
vn 0.21866 -0.66303 0.71595
vn 0.22351 -0.84814 0.48031
vn 0.20836 -0.95937 0.19025
vn 0.20013 -0.97968 -0.01361
vn 0.16333 -0.94428 -0.28577
vn 0.11338 -0.82540 -0.55305
vn 0.06346 -0.65883 -0.74961
vn 0.02160 -0.47953 -0.87726
vn -0.00878 -0.30628 -0.95190
vn -0.02713 -0.14351 -0.98928
vn -0.03380 0.00017 -0.99943
vn -0.02938 0.14392 -0.98915
vn -0.01270 0.30677 -0.95170
vn 0.01616 0.48019 -0.87701
vn 0.05700 0.65979 -0.74929
vn 0.10663 0.82670 -0.55245
vn 0.15654 0.94574 -0.28474
vn 0.18975 0.98175 -0.01259
vn 0.06483 0.99781 -0.01323
vn 0.07426 0.97783 0.19581
vn 0.06787 0.86648 0.49458
vn 0.05593 0.67572 0.73503
vn 0.04188 0.45891 0.88750
vn 0.02996 0.26172 0.96468
vn 0.01945 0.09469 0.99532
vn 0.02312 0.00001 0.99973
vn 0.03094 -0.09470 0.99502
vn 0.03526 -0.26173 0.96450
vn 0.04640 -0.45894 0.88726
vn 0.05978 -0.67574 0.73471
vn 0.07017 -0.86650 0.49421
vn 0.07045 -0.97816 0.19557
vn 0.07256 -0.99727 -0.01358
vn 0.05649 -0.95526 -0.29032
vn 0.03315 -0.82900 -0.55827
vn 0.00880 -0.65817 -0.75282
vn -0.01211 -0.47766 -0.87846
vn -0.02747 -0.30476 -0.95203
vn -0.03677 -0.14284 -0.98906
vn -0.03944 -0.00002 -0.99922
vn -0.03626 0.14283 -0.98908
vn -0.02721 0.30478 -0.95203
vn -0.01210 0.47775 -0.87841
vn 0.00828 0.65834 -0.75268
vn 0.03171 0.82923 -0.55800
vn 0.05335 0.95556 -0.28994
vn 0.06483 0.99781 -0.01323
vn 0.02741 0.99953 -0.01348
vn 0.01830 0.98009 0.19771
vn -0.00625 0.86677 0.49867
vn -0.03723 0.67338 0.73836
vn -0.06461 0.45550 0.88789
vn -0.08361 0.25907 0.96223
vn -0.09521 0.09365 0.99104
vn -0.09477 0.00013 0.99550
vn -0.08890 -0.09341 0.99165
vn -0.07876 -0.25880 0.96271
vn -0.05909 -0.45532 0.88837
vn -0.03146 -0.67328 0.73872
vn -0.00123 -0.86668 0.49886
vn 0.02203 -0.97998 0.19785
vn 0.02631 -0.99956 -0.01361
vn 0.01677 -0.95601 -0.29284
vn -0.00661 -0.82733 -0.56167
vn -0.03482 -0.65478 -0.75502
vn -0.06067 -0.47388 -0.87850
vn -0.08021 -0.30176 -0.95000
vn -0.09199 -0.14136 -0.98567
vn -0.09457 -0.00023 -0.99552
vn -0.08916 0.14095 -0.98599
vn -0.07605 0.30145 -0.95044
vn -0.05528 0.47372 -0.87894
vn -0.02899 0.65473 -0.75531
vn -0.00150 0.82732 -0.56173
vn 0.01993 0.95598 -0.29275
vn 0.02741 0.99953 -0.01348
vn 0.03978 0.99912 -0.01366
vn 0.02920 0.97923 0.20064
vn -0.00665 0.86335 0.50456
vn -0.05200 0.66718 0.74308
vn -0.09218 0.44893 0.88880
vn -0.12012 0.25441 0.95961
vn -0.13596 0.09182 0.98645
vn -0.13916 0.00019 0.99027
vn -0.13453 -0.09142 0.98668
vn -0.11904 -0.25390 0.95988
vn -0.09096 -0.44848 0.88915
vn -0.05071 -0.66687 0.74345
vn -0.00550 -0.86321 0.50482
vn 0.03006 -0.97916 0.20087
vn 0.03953 -0.99912 -0.01386
vn 0.02654 -0.95449 -0.29705
vn -0.00709 -0.82318 -0.56773
vn -0.04835 -0.64854 -0.75964
vn -0.08649 -0.46729 -0.87987
vn -0.11561 -0.29652 -0.94800
vn -0.13342 -0.13865 -0.98131
vn -0.13887 -0.00034 -0.99031
vn -0.13280 0.13799 -0.98149
vn -0.11470 0.29594 -0.94829
vn -0.08529 0.46687 -0.88021
vn -0.04703 0.64833 -0.75991
vn -0.00590 0.82314 -0.56781
vn 0.02728 0.95451 -0.29694
vn 0.03978 0.99912 -0.01366
vn 0.03617 0.99925 -0.01392
vn 0.02812 0.97853 0.20418
vn -0.00479 0.85931 0.51142
vn -0.04636 0.66061 0.74929
vn -0.08323 0.44278 0.89276
vn -0.10894 0.25042 0.96199
vn -0.12284 0.09032 0.98831
vn -0.12810 0.00018 0.99176
vn -0.12621 -0.08990 0.98792
vn -0.11156 -0.24985 0.96184
vn -0.08623 -0.44220 0.89276
vn -0.04954 -0.66018 0.74947
vn -0.00757 -0.85915 0.51167
vn 0.02606 -0.97854 0.20442
vn 0.03677 -0.99922 -0.01410
vn 0.02541 -0.95297 -0.30201
vn -0.00512 -0.81832 -0.57474
vn -0.04291 -0.64186 -0.76562
vn -0.07802 -0.46099 -0.88397
vn -0.10508 -0.29197 -0.95064
vn -0.12182 -0.13638 -0.98314
vn -0.12784 -0.00031 -0.99180
vn -0.12335 0.13574 -0.98304
vn -0.10734 0.29133 -0.95058
vn -0.08096 0.46044 -0.88399
vn -0.04610 0.64152 -0.76572
vn -0.00793 0.81826 -0.57480
vn 0.02368 0.95304 -0.30193
vn 0.03617 0.99925 -0.01392
vn 0.00109 0.99990 -0.01421
vn 0.00086 0.97836 0.20690
vn -0.01597 0.85618 0.51644
vn -0.03605 0.65587 0.75402
vn -0.05375 0.43885 0.89695
vn -0.06617 0.24815 0.96646
vn -0.07236 0.08951 0.99335
vn -0.07698 0.00011 0.99703
vn -0.07836 -0.08922 0.99292
vn -0.07144 -0.24773 0.96619
vn -0.06008 -0.43837 0.89678
vn -0.04299 -0.65542 0.75404
vn -0.02249 -0.85592 0.51661
vn -0.00564 -0.97830 0.20713
vn 0.00410 -0.99989 -0.01421
vn -0.00121 -0.95212 -0.30572
vn -0.01524 -0.81461 -0.57981
vn -0.03315 -0.63701 -0.77014
vn -0.05029 -0.45689 -0.88810
vn -0.06395 -0.28932 -0.95509
vn -0.07276 -0.13513 -0.98815
vn -0.07685 -0.00019 -0.99704
vn -0.07583 0.13473 -0.98798
vn -0.06874 0.28887 -0.95490
vn -0.05657 0.45644 -0.88795
vn -0.04004 0.63665 -0.77011
vn -0.02141 0.81443 -0.57987
vn -0.00534 0.95209 -0.30578
vn 0.00109 0.99990 -0.01421
vn -0.16363 0.98642 -0.01427
vn -0.15588 0.96614 0.20559
vn -0.16748 0.84303 0.51112
vn -0.16024 0.64636 0.74602
vn -0.14217 0.43407 0.88959
vn -0.12195 0.24654 0.96143
vn -0.10744 0.08942 0.99018
vn -0.10002 0.00003 0.99499
vn -0.10494 -0.08889 0.99050
vn -0.12573 -0.24576 0.96114
vn -0.14630 -0.43296 0.88946
vn -0.16312 -0.64516 0.74644
vn -0.16984 -0.84203 0.51200
vn -0.16849 -0.96384 0.20644
vn -0.14986 -0.98861 -0.01373
vn -0.15604 -0.94020 -0.30276
vn -0.15139 -0.80436 -0.57453
vn -0.14219 -0.62954 -0.76385
vn -0.13255 -0.45216 -0.88203
vn -0.12458 -0.28678 -0.94986
vn -0.11960 -0.13418 -0.98371
vn -0.11737 -0.00023 -0.99309
vn -0.11971 0.13357 -0.98378
vn -0.12648 0.28606 -0.94983
vn -0.13486 0.45131 -0.88212
vn -0.14424 0.62861 -0.76423
vn -0.15284 0.80353 -0.57532
vn -0.15808 0.93950 -0.30390
vn -0.16363 0.98642 -0.01427
vn -0.28124 0.95955 -0.01297
vn -0.31105 0.92838 0.20339
vn -0.34472 0.80015 0.49085
vn -0.33604 0.61639 0.71213
vn -0.29075 0.42254 0.85844
vn -0.22842 0.24624 0.94191
vn -0.16985 0.09222 0.98115
vn -0.15195 -0.00034 0.98839
vn -0.17869 -0.09108 0.97968
vn -0.23804 -0.24472 0.93992
vn -0.29595 -0.42051 0.85766
vn -0.33410 -0.61536 0.71394
vn -0.33578 -0.80179 0.49436
vn -0.29999 -0.93126 0.20681
vn -0.27613 -0.96103 -0.01279
vn -0.26683 -0.91723 -0.29579
vn -0.24426 -0.78931 -0.56332
vn -0.21202 -0.62239 -0.75344
vn -0.17826 -0.45021 -0.87495
vn -0.14882 -0.28724 -0.94623
vn -0.12754 -0.13525 -0.98257
vn -0.12163 -0.00020 -0.99258
vn -0.13275 0.13428 -0.98201
vn -0.15501 0.28603 -0.94560
vn -0.18476 0.44856 -0.87445
vn -0.21777 0.62036 -0.75348
vn -0.24846 0.78729 -0.56430
vn -0.26931 0.91583 -0.29788
vn -0.28124 0.95955 -0.01297
vn -0.17108 0.98520 -0.01016
vn -0.26136 0.93911 0.22308
vn -0.35637 0.78987 0.49911
vn -0.38361 0.60378 0.69877
vn -0.34777 0.42171 0.83739
vn -0.27138 0.25497 0.92809
vn -0.18325 0.10167 0.97779
vn -0.14694 -0.00107 0.98914
vn -0.18667 -0.10068 0.97725
vn -0.27413 -0.25452 0.92740
vn -0.34726 -0.42119 0.83786
vn -0.37846 -0.60436 0.70108
vn -0.34536 -0.79269 0.50236
vn -0.24099 -0.94353 0.22731
vn -0.16919 -0.98551 -0.01196
vn -0.11095 -0.94527 -0.30685
vn -0.05101 -0.81363 -0.57914
vn 0.01164 -0.63961 -0.76861
vn 0.07003 -0.46049 -0.88490
vn 0.11860 -0.29251 -0.94888
vn 0.15334 -0.13779 -0.97852
vn 0.16309 0.00029 -0.98661
vn 0.14570 0.13775 -0.97969
vn 0.10991 0.29261 -0.94990
vn 0.05927 0.46040 -0.88573
vn -0.00046 0.63904 -0.76918
vn -0.06321 0.81239 -0.57968
vn -0.12088 0.94363 -0.30815
vn -0.17108 0.98520 -0.01016
vn -0.13995 0.99014 -0.00656
vn -0.27726 0.92912 0.24468
vn -0.42449 0.75831 0.49475
vn -0.47592 0.57608 0.66455
vn -0.45766 0.41090 0.78848
vn -0.39303 0.25969 0.88209
vn -0.30726 0.11318 0.94487
vn -0.25818 -0.00149 0.96610
vn -0.29911 -0.11232 0.94758
vn -0.39098 -0.26000 0.88291
vn -0.45613 -0.41106 0.78928
vn -0.47403 -0.57632 0.66570
vn -0.42173 -0.75890 0.49621
vn -0.27767 -0.92800 0.24844
vn -0.12447 -0.99218 -0.00920
vn -0.00259 -0.95086 -0.30961
vn 0.12134 -0.81112 -0.57215
vn 0.23066 -0.62801 -0.74323
vn 0.31719 -0.44491 -0.83752
vn 0.38007 -0.27914 -0.88183
vn 0.42012 -0.13128 -0.89792
vn 0.43333 0.00053 -0.90124
vn 0.41645 0.13175 -0.89956
vn 0.37384 0.28016 -0.88417
vn 0.30789 0.44635 -0.84022
vn 0.21846 0.62955 -0.74562
vn 0.10722 0.81200 -0.57372
vn -0.01672 0.95027 -0.31098
vn -0.13995 0.99014 -0.00656
vn -0.23073 0.97301 -0.00343
vn -0.39035 0.88449 0.25557
vn -0.51701 0.71244 0.47447
vn -0.56061 0.54603 0.62255
vn -0.54980 0.39819 0.73428
vn -0.50330 0.26083 0.82381
vn -0.43787 0.12361 0.89050
vn -0.39776 -0.00138 0.91749
vn -0.43221 -0.12235 0.89344
vn -0.49987 -0.26124 0.82576
vn -0.54846 -0.39823 0.73526
vn -0.56155 -0.54499 0.62262
vn -0.52036 -0.70999 0.47449
vn -0.39737 -0.88022 0.25943
vn -0.22775 -0.97371 -0.00500
vn -0.05585 -0.94996 -0.30734
vn 0.12223 -0.81577 -0.56531
vn 0.27411 -0.62924 -0.72727
vn 0.38618 -0.44256 -0.80932
vn 0.46146 -0.27638 -0.84301
vn 0.50616 -0.13066 -0.85248
vn 0.52172 0.00045 -0.85312
vn 0.50587 0.13082 -0.85263
vn 0.46032 0.27667 -0.84354
vn 0.38377 0.44284 -0.81032
vn 0.27018 0.62941 -0.72859
vn 0.11710 0.81552 -0.56676
vn -0.06075 0.94901 -0.30932
vn -0.23073 0.97301 -0.00343
vn -0.26758 0.96353 -0.00151
vn -0.39402 0.87864 0.26970
vn -0.47999 0.72921 0.48771
vn -0.50822 0.57363 0.64238
vn -0.49792 0.42531 0.75577
vn -0.46402 0.28227 0.83965
vn -0.42020 0.13952 0.89664
vn -0.39174 -0.00088 0.92007
vn -0.41306 -0.13871 0.90008
vn -0.45901 -0.28282 0.84222
vn -0.49751 -0.42496 0.75624
vn -0.51351 -0.57083 0.64067
vn -0.49157 -0.72299 0.48542
vn -0.41233 -0.86970 0.27130
vn -0.27821 -0.96052 -0.00128
vn -0.12161 -0.94563 -0.30166
vn 0.05055 -0.82686 -0.56013
vn 0.20533 -0.65022 -0.73148
vn 0.32300 -0.46492 -0.82433
vn 0.40274 -0.29441 -0.86667
vn 0.44984 -0.14132 -0.88186
vn 0.46731 0.00028 -0.88410
vn 0.45304 0.14111 -0.88025
vn 0.40747 0.29369 -0.86470
vn 0.32909 0.46352 -0.82271
vn 0.21248 0.64848 -0.73097
vn 0.05830 0.82560 -0.56123
vn -0.11378 0.94580 -0.30418
vn -0.26758 0.96353 -0.00151
vn -0.24941 0.96839 -0.00450
vn -0.22981 0.93194 0.28048
vn -0.18178 0.82368 0.53713
vn -0.16261 0.66532 0.72863
vn -0.18933 0.48872 0.85165
vn -0.25066 0.31310 0.91605
vn -0.31908 0.14634 0.93636
vn -0.33334 0.00181 0.94281
vn -0.27127 -0.15014 0.95072
vn -0.20258 -0.31682 0.92660
vn -0.16369 -0.49107 0.85560
vn -0.17386 -0.66394 0.72729
vn -0.22935 -0.81506 0.53205
vn -0.29216 -0.91633 0.27382
vn -0.28073 -0.95979 0.00070
vn -0.19263 -0.93625 -0.29380
vn -0.09276 -0.82957 -0.55064
vn 0.00284 -0.67263 -0.73998
vn 0.08198 -0.49862 -0.86294
vn 0.14028 -0.32612 -0.93486
vn 0.17728 -0.16056 -0.97097
vn 0.19308 -0.00021 -0.98118
vn 0.18592 0.15970 -0.96950
vn 0.15576 0.32466 -0.93292
vn 0.10274 0.49678 -0.86177
vn 0.02627 0.67137 -0.74065
vn -0.07041 0.83008 -0.55317
vn -0.17528 0.93868 -0.29691
vn -0.24941 0.96839 -0.00450
vn -0.24234 0.96871 -0.05361
vn -0.17960 0.96244 0.20362
vn 0.02891 0.87533 0.48266
vn 0.16371 0.70264 0.69245
vn 0.15451 0.51816 0.84121
vn 0.01786 0.33865 0.94074
vn -0.18358 0.16000 0.96990
vn -0.31673 0.02252 0.94825
vn -0.26839 -0.10707 0.95734
vn -0.07508 -0.27905 0.95734
vn 0.10664 -0.45938 0.88181
vn 0.18469 -0.64004 0.74581
vn 0.11887 -0.82069 0.55888
vn -0.07475 -0.95193 0.29707
vn -0.22267 -0.97406 0.04032
vn -0.20800 -0.94682 -0.24550
vn -0.15308 -0.84776 -0.50780
vn -0.10406 -0.69848 -0.70803
vn -0.06598 -0.52977 -0.84557
vn -0.03959 -0.35892 -0.93253
vn -0.02388 -0.19166 -0.98117
vn -0.01778 -0.02768 -0.99946
vn -0.02078 0.13577 -0.99052
vn -0.03312 0.30170 -0.95283
vn -0.05575 0.47158 -0.88006
vn -0.08981 0.64225 -0.76121
vn -0.13542 0.80097 -0.58318
vn -0.18924 0.92106 -0.34035
vn -0.24234 0.96871 -0.05361
f 1/1/1 30/30/30 31/31/31
f 1/1/1 31/31/31 2/2/2
f 2/2/2 31/31/31 32/32/32
f 2/2/2 32/32/32 3/3/3
f 3/3/3 32/32/32 33/33/33
f 3/3/3 33/33/33 4/4/4
f 4/4/4 33/33/33 34/34/34
f 4/4/4 34/34/34 5/5/5
f 5/5/5 34/34/34 35/35/35
f 5/5/5 35/35/35 6/6/6
f 6/6/6 35/35/35 36/36/36
f 6/6/6 36/36/36 7/7/7
f 7/7/7 36/36/36 37/37/37
f 7/7/7 37/37/37 8/8/8
f 8/8/8 37/37/37 38/38/38
f 8/8/8 38/38/38 9/9/9
f 9/9/9 38/38/38 39/39/39
f 9/9/9 39/39/39 10/10/10
f 10/10/10 39/39/39 40/40/40
f 10/10/10 40/40/40 11/11/11
f 11/11/11 40/40/40 41/41/41
f 11/11/11 41/41/41 12/12/12
f 12/12/12 41/41/41 42/42/42
f 12/12/12 42/42/42 13/13/13
f 13/13/13 42/42/42 43/43/43
f 13/13/13 43/43/43 14/14/14
f 14/14/14 43/43/43 44/44/44
f 14/14/14 44/44/44 15/15/15
f 15/15/15 44/44/44 45/45/45
f 15/15/15 45/45/45 16/16/16
f 16/16/16 45/45/45 46/46/46
f 16/16/16 46/46/46 17/17/17
f 17/17/17 46/46/46 47/47/47
f 17/17/17 47/47/47 18/18/18
f 18/18/18 47/47/47 48/48/48
f 18/18/18 48/48/48 19/19/19
f 19/19/19 48/48/48 49/49/49
f 19/19/19 49/49/49 20/20/20
f 20/20/20 49/49/49 50/50/50
f 20/20/20 50/50/50 21/21/21
f 21/21/21 50/50/50 51/51/51
f 21/21/21 51/51/51 22/22/22
f 22/22/22 51/51/51 52/52/52
f 22/22/22 52/52/52 23/23/23
f 23/23/23 52/52/52 53/53/53
f 23/23/23 53/53/53 24/24/24
f 24/24/24 53/53/53 54/54/54
f 24/24/24 54/54/54 25/25/25
f 25/25/25 54/54/54 55/55/55
f 25/25/25 55/55/55 26/26/26
f 26/26/26 55/55/55 56/56/56
f 26/26/26 56/56/56 27/27/27
f 27/27/27 56/56/56 57/57/57
f 27/27/27 57/57/57 28/28/28
f 28/28/28 57/57/57 58/58/58
f 28/28/28 58/58/58 29/29/29
f 30/30/30 59/59/59 60/60/60
f 30/30/30 60/60/60 31/31/31
f 31/31/31 60/60/60 61/61/61
f 31/31/31 61/61/61 32/32/32
f 32/32/32 61/61/61 62/62/62
f 32/32/32 62/62/62 33/33/33
f 33/33/33 62/62/62 63/63/63
f 33/33/33 63/63/63 34/34/34
f 34/34/34 63/63/63 64/64/64
f 34/34/34 64/64/64 35/35/35
f 35/35/35 64/64/64 65/65/65
f 35/35/35 65/65/65 36/36/36
f 36/36/36 65/65/65 66/66/66
f 36/36/36 66/66/66 37/37/37
f 37/37/37 66/66/66 67/67/67
f 37/37/37 67/67/67 38/38/38
f 38/38/38 67/67/67 68/68/68
f 38/38/38 68/68/68 39/39/39
f 39/39/39 68/68/68 69/69/69
f 39/39/39 69/69/69 40/40/40
f 40/40/40 69/69/69 70/70/70
f 40/40/40 70/70/70 41/41/41
f 41/41/41 70/70/70 71/71/71
f 41/41/41 71/71/71 42/42/42
f 42/42/42 71/71/71 72/72/72
f 42/42/42 72/72/72 43/43/43
f 43/43/43 72/72/72 73/73/73
f 43/43/43 73/73/73 44/44/44
f 44/44/44 73/73/73 74/74/74
f 44/44/44 74/74/74 45/45/45
f 45/45/45 74/74/74 75/75/75
f 45/45/45 75/75/75 46/46/46
f 46/46/46 75/75/75 76/76/76
f 46/46/46 76/76/76 47/47/47
f 47/47/47 76/76/76 77/77/77
f 47/47/47 77/77/77 48/48/48
f 48/48/48 77/77/77 78/78/78
f 48/48/48 78/78/78 49/49/49
f 49/49/49 78/78/78 79/79/79
f 49/49/49 79/79/79 50/50/50
f 50/50/50 79/79/79 80/80/80
f 50/50/50 80/80/80 51/51/51
f 51/51/51 80/80/80 81/81/81
f 51/51/51 81/81/81 52/52/52
f 52/52/52 81/81/81 82/82/82
f 52/52/52 82/82/82 53/53/53
f 53/53/53 82/82/82 83/83/83
f 53/53/53 83/83/83 54/54/54
f 54/54/54 83/83/83 84/84/84
f 54/54/54 84/84/84 55/55/55
f 55/55/55 84/84/84 85/85/85
f 55/55/55 85/85/85 56/56/56
f 56/56/56 85/85/85 86/86/86
f 56/56/56 86/86/86 57/57/57
f 57/57/57 86/86/86 87/87/87
f 57/57/57 87/87/87 58/58/58
f 59/59/59 88/88/88 89/89/89
f 59/59/59 89/89/89 60/60/60
f 60/60/60 89/89/89 90/90/90
f 60/60/60 90/90/90 61/61/61
f 61/61/61 90/90/90 91/91/91
f 61/61/61 91/91/91 62/62/62
f 62/62/62 91/91/91 92/92/92
f 62/62/62 92/92/92 63/63/63
f 63/63/63 92/92/92 93/93/93
f 63/63/63 93/93/93 64/64/64
f 64/64/64 93/93/93 94/94/94
f 64/64/64 94/94/94 65/65/65
f 65/65/65 94/94/94 95/95/95
f 65/65/65 95/95/95 66/66/66
f 66/66/66 95/95/95 96/96/96
f 66/66/66 96/96/96 67/67/67
f 67/67/67 96/96/96 97/97/97
f 67/67/67 97/97/97 68/68/68
f 68/68/68 97/97/97 98/98/98
f 68/68/68 98/98/98 69/69/69
f 69/69/69 98/98/98 99/99/99
f 69/69/69 99/99/99 70/70/70
f 70/70/70 99/99/99 100/100/100
f 70/70/70 100/100/100 71/71/71
f 71/71/71 100/100/100 101/101/101
f 71/71/71 101/101/101 72/72/72
f 72/72/72 101/101/101 102/102/102
f 72/72/72 102/102/102 73/73/73
f 73/73/73 102/102/102 103/103/103
f 73/73/73 103/103/103 74/74/74
f 74/74/74 103/103/103 104/104/104
f 74/74/74 104/104/104 75/75/75
f 75/75/75 104/104/104 105/105/105
f 75/75/75 105/105/105 76/76/76
f 76/76/76 105/105/105 106/106/106
f 76/76/76 106/106/106 77/77/77
f 77/77/77 106/106/106 107/107/107
f 77/77/77 107/107/107 78/78/78
f 78/78/78 107/107/107 108/108/108
f 78/78/78 108/108/108 79/79/79
f 79/79/79 108/108/108 109/109/109
f 79/79/79 109/109/109 80/80/80
f 80/80/80 109/109/109 110/110/110
f 80/80/80 110/110/110 81/81/81
f 81/81/81 110/110/110 111/111/111
f 81/81/81 111/111/111 82/82/82
f 82/82/82 111/111/111 112/112/112
f 82/82/82 112/112/112 83/83/83
f 83/83/83 112/112/112 113/113/113
f 83/83/83 113/113/113 84/84/84
f 84/84/84 113/113/113 114/114/114
f 84/84/84 114/114/114 85/85/85
f 85/85/85 114/114/114 115/115/115
f 85/85/85 115/115/115 86/86/86
f 86/86/86 115/115/115 116/116/116
f 86/86/86 116/116/116 87/87/87
f 88/88/88 117/117/117 118/118/118
f 88/88/88 118/118/118 89/89/89
f 89/89/89 118/118/118 119/119/119
f 89/89/89 119/119/119 90/90/90
f 90/90/90 119/119/119 120/120/120
f 90/90/90 120/120/120 91/91/91
f 91/91/91 120/120/120 121/121/121
f 91/91/91 121/121/121 92/92/92
f 92/92/92 121/121/121 122/122/122
f 92/92/92 122/122/122 93/93/93
f 93/93/93 122/122/122 123/123/123
f 93/93/93 123/123/123 94/94/94
f 94/94/94 123/123/123 124/124/124
f 94/94/94 124/124/124 95/95/95
f 95/95/95 124/124/124 125/125/125
f 95/95/95 125/125/125 96/96/96
f 96/96/96 125/125/125 126/126/126
f 96/96/96 126/126/126 97/97/97
f 97/97/97 126/126/126 127/127/127
f 97/97/97 127/127/127 98/98/98
f 98/98/98 127/127/127 128/128/128
f 98/98/98 128/128/128 99/99/99
f 99/99/99 128/128/128 129/129/129
f 99/99/99 129/129/129 100/100/100
f 100/100/100 129/129/129 130/130/130
f 100/100/100 130/130/130 101/101/101
f 101/101/101 130/130/130 131/131/131
f 101/101/101 131/131/131 102/102/102
f 102/102/102 131/131/131 132/132/132
f 102/102/102 132/132/132 103/103/103
f 103/103/103 132/132/132 133/133/133
f 103/103/103 133/133/133 104/104/104
f 104/104/104 133/133/133 134/134/134
f 104/104/104 134/134/134 105/105/105
f 105/105/105 134/134/134 135/135/135
f 105/105/105 135/135/135 106/106/106
f 106/106/106 135/135/135 136/136/136
f 106/106/106 136/136/136 107/107/107
f 107/107/107 136/136/136 137/137/137
f 107/107/107 137/137/137 108/108/108
f 108/108/108 137/137/137 138/138/138
f 108/108/108 138/138/138 109/109/109
f 109/109/109 138/138/138 139/139/139
f 109/109/109 139/139/139 110/110/110
f 110/110/110 139/139/139 140/140/140
f 110/110/110 140/140/140 111/111/111
f 111/111/111 140/140/140 141/141/141
f 111/111/111 141/141/141 112/112/112
f 112/112/112 141/141/141 142/142/142
f 112/112/112 142/142/142 113/113/113
f 113/113/113 142/142/142 143/143/143
f 113/113/113 143/143/143 114/114/114
f 114/114/114 143/143/143 144/144/144
f 114/114/114 144/144/144 115/115/115
f 115/115/115 144/144/144 145/145/145
f 115/115/115 145/145/145 116/116/116
f 117/117/117 146/146/146 147/147/147
f 117/117/117 147/147/147 118/118/118
f 118/118/118 147/147/147 148/148/148
f 118/118/118 148/148/148 119/119/119
f 119/119/119 148/148/148 149/149/149
f 119/119/119 149/149/149 120/120/120
f 120/120/120 149/149/149 150/150/150
f 120/120/120 150/150/150 121/121/121
f 121/121/121 150/150/150 151/151/151
f 121/121/121 151/151/151 122/122/122
f 122/122/122 151/151/151 152/152/152
f 122/122/122 152/152/152 123/123/123
f 123/123/123 152/152/152 153/153/153
f 123/123/123 153/153/153 124/124/124
f 124/124/124 153/153/153 154/154/154
f 124/124/124 154/154/154 125/125/125
f 125/125/125 154/154/154 155/155/155
f 125/125/125 155/155/155 126/126/126
f 126/126/126 155/155/155 156/156/156
f 126/126/126 156/156/156 127/127/127
f 127/127/127 156/156/156 157/157/157
f 127/127/127 157/157/157 128/128/128
f 128/128/128 157/157/157 158/158/158
f 128/128/128 158/158/158 129/129/129
f 129/129/129 158/158/158 159/159/159
f 129/129/129 159/159/159 130/130/130
f 130/130/130 159/159/159 160/160/160
f 130/130/130 160/160/160 131/131/131
f 131/131/131 160/160/160 161/161/161
f 131/131/131 161/161/161 132/132/132
f 132/132/132 161/161/161 162/162/162
f 132/132/132 162/162/162 133/133/133
f 133/133/133 162/162/162 163/163/163
f 133/133/133 163/163/163 134/134/134
f 134/134/134 163/163/163 164/164/164
f 134/134/134 164/164/164 135/135/135
f 135/135/135 164/164/164 165/165/165
f 135/135/135 165/165/165 136/136/136
f 136/136/136 165/165/165 166/166/166
f 136/136/136 166/166/166 137/137/137
f 137/137/137 166/166/166 167/167/167
f 137/137/137 167/167/167 138/138/138
f 138/138/138 167/167/167 168/168/168
f 138/138/138 168/168/168 139/139/139
f 139/139/139 168/168/168 169/169/169
f 139/139/139 169/169/169 140/140/140
f 140/140/140 169/169/169 170/170/170
f 140/140/140 170/170/170 141/141/141
f 141/141/141 170/170/170 171/171/171
f 141/141/141 171/171/171 142/142/142
f 142/142/142 171/171/171 172/172/172
f 142/142/142 172/172/172 143/143/143
f 143/143/143 172/172/172 173/173/173
f 143/143/143 173/173/173 144/144/144
f 144/144/144 173/173/173 174/174/174
f 144/144/144 174/174/174 145/145/145
f 146/146/146 175/175/175 176/176/176
f 146/146/146 176/176/176 147/147/147
f 147/147/147 176/176/176 177/177/177
f 147/147/147 177/177/177 148/148/148
f 148/148/148 177/177/177 178/178/178
f 148/148/148 178/178/178 149/149/149
f 149/149/149 178/178/178 179/179/179
f 149/149/149 179/179/179 150/150/150
f 150/150/150 179/179/179 180/180/180
f 150/150/150 180/180/180 151/151/151
f 151/151/151 180/180/180 181/181/181
f 151/151/151 181/181/181 152/152/152
f 152/152/152 181/181/181 182/182/182
f 152/152/152 182/182/182 153/153/153
f 153/153/153 182/182/182 183/183/183
f 153/153/153 183/183/183 154/154/154
f 154/154/154 183/183/183 184/184/184
f 154/154/154 184/184/184 155/155/155
f 155/155/155 184/184/184 185/185/185
f 155/155/155 185/185/185 156/156/156
f 156/156/156 185/185/185 186/186/186
f 156/156/156 186/186/186 157/157/157
f 157/157/157 186/186/186 187/187/187
f 157/157/157 187/187/187 158/158/158
f 158/158/158 187/187/187 188/188/188
f 158/158/158 188/188/188 159/159/159
f 159/159/159 188/188/188 189/189/189
f 159/159/159 189/189/189 160/160/160
f 160/160/160 189/189/189 190/190/190
f 160/160/160 190/190/190 161/161/161
f 161/161/161 190/190/190 191/191/191
f 161/161/161 191/191/191 162/162/162
f 162/162/162 191/191/191 192/192/192
f 162/162/162 192/192/192 163/163/163
f 163/163/163 192/192/192 193/193/193
f 163/163/163 193/193/193 164/164/164
f 164/164/164 193/193/193 194/194/194
f 164/164/164 194/194/194 165/165/165
f 165/165/165 194/194/194 195/195/195
f 165/165/165 195/195/195 166/166/166
f 166/166/166 195/195/195 196/196/196
f 166/166/166 196/196/196 167/167/167
f 167/167/167 196/196/196 197/197/197
f 167/167/167 197/197/197 168/168/168
f 168/168/168 197/197/197 198/198/198
f 168/168/168 198/198/198 169/169/169
f 169/169/169 198/198/198 199/199/199
f 169/169/169 199/199/199 170/170/170
f 170/170/170 199/199/199 200/200/200
f 170/170/170 200/200/200 171/171/171
f 171/171/171 200/200/200 201/201/201
f 171/171/171 201/201/201 172/172/172
f 172/172/172 201/201/201 202/202/202
f 172/172/172 202/202/202 173/173/173
f 173/173/173 202/202/202 203/203/203
f 173/173/173 203/203/203 174/174/174
f 175/175/175 204/204/204 205/205/205
f 175/175/175 205/205/205 176/176/176
f 176/176/176 205/205/205 206/206/206
f 176/176/176 206/206/206 177/177/177
f 177/177/177 206/206/206 207/207/207
f 177/177/177 207/207/207 178/178/178
f 178/178/178 207/207/207 208/208/208
f 178/178/178 208/208/208 179/179/179
f 179/179/179 208/208/208 209/209/209
f 179/179/179 209/209/209 180/180/180
f 180/180/180 209/209/209 210/210/210
f 180/180/180 210/210/210 181/181/181
f 181/181/181 210/210/210 211/211/211
f 181/181/181 211/211/211 182/182/182
f 182/182/182 211/211/211 212/212/212
f 182/182/182 212/212/212 183/183/183
f 183/183/183 212/212/212 213/213/213
f 183/183/183 213/213/213 184/184/184
f 184/184/184 213/213/213 214/214/214
f 184/184/184 214/214/214 185/185/185
f 185/185/185 214/214/214 215/215/215
f 185/185/185 215/215/215 186/186/186
f 186/186/186 215/215/215 216/216/216
f 186/186/186 216/216/216 187/187/187
f 187/187/187 216/216/216 217/217/217
f 187/187/187 217/217/217 188/188/188
f 188/188/188 217/217/217 218/218/218
f 188/188/188 218/218/218 189/189/189
f 189/189/189 218/218/218 219/219/219
f 189/189/189 219/219/219 190/190/190
f 190/190/190 219/219/219 220/220/220
f 190/190/190 220/220/220 191/191/191
f 191/191/191 220/220/220 221/221/221
f 191/191/191 221/221/221 192/192/192
f 192/192/192 221/221/221 222/222/222
f 192/192/192 222/222/222 193/193/193
f 193/193/193 222/222/222 223/223/223
f 193/193/193 223/223/223 194/194/194
f 194/194/194 223/223/223 224/224/224
f 194/194/194 224/224/224 195/195/195
f 195/195/195 224/224/224 225/225/225
f 195/195/195 225/225/225 196/196/196
f 196/196/196 225/225/225 226/226/226
f 196/196/196 226/226/226 197/197/197
f 197/197/197 226/226/226 227/227/227
f 197/197/197 227/227/227 198/198/198
f 198/198/198 227/227/227 228/228/228
f 198/198/198 228/228/228 199/199/199
f 199/199/199 228/228/228 229/229/229
f 199/199/199 229/229/229 200/200/200
f 200/200/200 229/229/229 230/230/230
f 200/200/200 230/230/230 201/201/201
f 201/201/201 230/230/230 231/231/231
f 201/201/201 231/231/231 202/202/202
f 202/202/202 231/231/231 232/232/232
f 202/202/202 232/232/232 203/203/203
f 204/204/204 233/233/233 234/234/234
f 204/204/204 234/234/234 205/205/205
f 205/205/205 234/234/234 235/235/235
f 205/205/205 235/235/235 206/206/206
f 206/206/206 235/235/235 236/236/236
f 206/206/206 236/236/236 207/207/207
f 207/207/207 236/236/236 237/237/237
f 207/207/207 237/237/237 208/208/208
f 208/208/208 237/237/237 238/238/238
f 208/208/208 238/238/238 209/209/209
f 209/209/209 238/238/238 239/239/239
f 209/209/209 239/239/239 210/210/210
f 210/210/210 239/239/239 240/240/240
f 210/210/210 240/240/240 211/211/211
f 211/211/211 240/240/240 241/241/241
f 211/211/211 241/241/241 212/212/212
f 212/212/212 241/241/241 242/242/242
f 212/212/212 242/242/242 213/213/213
f 213/213/213 242/242/242 243/243/243
f 213/213/213 243/243/243 214/214/214
f 214/214/214 243/243/243 244/244/244
f 214/214/214 244/244/244 215/215/215
f 215/215/215 244/244/244 245/245/245
f 215/215/215 245/245/245 216/216/216
f 216/216/216 245/245/245 246/246/246
f 216/216/216 246/246/246 217/217/217
f 217/217/217 246/246/246 247/247/247
f 217/217/217 247/247/247 218/218/218
f 218/218/218 247/247/247 248/248/248
f 218/218/218 248/248/248 219/219/219
f 219/219/219 248/248/248 249/249/249
f 219/219/219 249/249/249 220/220/220
f 220/220/220 249/249/249 250/250/250
f 220/220/220 250/250/250 221/221/221
f 221/221/221 250/250/250 251/251/251
f 221/221/221 251/251/251 222/222/222
f 222/222/222 251/251/251 252/252/252
f 222/222/222 252/252/252 223/223/223
f 223/223/223 252/252/252 253/253/253
f 223/223/223 253/253/253 224/224/224
f 224/224/224 253/253/253 254/254/254
f 224/224/224 254/254/254 225/225/225
f 225/225/225 254/254/254 255/255/255
f 225/225/225 255/255/255 226/226/226
f 226/226/226 255/255/255 256/256/256
f 226/226/226 256/256/256 227/227/227
f 227/227/227 256/256/256 257/257/257
f 227/227/227 257/257/257 228/228/228
f 228/228/228 257/257/257 258/258/258
f 228/228/228 258/258/258 229/229/229
f 229/229/229 258/258/258 259/259/259
f 229/229/229 259/259/259 230/230/230
f 230/230/230 259/259/259 260/260/260
f 230/230/230 260/260/260 231/231/231
f 231/231/231 260/260/260 261/261/261
f 231/231/231 261/261/261 232/232/232
f 233/233/233 262/262/262 263/263/263
f 233/233/233 263/263/263 234/234/234
f 234/234/234 263/263/263 264/264/264
f 234/234/234 264/264/264 235/235/235
f 235/235/235 264/264/264 265/265/265
f 235/235/235 265/265/265 236/236/236
f 236/236/236 265/265/265 266/266/266
f 236/236/236 266/266/266 237/237/237
f 237/237/237 266/266/266 267/267/267
f 237/237/237 267/267/267 238/238/238
f 238/238/238 267/267/267 268/268/268
f 238/238/238 268/268/268 239/239/239
f 239/239/239 268/268/268 269/269/269
f 239/239/239 269/269/269 240/240/240
f 240/240/240 269/269/269 270/270/270
f 240/240/240 270/270/270 241/241/241
f 241/241/241 270/270/270 271/271/271
f 241/241/241 271/271/271 242/242/242
f 242/242/242 271/271/271 272/272/272
f 242/242/242 272/272/272 243/243/243
f 243/243/243 272/272/272 273/273/273
f 243/243/243 273/273/273 244/244/244
f 244/244/244 273/273/273 274/274/274
f 244/244/244 274/274/274 245/245/245
f 245/245/245 274/274/274 275/275/275
f 245/245/245 275/275/275 246/246/246
f 246/246/246 275/275/275 276/276/276
f 246/246/246 276/276/276 247/247/247
f 247/247/247 276/276/276 277/277/277
f 247/247/247 277/277/277 248/248/248
f 248/248/248 277/277/277 278/278/278
f 248/248/248 278/278/278 249/249/249
f 249/249/249 278/278/278 279/279/279
f 249/249/249 279/279/279 250/250/250
f 250/250/250 279/279/279 280/280/280
f 250/250/250 280/280/280 251/251/251
f 251/251/251 280/280/280 281/281/281
f 251/251/251 281/281/281 252/252/252
f 252/252/252 281/281/281 282/282/282
f 252/252/252 282/282/282 253/253/253
f 253/253/253 282/282/282 283/283/283
f 253/253/253 283/283/283 254/254/254
f 254/254/254 283/283/283 284/284/284
f 254/254/254 284/284/284 255/255/255
f 255/255/255 284/284/284 285/285/285
f 255/255/255 285/285/285 256/256/256
f 256/256/256 285/285/285 286/286/286
f 256/256/256 286/286/286 257/257/257
f 257/257/257 286/286/286 287/287/287
f 257/257/257 287/287/287 258/258/258
f 258/258/258 287/287/287 288/288/288
f 258/258/258 288/288/288 259/259/259
f 259/259/259 288/288/288 289/289/289
f 259/259/259 289/289/289 260/260/260
f 260/260/260 289/289/289 290/290/290
f 260/260/260 290/290/290 261/261/261
f 262/262/262 291/291/291 292/292/292
f 262/262/262 292/292/292 263/263/263
f 263/263/263 292/292/292 293/293/293
f 263/263/263 293/293/293 264/264/264
f 264/264/264 293/293/293 294/294/294
f 264/264/264 294/294/294 265/265/265
f 265/265/265 294/294/294 295/295/295
f 265/265/265 295/295/295 266/266/266
f 266/266/266 295/295/295 296/296/296
f 266/266/266 296/296/296 267/267/267
f 267/267/267 296/296/296 297/297/297
f 267/267/267 297/297/297 268/268/268
f 268/268/268 297/297/297 298/298/298
f 268/268/268 298/298/298 269/269/269
f 269/269/269 298/298/298 299/299/299
f 269/269/269 299/299/299 270/270/270
f 270/270/270 299/299/299 300/300/300
f 270/270/270 300/300/300 271/271/271
f 271/271/271 300/300/300 301/301/301
f 271/271/271 301/301/301 272/272/272
f 272/272/272 301/301/301 302/302/302
f 272/272/272 302/302/302 273/273/273
f 273/273/273 302/302/302 303/303/303
f 273/273/273 303/303/303 274/274/274
f 274/274/274 303/303/303 304/304/304
f 274/274/274 304/304/304 275/275/275
f 275/275/275 304/304/304 305/305/305
f 275/275/275 305/305/305 276/276/276
f 276/276/276 305/305/305 306/306/306
f 276/276/276 306/306/306 277/277/277
f 277/277/277 306/306/306 307/307/307
f 277/277/277 307/307/307 278/278/278
f 278/278/278 307/307/307 308/308/308
f 278/278/278 308/308/308 279/279/279
f 279/279/279 308/308/308 309/309/309
f 279/279/279 309/309/309 280/280/280
f 280/280/280 309/309/309 310/310/310
f 280/280/280 310/310/310 281/281/281
f 281/281/281 310/310/310 311/311/311
f 281/281/281 311/311/311 282/282/282
f 282/282/282 311/311/311 312/312/312
f 282/282/282 312/312/312 283/283/283
f 283/283/283 312/312/312 313/313/313
f 283/283/283 313/313/313 284/284/284
f 284/284/284 313/313/313 314/314/314
f 284/284/284 314/314/314 285/285/285
f 285/285/285 314/314/314 315/315/315
f 285/285/285 315/315/315 286/286/286
f 286/286/286 315/315/315 316/316/316
f 286/286/286 316/316/316 287/287/287
f 287/287/287 316/316/316 317/317/317
f 287/287/287 317/317/317 288/288/288
f 288/288/288 317/317/317 318/318/318
f 288/288/288 318/318/318 289/289/289
f 289/289/289 318/318/318 319/319/319
f 289/289/289 319/319/319 290/290/290
f 291/291/291 320/320/320 321/321/321
f 291/291/291 321/321/321 292/292/292
f 292/292/292 321/321/321 322/322/322
f 292/292/292 322/322/322 293/293/293
f 293/293/293 322/322/322 323/323/323
f 293/293/293 323/323/323 294/294/294
f 294/294/294 323/323/323 324/324/324
f 294/294/294 324/324/324 295/295/295
f 295/295/295 324/324/324 325/325/325
f 295/295/295 325/325/325 296/296/296
f 296/296/296 325/325/325 326/326/326
f 296/296/296 326/326/326 297/297/297
f 297/297/297 326/326/326 327/327/327
f 297/297/297 327/327/327 298/298/298
f 298/298/298 327/327/327 328/328/328
f 298/298/298 328/328/328 299/299/299
f 299/299/299 328/328/328 329/329/329
f 299/299/299 329/329/329 300/300/300
f 300/300/300 329/329/329 330/330/330
f 300/300/300 330/330/330 301/301/301
f 301/301/301 330/330/330 331/331/331
f 301/301/301 331/331/331 302/302/302
f 302/302/302 331/331/331 332/332/332
f 302/302/302 332/332/332 303/303/303
f 303/303/303 332/332/332 333/333/333
f 303/303/303 333/333/333 304/304/304
f 304/304/304 333/333/333 334/334/334
f 304/304/304 334/334/334 305/305/305
f 305/305/305 334/334/334 335/335/335
f 305/305/305 335/335/335 306/306/306
f 306/306/306 335/335/335 336/336/336
f 306/306/306 336/336/336 307/307/307
f 307/307/307 336/336/336 337/337/337
f 307/307/307 337/337/337 308/308/308
f 308/308/308 337/337/337 338/338/338
f 308/308/308 338/338/338 309/309/309
f 309/309/309 338/338/338 339/339/339
f 309/309/309 339/339/339 310/310/310
f 310/310/310 339/339/339 340/340/340
f 310/310/310 340/340/340 311/311/311
f 311/311/311 340/340/340 341/341/341
f 311/311/311 341/341/341 312/312/312
f 312/312/312 341/341/341 342/342/342
f 312/312/312 342/342/342 313/313/313
f 313/313/313 342/342/342 343/343/343
f 313/313/313 343/343/343 314/314/314
f 314/314/314 343/343/343 344/344/344
f 314/314/314 344/344/344 315/315/315
f 315/315/315 344/344/344 345/345/345
f 315/315/315 345/345/345 316/316/316
f 316/316/316 345/345/345 346/346/346
f 316/316/316 346/346/346 317/317/317
f 317/317/317 346/346/346 347/347/347
f 317/317/317 347/347/347 318/318/318
f 318/318/318 347/347/347 348/348/348
f 318/318/318 348/348/348 319/319/319
f 320/320/320 349/349/349 350/350/350
f 320/320/320 350/350/350 321/321/321
f 321/321/321 350/350/350 351/351/351
f 321/321/321 351/351/351 322/322/322
f 322/322/322 351/351/351 352/352/352
f 322/322/322 352/352/352 323/323/323
f 323/323/323 352/352/352 353/353/353
f 323/323/323 353/353/353 324/324/324
f 324/324/324 353/353/353 354/354/354
f 324/324/324 354/354/354 325/325/325
f 325/325/325 354/354/354 355/355/355
f 325/325/325 355/355/355 326/326/326
f 326/326/326 355/355/355 356/356/356
f 326/326/326 356/356/356 327/327/327
f 327/327/327 356/356/356 357/357/357
f 327/327/327 357/357/357 328/328/328
f 328/328/328 357/357/357 358/358/358
f 328/328/328 358/358/358 329/329/329
f 329/329/329 358/358/358 359/359/359
f 329/329/329 359/359/359 330/330/330
f 330/330/330 359/359/359 360/360/360
f 330/330/330 360/360/360 331/331/331
f 331/331/331 360/360/360 361/361/361
f 331/331/331 361/361/361 332/332/332
f 332/332/332 361/361/361 362/362/362
f 332/332/332 362/362/362 333/333/333
f 333/333/333 362/362/362 363/363/363
f 333/333/333 363/363/363 334/334/334
f 334/334/334 363/363/363 364/364/364
f 334/334/334 364/364/364 335/335/335
f 335/335/335 364/364/364 365/365/365
f 335/335/335 365/365/365 336/336/336
f 336/336/336 365/365/365 366/366/366
f 336/336/336 366/366/366 337/337/337
f 337/337/337 366/366/366 367/367/367
f 337/337/337 367/367/367 338/338/338
f 338/338/338 367/367/367 368/368/368
f 338/338/338 368/368/368 339/339/339
f 339/339/339 368/368/368 369/369/369
f 339/339/339 369/369/369 340/340/340
f 340/340/340 369/369/369 370/370/370
f 340/340/340 370/370/370 341/341/341
f 341/341/341 370/370/370 371/371/371
f 341/341/341 371/371/371 342/342/342
f 342/342/342 371/371/371 372/372/372
f 342/342/342 372/372/372 343/343/343
f 343/343/343 372/372/372 373/373/373
f 343/343/343 373/373/373 344/344/344
f 344/344/344 373/373/373 374/374/374
f 344/344/344 374/374/374 345/345/345
f 345/345/345 374/374/374 375/375/375
f 345/345/345 375/375/375 346/346/346
f 346/346/346 375/375/375 376/376/376
f 346/346/346 376/376/376 347/347/347
f 347/347/347 376/376/376 377/377/377
f 347/347/347 377/377/377 348/348/348
f 349/349/349 378/378/378 379/379/379
f 349/349/349 379/379/379 350/350/350
f 350/350/350 379/379/379 380/380/380
f 350/350/350 380/380/380 351/351/351
f 351/351/351 380/380/380 381/381/381
f 351/351/351 381/381/381 352/352/352
f 352/352/352 381/381/381 382/382/382
f 352/352/352 382/382/382 353/353/353
f 353/353/353 382/382/382 383/383/383
f 353/353/353 383/383/383 354/354/354
f 354/354/354 383/383/383 384/384/384
f 354/354/354 384/384/384 355/355/355
f 355/355/355 384/384/384 385/385/385
f 355/355/355 385/385/385 356/356/356
f 356/356/356 385/385/385 386/386/386
f 356/356/356 386/386/386 357/357/357
f 357/357/357 386/386/386 387/387/387
f 357/357/357 387/387/387 358/358/358
f 358/358/358 387/387/387 388/388/388
f 358/358/358 388/388/388 359/359/359
f 359/359/359 388/388/388 389/389/389
f 359/359/359 389/389/389 360/360/360
f 360/360/360 389/389/389 390/390/390
f 360/360/360 390/390/390 361/361/361
f 361/361/361 390/390/390 391/391/391
f 361/361/361 391/391/391 362/362/362
f 362/362/362 391/391/391 392/392/392
f 362/362/362 392/392/392 363/363/363
f 363/363/363 392/392/392 393/393/393
f 363/363/363 393/393/393 364/364/364
f 364/364/364 393/393/393 394/394/394
f 364/364/364 394/394/394 365/365/365
f 365/365/365 394/394/394 395/395/395
f 365/365/365 395/395/395 366/366/366
f 366/366/366 395/395/395 396/396/396
f 366/366/366 396/396/396 367/367/367
f 367/367/367 396/396/396 397/397/397
f 367/367/367 397/397/397 368/368/368
f 368/368/368 397/397/397 398/398/398
f 368/368/368 398/398/398 369/369/369
f 369/369/369 398/398/398 399/399/399
f 369/369/369 399/399/399 370/370/370
f 370/370/370 399/399/399 400/400/400
f 370/370/370 400/400/400 371/371/371
f 371/371/371 400/400/400 401/401/401
f 371/371/371 401/401/401 372/372/372
f 372/372/372 401/401/401 402/402/402
f 372/372/372 402/402/402 373/373/373
f 373/373/373 402/402/402 403/403/403
f 373/373/373 403/403/403 374/374/374
f 374/374/374 403/403/403 404/404/404
f 374/374/374 404/404/404 375/375/375
f 375/375/375 404/404/404 405/405/405
f 375/375/375 405/405/405 376/376/376
f 376/376/376 405/405/405 406/406/406
f 376/376/376 406/406/406 377/377/377
f 378/378/378 407/407/407 408/408/408
f 378/378/378 408/408/408 379/379/379
f 379/379/379 408/408/408 409/409/409
f 379/379/379 409/409/409 380/380/380
f 380/380/380 409/409/409 410/410/410
f 380/380/380 410/410/410 381/381/381
f 381/381/381 410/410/410 411/411/411
f 381/381/381 411/411/411 382/382/382
f 382/382/382 411/411/411 412/412/412
f 382/382/382 412/412/412 383/383/383
f 383/383/383 412/412/412 413/413/413
f 383/383/383 413/413/413 384/384/384
f 384/384/384 413/413/413 414/414/414
f 384/384/384 414/414/414 385/385/385
f 385/385/385 414/414/414 415/415/415
f 385/385/385 415/415/415 386/386/386
f 386/386/386 415/415/415 416/416/416
f 386/386/386 416/416/416 387/387/387
f 387/387/387 416/416/416 417/417/417
f 387/387/387 417/417/417 388/388/388
f 388/388/388 417/417/417 418/418/418
f 388/388/388 418/418/418 389/389/389
f 389/389/389 418/418/418 419/419/419
f 389/389/389 419/419/419 390/390/390
f 390/390/390 419/419/419 420/420/420
f 390/390/390 420/420/420 391/391/391
f 391/391/391 420/420/420 421/421/421
f 391/391/391 421/421/421 392/392/392
f 392/392/392 421/421/421 422/422/422
f 392/392/392 422/422/422 393/393/393
f 393/393/393 422/422/422 423/423/423
f 393/393/393 423/423/423 394/394/394
f 394/394/394 423/423/423 424/424/424
f 394/394/394 424/424/424 395/395/395
f 395/395/395 424/424/424 425/425/425
f 395/395/395 425/425/425 396/396/396
f 396/396/396 425/425/425 426/426/426
f 396/396/396 426/426/426 397/397/397
f 397/397/397 426/426/426 427/427/427
f 397/397/397 427/427/427 398/398/398
f 398/398/398 427/427/427 428/428/428
f 398/398/398 428/428/428 399/399/399
f 399/399/399 428/428/428 429/429/429
f 399/399/399 429/429/429 400/400/400
f 400/400/400 429/429/429 430/430/430
f 400/400/400 430/430/430 401/401/401
f 401/401/401 430/430/430 431/431/431
f 401/401/401 431/431/431 402/402/402
f 402/402/402 431/431/431 432/432/432
f 402/402/402 432/432/432 403/403/403
f 403/403/403 432/432/432 433/433/433
f 403/403/403 433/433/433 404/404/404
f 404/404/404 433/433/433 434/434/434
f 404/404/404 434/434/434 405/405/405
f 405/405/405 434/434/434 435/435/435
f 405/405/405 435/435/435 406/406/406
f 407/407/407 436/436/436 437/437/437
f 407/407/407 437/437/437 408/408/408
f 408/408/408 437/437/437 438/438/438
f 408/408/408 438/438/438 409/409/409
f 409/409/409 438/438/438 439/439/439
f 409/409/409 439/439/439 410/410/410
f 410/410/410 439/439/439 440/440/440
f 410/410/410 440/440/440 411/411/411
f 411/411/411 440/440/440 441/441/441
f 411/411/411 441/441/441 412/412/412
f 412/412/412 441/441/441 442/442/442
f 412/412/412 442/442/442 413/413/413
f 413/413/413 442/442/442 443/443/443
f 413/413/413 443/443/443 414/414/414
f 414/414/414 443/443/443 444/444/444
f 414/414/414 444/444/444 415/415/415
f 415/415/415 444/444/444 445/445/445
f 415/415/415 445/445/445 416/416/416
f 416/416/416 445/445/445 446/446/446
f 416/416/416 446/446/446 417/417/417
f 417/417/417 446/446/446 447/447/447
f 417/417/417 447/447/447 418/418/418
f 418/418/418 447/447/447 448/448/448
f 418/418/418 448/448/448 419/419/419
f 419/419/419 448/448/448 449/449/449
f 419/419/419 449/449/449 420/420/420
f 420/420/420 449/449/449 450/450/450
f 420/420/420 450/450/450 421/421/421
f 421/421/421 450/450/450 451/451/451
f 421/421/421 451/451/451 422/422/422
f 422/422/422 451/451/451 452/452/452
f 422/422/422 452/452/452 423/423/423
f 423/423/423 452/452/452 453/453/453
f 423/423/423 453/453/453 424/424/424
f 424/424/424 453/453/453 454/454/454
f 424/424/424 454/454/454 425/425/425
f 425/425/425 454/454/454 455/455/455
f 425/425/425 455/455/455 426/426/426
f 426/426/426 455/455/455 456/456/456
f 426/426/426 456/456/456 427/427/427
f 427/427/427 456/456/456 457/457/457
f 427/427/427 457/457/457 428/428/428
f 428/428/428 457/457/457 458/458/458
f 428/428/428 458/458/458 429/429/429
f 429/429/429 458/458/458 459/459/459
f 429/429/429 459/459/459 430/430/430
f 430/430/430 459/459/459 460/460/460
f 430/430/430 460/460/460 431/431/431
f 431/431/431 460/460/460 461/461/461
f 431/431/431 461/461/461 432/432/432
f 432/432/432 461/461/461 462/462/462
f 432/432/432 462/462/462 433/433/433
f 433/433/433 462/462/462 463/463/463
f 433/433/433 463/463/463 434/434/434
f 434/434/434 463/463/463 464/464/464
f 434/434/434 464/464/464 435/435/435
f 436/436/436 465/465/465 466/466/466
f 436/436/436 466/466/466 437/437/437
f 437/437/437 466/466/466 467/467/467
f 437/437/437 467/467/467 438/438/438
f 438/438/438 467/467/467 468/468/468
f 438/438/438 468/468/468 439/439/439
f 439/439/439 468/468/468 469/469/469
f 439/439/439 469/469/469 440/440/440
f 440/440/440 469/469/469 470/470/470
f 440/440/440 470/470/470 441/441/441
f 441/441/441 470/470/470 471/471/471
f 441/441/441 471/471/471 442/442/442
f 442/442/442 471/471/471 472/472/472
f 442/442/442 472/472/472 443/443/443
f 443/443/443 472/472/472 473/473/473
f 443/443/443 473/473/473 444/444/444
f 444/444/444 473/473/473 474/474/474
f 444/444/444 474/474/474 445/445/445
f 445/445/445 474/474/474 475/475/475
f 445/445/445 475/475/475 446/446/446
f 446/446/446 475/475/475 476/476/476
f 446/446/446 476/476/476 447/447/447
f 447/447/447 476/476/476 477/477/477
f 447/447/447 477/477/477 448/448/448
f 448/448/448 477/477/477 478/478/478
f 448/448/448 478/478/478 449/449/449
f 449/449/449 478/478/478 479/479/479
f 449/449/449 479/479/479 450/450/450
f 450/450/450 479/479/479 480/480/480
f 450/450/450 480/480/480 451/451/451
f 451/451/451 480/480/480 481/481/481
f 451/451/451 481/481/481 452/452/452
f 452/452/452 481/481/481 482/482/482
f 452/452/452 482/482/482 453/453/453
f 453/453/453 482/482/482 483/483/483
f 453/453/453 483/483/483 454/454/454
f 454/454/454 483/483/483 484/484/484
f 454/454/454 484/484/484 455/455/455
f 455/455/455 484/484/484 485/485/485
f 455/455/455 485/485/485 456/456/456
f 456/456/456 485/485/485 486/486/486
f 456/456/456 486/486/486 457/457/457
f 457/457/457 486/486/486 487/487/487
f 457/457/457 487/487/487 458/458/458
f 458/458/458 487/487/487 488/488/488
f 458/458/458 488/488/488 459/459/459
f 459/459/459 488/488/488 489/489/489
f 459/459/459 489/489/489 460/460/460
f 460/460/460 489/489/489 490/490/490
f 460/460/460 490/490/490 461/461/461
f 461/461/461 490/490/490 491/491/491
f 461/461/461 491/491/491 462/462/462
f 462/462/462 491/491/491 492/492/492
f 462/462/462 492/492/492 463/463/463
f 463/463/463 492/492/492 493/493/493
f 463/463/463 493/493/493 464/464/464
f 465/465/465 494/494/494 495/495/495
f 465/465/465 495/495/495 466/466/466
f 466/466/466 495/495/495 496/496/496
f 466/466/466 496/496/496 467/467/467
f 467/467/467 496/496/496 497/497/497
f 467/467/467 497/497/497 468/468/468
f 468/468/468 497/497/497 498/498/498
f 468/468/468 498/498/498 469/469/469
f 469/469/469 498/498/498 499/499/499
f 469/469/469 499/499/499 470/470/470
f 470/470/470 499/499/499 500/500/500
f 470/470/470 500/500/500 471/471/471
f 471/471/471 500/500/500 501/501/501
f 471/471/471 501/501/501 472/472/472
f 472/472/472 501/501/501 502/502/502
f 472/472/472 502/502/502 473/473/473
f 473/473/473 502/502/502 503/503/503
f 473/473/473 503/503/503 474/474/474
f 474/474/474 503/503/503 504/504/504
f 474/474/474 504/504/504 475/475/475
f 475/475/475 504/504/504 505/505/505
f 475/475/475 505/505/505 476/476/476
f 476/476/476 505/505/505 506/506/506
f 476/476/476 506/506/506 477/477/477
f 477/477/477 506/506/506 507/507/507
f 477/477/477 507/507/507 478/478/478
f 478/478/478 507/507/507 508/508/508
f 478/478/478 508/508/508 479/479/479
f 479/479/479 508/508/508 509/509/509
f 479/479/479 509/509/509 480/480/480
f 480/480/480 509/509/509 510/510/510
f 480/480/480 510/510/510 481/481/481
f 481/481/481 510/510/510 511/511/511
f 481/481/481 511/511/511 482/482/482
f 482/482/482 511/511/511 512/512/512
f 482/482/482 512/512/512 483/483/483
f 483/483/483 512/512/512 513/513/513
f 483/483/483 513/513/513 484/484/484
f 484/484/484 513/513/513 514/514/514
f 484/484/484 514/514/514 485/485/485
f 485/485/485 514/514/514 515/515/515
f 485/485/485 515/515/515 486/486/486
f 486/486/486 515/515/515 516/516/516
f 486/486/486 516/516/516 487/487/487
f 487/487/487 516/516/516 517/517/517
f 487/487/487 517/517/517 488/488/488
f 488/488/488 517/517/517 518/518/518
f 488/488/488 518/518/518 489/489/489
f 489/489/489 518/518/518 519/519/519
f 489/489/489 519/519/519 490/490/490
f 490/490/490 519/519/519 520/520/520
f 490/490/490 520/520/520 491/491/491
f 491/491/491 520/520/520 521/521/521
f 491/491/491 521/521/521 492/492/492
f 492/492/492 521/521/521 522/522/522
f 492/492/492 522/522/522 493/493/493
f 494/494/494 523/523/523 524/524/524
f 494/494/494 524/524/524 495/495/495
f 495/495/495 524/524/524 525/525/525
f 495/495/495 525/525/525 496/496/496
f 496/496/496 525/525/525 526/526/526
f 496/496/496 526/526/526 497/497/497
f 497/497/497 526/526/526 527/527/527
f 497/497/497 527/527/527 498/498/498
f 498/498/498 527/527/527 528/528/528
f 498/498/498 528/528/528 499/499/499
f 499/499/499 528/528/528 529/529/529
f 499/499/499 529/529/529 500/500/500
f 500/500/500 529/529/529 530/530/530
f 500/500/500 530/530/530 501/501/501
f 501/501/501 530/530/530 531/531/531
f 501/501/501 531/531/531 502/502/502
f 502/502/502 531/531/531 532/532/532
f 502/502/502 532/532/532 503/503/503
f 503/503/503 532/532/532 533/533/533
f 503/503/503 533/533/533 504/504/504
f 504/504/504 533/533/533 534/534/534
f 504/504/504 534/534/534 505/505/505
f 505/505/505 534/534/534 535/535/535
f 505/505/505 535/535/535 506/506/506
f 506/506/506 535/535/535 536/536/536
f 506/506/506 536/536/536 507/507/507
f 507/507/507 536/536/536 537/537/537
f 507/507/507 537/537/537 508/508/508
f 508/508/508 537/537/537 538/538/538
f 508/508/508 538/538/538 509/509/509
f 509/509/509 538/538/538 539/539/539
f 509/509/509 539/539/539 510/510/510
f 510/510/510 539/539/539 540/540/540
f 510/510/510 540/540/540 511/511/511
f 511/511/511 540/540/540 541/541/541
f 511/511/511 541/541/541 512/512/512
f 512/512/512 541/541/541 542/542/542
f 512/512/512 542/542/542 513/513/513
f 513/513/513 542/542/542 543/543/543
f 513/513/513 543/543/543 514/514/514
f 514/514/514 543/543/543 544/544/544
f 514/514/514 544/544/544 515/515/515
f 515/515/515 544/544/544 545/545/545
f 515/515/515 545/545/545 516/516/516
f 516/516/516 545/545/545 546/546/546
f 516/516/516 546/546/546 517/517/517
f 517/517/517 546/546/546 547/547/547
f 517/517/517 547/547/547 518/518/518
f 518/518/518 547/547/547 548/548/548
f 518/518/518 548/548/548 519/519/519
f 519/519/519 548/548/548 549/549/549
f 519/519/519 549/549/549 520/520/520
f 520/520/520 549/549/549 550/550/550
f 520/520/520 550/550/550 521/521/521
f 521/521/521 550/550/550 551/551/551
f 521/521/521 551/551/551 522/522/522
f 523/523/523 552/552/552 553/553/553
f 523/523/523 553/553/553 524/524/524
f 524/524/524 553/553/553 554/554/554
f 524/524/524 554/554/554 525/525/525
f 525/525/525 554/554/554 555/555/555
f 525/525/525 555/555/555 526/526/526
f 526/526/526 555/555/555 556/556/556
f 526/526/526 556/556/556 527/527/527
f 527/527/527 556/556/556 557/557/557
f 527/527/527 557/557/557 528/528/528
f 528/528/528 557/557/557 558/558/558
f 528/528/528 558/558/558 529/529/529
f 529/529/529 558/558/558 559/559/559
f 529/529/529 559/559/559 530/530/530
f 530/530/530 559/559/559 560/560/560
f 530/530/530 560/560/560 531/531/531
f 531/531/531 560/560/560 561/561/561
f 531/531/531 561/561/561 532/532/532
f 532/532/532 561/561/561 562/562/562
f 532/532/532 562/562/562 533/533/533
f 533/533/533 562/562/562 563/563/563
f 533/533/533 563/563/563 534/534/534
f 534/534/534 563/563/563 564/564/564
f 534/534/534 564/564/564 535/535/535
f 535/535/535 564/564/564 565/565/565
f 535/535/535 565/565/565 536/536/536
f 536/536/536 565/565/565 566/566/566
f 536/536/536 566/566/566 537/537/537
f 537/537/537 566/566/566 567/567/567
f 537/537/537 567/567/567 538/538/538
f 538/538/538 567/567/567 568/568/568
f 538/538/538 568/568/568 539/539/539
f 539/539/539 568/568/568 569/569/569
f 539/539/539 569/569/569 540/540/540
f 540/540/540 569/569/569 570/570/570
f 540/540/540 570/570/570 541/541/541
f 541/541/541 570/570/570 571/571/571
f 541/541/541 571/571/571 542/542/542
f 542/542/542 571/571/571 572/572/572
f 542/542/542 572/572/572 543/543/543
f 543/543/543 572/572/572 573/573/573
f 543/543/543 573/573/573 544/544/544
f 544/544/544 573/573/573 574/574/574
f 544/544/544 574/574/574 545/545/545
f 545/545/545 574/574/574 575/575/575
f 545/545/545 575/575/575 546/546/546
f 546/546/546 575/575/575 576/576/576
f 546/546/546 576/576/576 547/547/547
f 547/547/547 576/576/576 577/577/577
f 547/547/547 577/577/577 548/548/548
f 548/548/548 577/577/577 578/578/578
f 548/548/548 578/578/578 549/549/549
f 549/549/549 578/578/578 579/579/579
f 549/549/549 579/579/579 550/550/550
f 550/550/550 579/579/579 580/580/580
f 550/550/550 580/580/580 551/551/551
f 552/552/552 581/581/581 582/582/582
f 552/552/552 582/582/582 553/553/553
f 553/553/553 582/582/582 583/583/583
f 553/553/553 583/583/583 554/554/554
f 554/554/554 583/583/583 584/584/584
f 554/554/554 584/584/584 555/555/555
f 555/555/555 584/584/584 585/585/585
f 555/555/555 585/585/585 556/556/556
f 556/556/556 585/585/585 586/586/586
f 556/556/556 586/586/586 557/557/557
f 557/557/557 586/586/586 587/587/587
f 557/557/557 587/587/587 558/558/558
f 558/558/558 587/587/587 588/588/588
f 558/558/558 588/588/588 559/559/559
f 559/559/559 588/588/588 589/589/589
f 559/559/559 589/589/589 560/560/560
f 560/560/560 589/589/589 590/590/590
f 560/560/560 590/590/590 561/561/561
f 561/561/561 590/590/590 591/591/591
f 561/561/561 591/591/591 562/562/562
f 562/562/562 591/591/591 592/592/592
f 562/562/562 592/592/592 563/563/563
f 563/563/563 592/592/592 593/593/593
f 563/563/563 593/593/593 564/564/564
f 564/564/564 593/593/593 594/594/594
f 564/564/564 594/594/594 565/565/565
f 565/565/565 594/594/594 595/595/595
f 565/565/565 595/595/595 566/566/566
f 566/566/566 595/595/595 596/596/596
f 566/566/566 596/596/596 567/567/567
f 567/567/567 596/596/596 597/597/597
f 567/567/567 597/597/597 568/568/568
f 568/568/568 597/597/597 598/598/598
f 568/568/568 598/598/598 569/569/569
f 569/569/569 598/598/598 599/599/599
f 569/569/569 599/599/599 570/570/570
f 570/570/570 599/599/599 600/600/600
f 570/570/570 600/600/600 571/571/571
f 571/571/571 600/600/600 601/601/601
f 571/571/571 601/601/601 572/572/572
f 572/572/572 601/601/601 602/602/602
f 572/572/572 602/602/602 573/573/573
f 573/573/573 602/602/602 603/603/603
f 573/573/573 603/603/603 574/574/574
f 574/574/574 603/603/603 604/604/604
f 574/574/574 604/604/604 575/575/575
f 575/575/575 604/604/604 605/605/605
f 575/575/575 605/605/605 576/576/576
f 576/576/576 605/605/605 606/606/606
f 576/576/576 606/606/606 577/577/577
f 577/577/577 606/606/606 607/607/607
f 577/577/577 607/607/607 578/578/578
f 578/578/578 607/607/607 608/608/608
f 578/578/578 608/608/608 579/579/579
f 579/579/579 608/608/608 609/609/609
f 579/579/579 609/609/609 580/580/580
f 581/581/581 610/610/610 611/611/611
f 581/581/581 611/611/611 582/582/582
f 582/582/582 611/611/611 612/612/612
f 582/582/582 612/612/612 583/583/583
f 583/583/583 612/612/612 613/613/613
f 583/583/583 613/613/613 584/584/584
f 584/584/584 613/613/613 614/614/614
f 584/584/584 614/614/614 585/585/585
f 585/585/585 614/614/614 615/615/615
f 585/585/585 615/615/615 586/586/586
f 586/586/586 615/615/615 616/616/616
f 586/586/586 616/616/616 587/587/587
f 587/587/587 616/616/616 617/617/617
f 587/587/587 617/617/617 588/588/588
f 588/588/588 617/617/617 618/618/618
f 588/588/588 618/618/618 589/589/589
f 589/589/589 618/618/618 619/619/619
f 589/589/589 619/619/619 590/590/590
f 590/590/590 619/619/619 620/620/620
f 590/590/590 620/620/620 591/591/591
f 591/591/591 620/620/620 621/621/621
f 591/591/591 621/621/621 592/592/592
f 592/592/592 621/621/621 622/622/622
f 592/592/592 622/622/622 593/593/593
f 593/593/593 622/622/622 623/623/623
f 593/593/593 623/623/623 594/594/594
f 594/594/594 623/623/623 624/624/624
f 594/594/594 624/624/624 595/595/595
f 595/595/595 624/624/624 625/625/625
f 595/595/595 625/625/625 596/596/596
f 596/596/596 625/625/625 626/626/626
f 596/596/596 626/626/626 597/597/597
f 597/597/597 626/626/626 627/627/627
f 597/597/597 627/627/627 598/598/598
f 598/598/598 627/627/627 628/628/628
f 598/598/598 628/628/628 599/599/599
f 599/599/599 628/628/628 629/629/629
f 599/599/599 629/629/629 600/600/600
f 600/600/600 629/629/629 630/630/630
f 600/600/600 630/630/630 601/601/601
f 601/601/601 630/630/630 631/631/631
f 601/601/601 631/631/631 602/602/602
f 602/602/602 631/631/631 632/632/632
f 602/602/602 632/632/632 603/603/603
f 603/603/603 632/632/632 633/633/633
f 603/603/603 633/633/633 604/604/604
f 604/604/604 633/633/633 634/634/634
f 604/604/604 634/634/634 605/605/605
f 605/605/605 634/634/634 635/635/635
f 605/605/605 635/635/635 606/606/606
f 606/606/606 635/635/635 636/636/636
f 606/606/606 636/636/636 607/607/607
f 607/607/607 636/636/636 637/637/637
f 607/607/607 637/637/637 608/608/608
f 608/608/608 637/637/637 638/638/638
f 608/608/608 638/638/638 609/609/609
f 610/610/610 639/639/639 640/640/640
f 610/610/610 640/640/640 611/611/611
f 611/611/611 640/640/640 641/641/641
f 611/611/611 641/641/641 612/612/612
f 612/612/612 641/641/641 642/642/642
f 612/612/612 642/642/642 613/613/613
f 613/613/613 642/642/642 643/643/643
f 613/613/613 643/643/643 614/614/614
f 614/614/614 643/643/643 644/644/644
f 614/614/614 644/644/644 615/615/615
f 615/615/615 644/644/644 645/645/645
f 615/615/615 645/645/645 616/616/616
f 616/616/616 645/645/645 646/646/646
f 616/616/616 646/646/646 617/617/617
f 617/617/617 646/646/646 647/647/647
f 617/617/617 647/647/647 618/618/618
f 618/618/618 647/647/647 648/648/648
f 618/618/618 648/648/648 619/619/619
f 619/619/619 648/648/648 649/649/649
f 619/619/619 649/649/649 620/620/620
f 620/620/620 649/649/649 650/650/650
f 620/620/620 650/650/650 621/621/621
f 621/621/621 650/650/650 651/651/651
f 621/621/621 651/651/651 622/622/622
f 622/622/622 651/651/651 652/652/652
f 622/622/622 652/652/652 623/623/623
f 623/623/623 652/652/652 653/653/653
f 623/623/623 653/653/653 624/624/624
f 624/624/624 653/653/653 654/654/654
f 624/624/624 654/654/654 625/625/625
f 625/625/625 654/654/654 655/655/655
f 625/625/625 655/655/655 626/626/626
f 626/626/626 655/655/655 656/656/656
f 626/626/626 656/656/656 627/627/627
f 627/627/627 656/656/656 657/657/657
f 627/627/627 657/657/657 628/628/628
f 628/628/628 657/657/657 658/658/658
f 628/628/628 658/658/658 629/629/629
f 629/629/629 658/658/658 659/659/659
f 629/629/629 659/659/659 630/630/630
f 630/630/630 659/659/659 660/660/660
f 630/630/630 660/660/660 631/631/631
f 631/631/631 660/660/660 661/661/661
f 631/631/631 661/661/661 632/632/632
f 632/632/632 661/661/661 662/662/662
f 632/632/632 662/662/662 633/633/633
f 633/633/633 662/662/662 663/663/663
f 633/633/633 663/663/663 634/634/634
f 634/634/634 663/663/663 664/664/664
f 634/634/634 664/664/664 635/635/635
f 635/635/635 664/664/664 665/665/665
f 635/635/635 665/665/665 636/636/636
f 636/636/636 665/665/665 666/666/666
f 636/636/636 666/666/666 637/637/637
f 637/637/637 666/666/666 667/667/667
f 637/637/637 667/667/667 638/638/638
f 639/639/639 668/668/668 669/669/669
f 639/639/639 669/669/669 640/640/640
f 640/640/640 669/669/669 670/670/670
f 640/640/640 670/670/670 641/641/641
f 641/641/641 670/670/670 671/671/671
f 641/641/641 671/671/671 642/642/642
f 642/642/642 671/671/671 672/672/672
f 642/642/642 672/672/672 643/643/643
f 643/643/643 672/672/672 673/673/673
f 643/643/643 673/673/673 644/644/644
f 644/644/644 673/673/673 674/674/674
f 644/644/644 674/674/674 645/645/645
f 645/645/645 674/674/674 675/675/675
f 645/645/645 675/675/675 646/646/646
f 646/646/646 675/675/675 676/676/676
f 646/646/646 676/676/676 647/647/647
f 647/647/647 676/676/676 677/677/677
f 647/647/647 677/677/677 648/648/648
f 648/648/648 677/677/677 678/678/678
f 648/648/648 678/678/678 649/649/649
f 649/649/649 678/678/678 679/679/679
f 649/649/649 679/679/679 650/650/650
f 650/650/650 679/679/679 680/680/680
f 650/650/650 680/680/680 651/651/651
f 651/651/651 680/680/680 681/681/681
f 651/651/651 681/681/681 652/652/652
f 652/652/652 681/681/681 682/682/682
f 652/652/652 682/682/682 653/653/653
f 653/653/653 682/682/682 683/683/683
f 653/653/653 683/683/683 654/654/654
f 654/654/654 683/683/683 684/684/684
f 654/654/654 684/684/684 655/655/655
f 655/655/655 684/684/684 685/685/685
f 655/655/655 685/685/685 656/656/656
f 656/656/656 685/685/685 686/686/686
f 656/656/656 686/686/686 657/657/657
f 657/657/657 686/686/686 687/687/687
f 657/657/657 687/687/687 658/658/658
f 658/658/658 687/687/687 688/688/688
f 658/658/658 688/688/688 659/659/659
f 659/659/659 688/688/688 689/689/689
f 659/659/659 689/689/689 660/660/660
f 660/660/660 689/689/689 690/690/690
f 660/660/660 690/690/690 661/661/661
f 661/661/661 690/690/690 691/691/691
f 661/661/661 691/691/691 662/662/662
f 662/662/662 691/691/691 692/692/692
f 662/662/662 692/692/692 663/663/663
f 663/663/663 692/692/692 693/693/693
f 663/663/663 693/693/693 664/664/664
f 664/664/664 693/693/693 694/694/694
f 664/664/664 694/694/694 665/665/665
f 665/665/665 694/694/694 695/695/695
f 665/665/665 695/695/695 666/666/666
f 666/666/666 695/695/695 696/696/696
f 666/666/666 696/696/696 667/667/667
f 668/668/668 697/697/697 698/698/698
f 668/668/668 698/698/698 669/669/669
f 669/669/669 698/698/698 699/699/699
f 669/669/669 699/699/699 670/670/670
f 670/670/670 699/699/699 700/700/700
f 670/670/670 700/700/700 671/671/671
f 671/671/671 700/700/700 701/701/701
f 671/671/671 701/701/701 672/672/672
f 672/672/672 701/701/701 702/702/702
f 672/672/672 702/702/702 673/673/673
f 673/673/673 702/702/702 703/703/703
f 673/673/673 703/703/703 674/674/674
f 674/674/674 703/703/703 704/704/704
f 674/674/674 704/704/704 675/675/675
f 675/675/675 704/704/704 705/705/705
f 675/675/675 705/705/705 676/676/676
f 676/676/676 705/705/705 706/706/706
f 676/676/676 706/706/706 677/677/677
f 677/677/677 706/706/706 707/707/707
f 677/677/677 707/707/707 678/678/678
f 678/678/678 707/707/707 708/708/708
f 678/678/678 708/708/708 679/679/679
f 679/679/679 708/708/708 709/709/709
f 679/679/679 709/709/709 680/680/680
f 680/680/680 709/709/709 710/710/710
f 680/680/680 710/710/710 681/681/681
f 681/681/681 710/710/710 711/711/711
f 681/681/681 711/711/711 682/682/682
f 682/682/682 711/711/711 712/712/712
f 682/682/682 712/712/712 683/683/683
f 683/683/683 712/712/712 713/713/713
f 683/683/683 713/713/713 684/684/684
f 684/684/684 713/713/713 714/714/714
f 684/684/684 714/714/714 685/685/685
f 685/685/685 714/714/714 715/715/715
f 685/685/685 715/715/715 686/686/686
f 686/686/686 715/715/715 716/716/716
f 686/686/686 716/716/716 687/687/687
f 687/687/687 716/716/716 717/717/717
f 687/687/687 717/717/717 688/688/688
f 688/688/688 717/717/717 718/718/718
f 688/688/688 718/718/718 689/689/689
f 689/689/689 718/718/718 719/719/719
f 689/689/689 719/719/719 690/690/690
f 690/690/690 719/719/719 720/720/720
f 690/690/690 720/720/720 691/691/691
f 691/691/691 720/720/720 721/721/721
f 691/691/691 721/721/721 692/692/692
f 692/692/692 721/721/721 722/722/722
f 692/692/692 722/722/722 693/693/693
f 693/693/693 722/722/722 723/723/723
f 693/693/693 723/723/723 694/694/694
f 694/694/694 723/723/723 724/724/724
f 694/694/694 724/724/724 695/695/695
f 695/695/695 724/724/724 725/725/725
f 695/695/695 725/725/725 696/696/696
f 697/697/697 726/726/726 727/727/727
f 697/697/697 727/727/727 698/698/698
f 698/698/698 727/727/727 728/728/728
f 698/698/698 728/728/728 699/699/699
f 699/699/699 728/728/728 729/729/729
f 699/699/699 729/729/729 700/700/700
f 700/700/700 729/729/729 730/730/730
f 700/700/700 730/730/730 701/701/701
f 701/701/701 730/730/730 731/731/731
f 701/701/701 731/731/731 702/702/702
f 702/702/702 731/731/731 732/732/732
f 702/702/702 732/732/732 703/703/703
f 703/703/703 732/732/732 733/733/733
f 703/703/703 733/733/733 704/704/704
f 704/704/704 733/733/733 734/734/734
f 704/704/704 734/734/734 705/705/705
f 705/705/705 734/734/734 735/735/735
f 705/705/705 735/735/735 706/706/706
f 706/706/706 735/735/735 736/736/736
f 706/706/706 736/736/736 707/707/707
f 707/707/707 736/736/736 737/737/737
f 707/707/707 737/737/737 708/708/708
f 708/708/708 737/737/737 738/738/738
f 708/708/708 738/738/738 709/709/709
f 709/709/709 738/738/738 739/739/739
f 709/709/709 739/739/739 710/710/710
f 710/710/710 739/739/739 740/740/740
f 710/710/710 740/740/740 711/711/711
f 711/711/711 740/740/740 741/741/741
f 711/711/711 741/741/741 712/712/712
f 712/712/712 741/741/741 742/742/742
f 712/712/712 742/742/742 713/713/713
f 713/713/713 742/742/742 743/743/743
f 713/713/713 743/743/743 714/714/714
f 714/714/714 743/743/743 744/744/744
f 714/714/714 744/744/744 715/715/715
f 715/715/715 744/744/744 745/745/745
f 715/715/715 745/745/745 716/716/716
f 716/716/716 745/745/745 746/746/746
f 716/716/716 746/746/746 717/717/717
f 717/717/717 746/746/746 747/747/747
f 717/717/717 747/747/747 718/718/718
f 718/718/718 747/747/747 748/748/748
f 718/718/718 748/748/748 719/719/719
f 719/719/719 748/748/748 749/749/749
f 719/719/719 749/749/749 720/720/720
f 720/720/720 749/749/749 750/750/750
f 720/720/720 750/750/750 721/721/721
f 721/721/721 750/750/750 751/751/751
f 721/721/721 751/751/751 722/722/722
f 722/722/722 751/751/751 752/752/752
f 722/722/722 752/752/752 723/723/723
f 723/723/723 752/752/752 753/753/753
f 723/723/723 753/753/753 724/724/724
f 724/724/724 753/753/753 754/754/754
f 724/724/724 754/754/754 725/725/725
f 726/726/726 755/755/755 756/756/756
f 726/726/726 756/756/756 727/727/727
f 727/727/727 756/756/756 757/757/757
f 727/727/727 757/757/757 728/728/728
f 728/728/728 757/757/757 758/758/758
f 728/728/728 758/758/758 729/729/729
f 729/729/729 758/758/758 759/759/759
f 729/729/729 759/759/759 730/730/730
f 730/730/730 759/759/759 760/760/760
f 730/730/730 760/760/760 731/731/731
f 731/731/731 760/760/760 761/761/761
f 731/731/731 761/761/761 732/732/732
f 732/732/732 761/761/761 762/762/762
f 732/732/732 762/762/762 733/733/733
f 733/733/733 762/762/762 763/763/763
f 733/733/733 763/763/763 734/734/734
f 734/734/734 763/763/763 764/764/764
f 734/734/734 764/764/764 735/735/735
f 735/735/735 764/764/764 765/765/765
f 735/735/735 765/765/765 736/736/736
f 736/736/736 765/765/765 766/766/766
f 736/736/736 766/766/766 737/737/737
f 737/737/737 766/766/766 767/767/767
f 737/737/737 767/767/767 738/738/738
f 738/738/738 767/767/767 768/768/768
f 738/738/738 768/768/768 739/739/739
f 739/739/739 768/768/768 769/769/769
f 739/739/739 769/769/769 740/740/740
f 740/740/740 769/769/769 770/770/770
f 740/740/740 770/770/770 741/741/741
f 741/741/741 770/770/770 771/771/771
f 741/741/741 771/771/771 742/742/742
f 742/742/742 771/771/771 772/772/772
f 742/742/742 772/772/772 743/743/743
f 743/743/743 772/772/772 773/773/773
f 743/743/743 773/773/773 744/744/744
f 744/744/744 773/773/773 774/774/774
f 744/744/744 774/774/774 745/745/745
f 745/745/745 774/774/774 775/775/775
f 745/745/745 775/775/775 746/746/746
f 746/746/746 775/775/775 776/776/776
f 746/746/746 776/776/776 747/747/747
f 747/747/747 776/776/776 777/777/777
f 747/747/747 777/777/777 748/748/748
f 748/748/748 777/777/777 778/778/778
f 748/748/748 778/778/778 749/749/749
f 749/749/749 778/778/778 779/779/779
f 749/749/749 779/779/779 750/750/750
f 750/750/750 779/779/779 780/780/780
f 750/750/750 780/780/780 751/751/751
f 751/751/751 780/780/780 781/781/781
f 751/751/751 781/781/781 752/752/752
f 752/752/752 781/781/781 782/782/782
f 752/752/752 782/782/782 753/753/753
f 753/753/753 782/782/782 783/783/783
f 753/753/753 783/783/783 754/754/754
f 755/755/755 784/784/784 785/785/785
f 755/755/755 785/785/785 756/756/756
f 756/756/756 785/785/785 786/786/786
f 756/756/756 786/786/786 757/757/757
f 757/757/757 786/786/786 787/787/787
f 757/757/757 787/787/787 758/758/758
f 758/758/758 787/787/787 788/788/788
f 758/758/758 788/788/788 759/759/759
f 759/759/759 788/788/788 789/789/789
f 759/759/759 789/789/789 760/760/760
f 760/760/760 789/789/789 790/790/790
f 760/760/760 790/790/790 761/761/761
f 761/761/761 790/790/790 791/791/791
f 761/761/761 791/791/791 762/762/762
f 762/762/762 791/791/791 792/792/792
f 762/762/762 792/792/792 763/763/763
f 763/763/763 792/792/792 793/793/793
f 763/763/763 793/793/793 764/764/764
f 764/764/764 793/793/793 794/794/794
f 764/764/764 794/794/794 765/765/765
f 765/765/765 794/794/794 795/795/795
f 765/765/765 795/795/795 766/766/766
f 766/766/766 795/795/795 796/796/796
f 766/766/766 796/796/796 767/767/767
f 767/767/767 796/796/796 797/797/797
f 767/767/767 797/797/797 768/768/768
f 768/768/768 797/797/797 798/798/798
f 768/768/768 798/798/798 769/769/769
f 769/769/769 798/798/798 799/799/799
f 769/769/769 799/799/799 770/770/770
f 770/770/770 799/799/799 800/800/800
f 770/770/770 800/800/800 771/771/771
f 771/771/771 800/800/800 801/801/801
f 771/771/771 801/801/801 772/772/772
f 772/772/772 801/801/801 802/802/802
f 772/772/772 802/802/802 773/773/773
f 773/773/773 802/802/802 803/803/803
f 773/773/773 803/803/803 774/774/774
f 774/774/774 803/803/803 804/804/804
f 774/774/774 804/804/804 775/775/775
f 775/775/775 804/804/804 805/805/805
f 775/775/775 805/805/805 776/776/776
f 776/776/776 805/805/805 806/806/806
f 776/776/776 806/806/806 777/777/777
f 777/777/777 806/806/806 807/807/807
f 777/777/777 807/807/807 778/778/778
f 778/778/778 807/807/807 808/808/808
f 778/778/778 808/808/808 779/779/779
f 779/779/779 808/808/808 809/809/809
f 779/779/779 809/809/809 780/780/780
f 780/780/780 809/809/809 810/810/810
f 780/780/780 810/810/810 781/781/781
f 781/781/781 810/810/810 811/811/811
f 781/781/781 811/811/811 782/782/782
f 782/782/782 811/811/811 812/812/812
f 782/782/782 812/812/812 783/783/783
f 784/784/784 813/813/813 814/814/814
f 784/784/784 814/814/814 785/785/785
f 785/785/785 814/814/814 815/815/815
f 785/785/785 815/815/815 786/786/786
f 786/786/786 815/815/815 816/816/816
f 786/786/786 816/816/816 787/787/787
f 787/787/787 816/816/816 817/817/817
f 787/787/787 817/817/817 788/788/788
f 788/788/788 817/817/817 818/818/818
f 788/788/788 818/818/818 789/789/789
f 789/789/789 818/818/818 819/819/819
f 789/789/789 819/819/819 790/790/790
f 790/790/790 819/819/819 820/820/820
f 790/790/790 820/820/820 791/791/791
f 791/791/791 820/820/820 821/821/821
f 791/791/791 821/821/821 792/792/792
f 792/792/792 821/821/821 822/822/822
f 792/792/792 822/822/822 793/793/793
f 793/793/793 822/822/822 823/823/823
f 793/793/793 823/823/823 794/794/794
f 794/794/794 823/823/823 824/824/824
f 794/794/794 824/824/824 795/795/795
f 795/795/795 824/824/824 825/825/825
f 795/795/795 825/825/825 796/796/796
f 796/796/796 825/825/825 826/826/826
f 796/796/796 826/826/826 797/797/797
f 797/797/797 826/826/826 827/827/827
f 797/797/797 827/827/827 798/798/798
f 798/798/798 827/827/827 828/828/828
f 798/798/798 828/828/828 799/799/799
f 799/799/799 828/828/828 829/829/829
f 799/799/799 829/829/829 800/800/800
f 800/800/800 829/829/829 830/830/830
f 800/800/800 830/830/830 801/801/801
f 801/801/801 830/830/830 831/831/831
f 801/801/801 831/831/831 802/802/802
f 802/802/802 831/831/831 832/832/832
f 802/802/802 832/832/832 803/803/803
f 803/803/803 832/832/832 833/833/833
f 803/803/803 833/833/833 804/804/804
f 804/804/804 833/833/833 834/834/834
f 804/804/804 834/834/834 805/805/805
f 805/805/805 834/834/834 835/835/835
f 805/805/805 835/835/835 806/806/806
f 806/806/806 835/835/835 836/836/836
f 806/806/806 836/836/836 807/807/807
f 807/807/807 836/836/836 837/837/837
f 807/807/807 837/837/837 808/808/808
f 808/808/808 837/837/837 838/838/838
f 808/808/808 838/838/838 809/809/809
f 809/809/809 838/838/838 839/839/839
f 809/809/809 839/839/839 810/810/810
f 810/810/810 839/839/839 840/840/840
f 810/810/810 840/840/840 811/811/811
f 811/811/811 840/840/840 841/841/841
f 811/811/811 841/841/841 812/812/812
f 813/813/813 842/842/842 843/843/843
f 813/813/813 843/843/843 814/814/814
f 814/814/814 843/843/843 844/844/844
f 814/814/814 844/844/844 815/815/815
f 815/815/815 844/844/844 845/845/845
f 815/815/815 845/845/845 816/816/816
f 816/816/816 845/845/845 846/846/846
f 816/816/816 846/846/846 817/817/817
f 817/817/817 846/846/846 847/847/847
f 817/817/817 847/847/847 818/818/818
f 818/818/818 847/847/847 848/848/848
f 818/818/818 848/848/848 819/819/819
f 819/819/819 848/848/848 849/849/849
f 819/819/819 849/849/849 820/820/820
f 820/820/820 849/849/849 850/850/850
f 820/820/820 850/850/850 821/821/821
f 821/821/821 850/850/850 851/851/851
f 821/821/821 851/851/851 822/822/822
f 822/822/822 851/851/851 852/852/852
f 822/822/822 852/852/852 823/823/823
f 823/823/823 852/852/852 853/853/853
f 823/823/823 853/853/853 824/824/824
f 824/824/824 853/853/853 854/854/854
f 824/824/824 854/854/854 825/825/825
f 825/825/825 854/854/854 855/855/855
f 825/825/825 855/855/855 826/826/826
f 826/826/826 855/855/855 856/856/856
f 826/826/826 856/856/856 827/827/827
f 827/827/827 856/856/856 857/857/857
f 827/827/827 857/857/857 828/828/828
f 828/828/828 857/857/857 858/858/858
f 828/828/828 858/858/858 829/829/829
f 829/829/829 858/858/858 859/859/859
f 829/829/829 859/859/859 830/830/830
f 830/830/830 859/859/859 860/860/860
f 830/830/830 860/860/860 831/831/831
f 831/831/831 860/860/860 861/861/861
f 831/831/831 861/861/861 832/832/832
f 832/832/832 861/861/861 862/862/862
f 832/832/832 862/862/862 833/833/833
f 833/833/833 862/862/862 863/863/863
f 833/833/833 863/863/863 834/834/834
f 834/834/834 863/863/863 864/864/864
f 834/834/834 864/864/864 835/835/835
f 835/835/835 864/864/864 865/865/865
f 835/835/835 865/865/865 836/836/836
f 836/836/836 865/865/865 866/866/866
f 836/836/836 866/866/866 837/837/837
f 837/837/837 866/866/866 867/867/867
f 837/837/837 867/867/867 838/838/838
f 838/838/838 867/867/867 868/868/868
f 838/838/838 868/868/868 839/839/839
f 839/839/839 868/868/868 869/869/869
f 839/839/839 869/869/869 840/840/840
f 840/840/840 869/869/869 870/870/870
f 840/840/840 870/870/870 841/841/841
f 842/842/842 871/871/871 872/872/872
f 842/842/842 872/872/872 843/843/843
f 843/843/843 872/872/872 873/873/873
f 843/843/843 873/873/873 844/844/844
f 844/844/844 873/873/873 874/874/874
f 844/844/844 874/874/874 845/845/845
f 845/845/845 874/874/874 875/875/875
f 845/845/845 875/875/875 846/846/846
f 846/846/846 875/875/875 876/876/876
f 846/846/846 876/876/876 847/847/847
f 847/847/847 876/876/876 877/877/877
f 847/847/847 877/877/877 848/848/848
f 848/848/848 877/877/877 878/878/878
f 848/848/848 878/878/878 849/849/849
f 849/849/849 878/878/878 879/879/879
f 849/849/849 879/879/879 850/850/850
f 850/850/850 879/879/879 880/880/880
f 850/850/850 880/880/880 851/851/851
f 851/851/851 880/880/880 881/881/881
f 851/851/851 881/881/881 852/852/852
f 852/852/852 881/881/881 882/882/882
f 852/852/852 882/882/882 853/853/853
f 853/853/853 882/882/882 883/883/883
f 853/853/853 883/883/883 854/854/854
f 854/854/854 883/883/883 884/884/884
f 854/854/854 884/884/884 855/855/855
f 855/855/855 884/884/884 885/885/885
f 855/855/855 885/885/885 856/856/856
f 856/856/856 885/885/885 886/886/886
f 856/856/856 886/886/886 857/857/857
f 857/857/857 886/886/886 887/887/887
f 857/857/857 887/887/887 858/858/858
f 858/858/858 887/887/887 888/888/888
f 858/858/858 888/888/888 859/859/859
f 859/859/859 888/888/888 889/889/889
f 859/859/859 889/889/889 860/860/860
f 860/860/860 889/889/889 890/890/890
f 860/860/860 890/890/890 861/861/861
f 861/861/861 890/890/890 891/891/891
f 861/861/861 891/891/891 862/862/862
f 862/862/862 891/891/891 892/892/892
f 862/862/862 892/892/892 863/863/863
f 863/863/863 892/892/892 893/893/893
f 863/863/863 893/893/893 864/864/864
f 864/864/864 893/893/893 894/894/894
f 864/864/864 894/894/894 865/865/865
f 865/865/865 894/894/894 895/895/895
f 865/865/865 895/895/895 866/866/866
f 866/866/866 895/895/895 896/896/896
f 866/866/866 896/896/896 867/867/867
f 867/867/867 896/896/896 897/897/897
f 867/867/867 897/897/897 868/868/868
f 868/868/868 897/897/897 898/898/898
f 868/868/868 898/898/898 869/869/869
f 869/869/869 898/898/898 899/899/899
f 869/869/869 899/899/899 870/870/870
f 871/871/871 900/900/900 901/901/901
f 871/871/871 901/901/901 872/872/872
f 872/872/872 901/901/901 902/902/902
f 872/872/872 902/902/902 873/873/873
f 873/873/873 902/902/902 903/903/903
f 873/873/873 903/903/903 874/874/874
f 874/874/874 903/903/903 904/904/904
f 874/874/874 904/904/904 875/875/875
f 875/875/875 904/904/904 905/905/905
f 875/875/875 905/905/905 876/876/876
f 876/876/876 905/905/905 906/906/906
f 876/876/876 906/906/906 877/877/877
f 877/877/877 906/906/906 907/907/907
f 877/877/877 907/907/907 878/878/878
f 878/878/878 907/907/907 908/908/908
f 878/878/878 908/908/908 879/879/879
f 879/879/879 908/908/908 909/909/909
f 879/879/879 909/909/909 880/880/880
f 880/880/880 909/909/909 910/910/910
f 880/880/880 910/910/910 881/881/881
f 881/881/881 910/910/910 911/911/911
f 881/881/881 911/911/911 882/882/882
f 882/882/882 911/911/911 912/912/912
f 882/882/882 912/912/912 883/883/883
f 883/883/883 912/912/912 913/913/913
f 883/883/883 913/913/913 884/884/884
f 884/884/884 913/913/913 914/914/914
f 884/884/884 914/914/914 885/885/885
f 885/885/885 914/914/914 915/915/915
f 885/885/885 915/915/915 886/886/886
f 886/886/886 915/915/915 916/916/916
f 886/886/886 916/916/916 887/887/887
f 887/887/887 916/916/916 917/917/917
f 887/887/887 917/917/917 888/888/888
f 888/888/888 917/917/917 918/918/918
f 888/888/888 918/918/918 889/889/889
f 889/889/889 918/918/918 919/919/919
f 889/889/889 919/919/919 890/890/890
f 890/890/890 919/919/919 920/920/920
f 890/890/890 920/920/920 891/891/891
f 891/891/891 920/920/920 921/921/921
f 891/891/891 921/921/921 892/892/892
f 892/892/892 921/921/921 922/922/922
f 892/892/892 922/922/922 893/893/893
f 893/893/893 922/922/922 923/923/923
f 893/893/893 923/923/923 894/894/894
f 894/894/894 923/923/923 924/924/924
f 894/894/894 924/924/924 895/895/895
f 895/895/895 924/924/924 925/925/925
f 895/895/895 925/925/925 896/896/896
f 896/896/896 925/925/925 926/926/926
f 896/896/896 926/926/926 897/897/897
f 897/897/897 926/926/926 927/927/927
f 897/897/897 927/927/927 898/898/898
f 898/898/898 927/927/927 928/928/928
f 898/898/898 928/928/928 899/899/899
f 900/900/900 929/929/929 930/930/930
f 900/900/900 930/930/930 901/901/901
f 901/901/901 930/930/930 931/931/931
f 901/901/901 931/931/931 902/902/902
f 902/902/902 931/931/931 932/932/932
f 902/902/902 932/932/932 903/903/903
f 903/903/903 932/932/932 933/933/933
f 903/903/903 933/933/933 904/904/904
f 904/904/904 933/933/933 934/934/934
f 904/904/904 934/934/934 905/905/905
f 905/905/905 934/934/934 935/935/935
f 905/905/905 935/935/935 906/906/906
f 906/906/906 935/935/935 936/936/936
f 906/906/906 936/936/936 907/907/907
f 907/907/907 936/936/936 937/937/937
f 907/907/907 937/937/937 908/908/908
f 908/908/908 937/937/937 938/938/938
f 908/908/908 938/938/938 909/909/909
f 909/909/909 938/938/938 939/939/939
f 909/909/909 939/939/939 910/910/910
f 910/910/910 939/939/939 940/940/940
f 910/910/910 940/940/940 911/911/911
f 911/911/911 940/940/940 941/941/941
f 911/911/911 941/941/941 912/912/912
f 912/912/912 941/941/941 942/942/942
f 912/912/912 942/942/942 913/913/913
f 913/913/913 942/942/942 943/943/943
f 913/913/913 943/943/943 914/914/914
f 914/914/914 943/943/943 944/944/944
f 914/914/914 944/944/944 915/915/915
f 915/915/915 944/944/944 945/945/945
f 915/915/915 945/945/945 916/916/916
f 916/916/916 945/945/945 946/946/946
f 916/916/916 946/946/946 917/917/917
f 917/917/917 946/946/946 947/947/947
f 917/917/917 947/947/947 918/918/918
f 918/918/918 947/947/947 948/948/948
f 918/918/918 948/948/948 919/919/919
f 919/919/919 948/948/948 949/949/949
f 919/919/919 949/949/949 920/920/920
f 920/920/920 949/949/949 950/950/950
f 920/920/920 950/950/950 921/921/921
f 921/921/921 950/950/950 951/951/951
f 921/921/921 951/951/951 922/922/922
f 922/922/922 951/951/951 952/952/952
f 922/922/922 952/952/952 923/923/923
f 923/923/923 952/952/952 953/953/953
f 923/923/923 953/953/953 924/924/924
f 924/924/924 953/953/953 954/954/954
f 924/924/924 954/954/954 925/925/925
f 925/925/925 954/954/954 955/955/955
f 925/925/925 955/955/955 926/926/926
f 926/926/926 955/955/955 956/956/956
f 926/926/926 956/956/956 927/927/927
f 927/927/927 956/956/956 957/957/957
f 927/927/927 957/957/957 928/928/928
f 929/929/929 958/958/958 959/959/959
f 929/929/929 959/959/959 930/930/930
f 930/930/930 959/959/959 960/960/960
f 930/930/930 960/960/960 931/931/931
f 931/931/931 960/960/960 961/961/961
f 931/931/931 961/961/961 932/932/932
f 932/932/932 961/961/961 962/962/962
f 932/932/932 962/962/962 933/933/933
f 933/933/933 962/962/962 963/963/963
f 933/933/933 963/963/963 934/934/934
f 934/934/934 963/963/963 964/964/964
f 934/934/934 964/964/964 935/935/935
f 935/935/935 964/964/964 965/965/965
f 935/935/935 965/965/965 936/936/936
f 936/936/936 965/965/965 966/966/966
f 936/936/936 966/966/966 937/937/937
f 937/937/937 966/966/966 967/967/967
f 937/937/937 967/967/967 938/938/938
f 938/938/938 967/967/967 968/968/968
f 938/938/938 968/968/968 939/939/939
f 939/939/939 968/968/968 969/969/969
f 939/939/939 969/969/969 940/940/940
f 940/940/940 969/969/969 970/970/970
f 940/940/940 970/970/970 941/941/941
f 941/941/941 970/970/970 971/971/971
f 941/941/941 971/971/971 942/942/942
f 942/942/942 971/971/971 972/972/972
f 942/942/942 972/972/972 943/943/943
f 943/943/943 972/972/972 973/973/973
f 943/943/943 973/973/973 944/944/944
f 944/944/944 973/973/973 974/974/974
f 944/944/944 974/974/974 945/945/945
f 945/945/945 974/974/974 975/975/975
f 945/945/945 975/975/975 946/946/946
f 946/946/946 975/975/975 976/976/976
f 946/946/946 976/976/976 947/947/947
f 947/947/947 976/976/976 977/977/977
f 947/947/947 977/977/977 948/948/948
f 948/948/948 977/977/977 978/978/978
f 948/948/948 978/978/978 949/949/949
f 949/949/949 978/978/978 979/979/979
f 949/949/949 979/979/979 950/950/950
f 950/950/950 979/979/979 980/980/980
f 950/950/950 980/980/980 951/951/951
f 951/951/951 980/980/980 981/981/981
f 951/951/951 981/981/981 952/952/952
f 952/952/952 981/981/981 982/982/982
f 952/952/952 982/982/982 953/953/953
f 953/953/953 982/982/982 983/983/983
f 953/953/953 983/983/983 954/954/954
f 954/954/954 983/983/983 984/984/984
f 954/954/954 984/984/984 955/955/955
f 955/955/955 984/984/984 985/985/985
f 955/955/955 985/985/985 956/956/956
f 956/956/956 985/985/985 986/986/986
f 956/956/956 986/986/986 957/957/957
f 958/958/958 987/987/987 988/988/988
f 958/958/958 988/988/988 959/959/959
f 959/959/959 988/988/988 989/989/989
f 959/959/959 989/989/989 960/960/960
f 960/960/960 989/989/989 990/990/990
f 960/960/960 990/990/990 961/961/961
f 961/961/961 990/990/990 991/991/991
f 961/961/961 991/991/991 962/962/962
f 962/962/962 991/991/991 992/992/992
f 962/962/962 992/992/992 963/963/963
f 963/963/963 992/992/992 993/993/993
f 963/963/963 993/993/993 964/964/964
f 964/964/964 993/993/993 994/994/994
f 964/964/964 994/994/994 965/965/965
f 965/965/965 994/994/994 995/995/995
f 965/965/965 995/995/995 966/966/966
f 966/966/966 995/995/995 996/996/996
f 966/966/966 996/996/996 967/967/967
f 967/967/967 996/996/996 997/997/997
f 967/967/967 997/997/997 968/968/968
f 968/968/968 997/997/997 998/998/998
f 968/968/968 998/998/998 969/969/969
f 969/969/969 998/998/998 999/999/999
f 969/969/969 999/999/999 970/970/970
f 970/970/970 999/999/999 1000/1000/1000
f 970/970/970 1000/1000/1000 971/971/971
f 971/971/971 1000/1000/1000 1001/1001/1001
f 971/971/971 1001/1001/1001 972/972/972
f 972/972/972 1001/1001/1001 1002/1002/1002
f 972/972/972 1002/1002/1002 973/973/973
f 973/973/973 1002/1002/1002 1003/1003/1003
f 973/973/973 1003/1003/1003 974/974/974
f 974/974/974 1003/1003/1003 1004/1004/1004
f 974/974/974 1004/1004/1004 975/975/975
f 975/975/975 1004/1004/1004 1005/1005/1005
f 975/975/975 1005/1005/1005 976/976/976
f 976/976/976 1005/1005/1005 1006/1006/1006
f 976/976/976 1006/1006/1006 977/977/977
f 977/977/977 1006/1006/1006 1007/1007/1007
f 977/977/977 1007/1007/1007 978/978/978
f 978/978/978 1007/1007/1007 1008/1008/1008
f 978/978/978 1008/1008/1008 979/979/979
f 979/979/979 1008/1008/1008 1009/1009/1009
f 979/979/979 1009/1009/1009 980/980/980
f 980/980/980 1009/1009/1009 1010/1010/1010
f 980/980/980 1010/1010/1010 981/981/981
f 981/981/981 1010/1010/1010 1011/1011/1011
f 981/981/981 1011/1011/1011 982/982/982
f 982/982/982 1011/1011/1011 1012/1012/1012
f 982/982/982 1012/1012/1012 983/983/983
f 983/983/983 1012/1012/1012 1013/1013/1013
f 983/983/983 1013/1013/1013 984/984/984
f 984/984/984 1013/1013/1013 1014/1014/1014
f 984/984/984 1014/1014/1014 985/985/985
f 985/985/985 1014/1014/1014 1015/1015/1015
f 985/985/985 1015/1015/1015 986/986/986
f 987/987/987 1016/1016/1016 1017/1017/1017
f 987/987/987 1017/1017/1017 988/988/988
f 988/988/988 1017/1017/1017 1018/1018/1018
f 988/988/988 1018/1018/1018 989/989/989
f 989/989/989 1018/1018/1018 1019/1019/1019
f 989/989/989 1019/1019/1019 990/990/990
f 990/990/990 1019/1019/1019 1020/1020/1020
f 990/990/990 1020/1020/1020 991/991/991
f 991/991/991 1020/1020/1020 1021/1021/1021
f 991/991/991 1021/1021/1021 992/992/992
f 992/992/992 1021/1021/1021 1022/1022/1022
f 992/992/992 1022/1022/1022 993/993/993
f 993/993/993 1022/1022/1022 1023/1023/1023
f 993/993/993 1023/1023/1023 994/994/994
f 994/994/994 1023/1023/1023 1024/1024/1024
f 994/994/994 1024/1024/1024 995/995/995
f 995/995/995 1024/1024/1024 1025/1025/1025
f 995/995/995 1025/1025/1025 996/996/996
f 996/996/996 1025/1025/1025 1026/1026/1026
f 996/996/996 1026/1026/1026 997/997/997
f 997/997/997 1026/1026/1026 1027/1027/1027
f 997/997/997 1027/1027/1027 998/998/998
f 998/998/998 1027/1027/1027 1028/1028/1028
f 998/998/998 1028/1028/1028 999/999/999
f 999/999/999 1028/1028/1028 1029/1029/1029
f 999/999/999 1029/1029/1029 1000/1000/1000
f 1000/1000/1000 1029/1029/1029 1030/1030/1030
f 1000/1000/1000 1030/1030/1030 1001/1001/1001
f 1001/1001/1001 1030/1030/1030 1031/1031/1031
f 1001/1001/1001 1031/1031/1031 1002/1002/1002
f 1002/1002/1002 1031/1031/1031 1032/1032/1032
f 1002/1002/1002 1032/1032/1032 1003/1003/1003
f 1003/1003/1003 1032/1032/1032 1033/1033/1033
f 1003/1003/1003 1033/1033/1033 1004/1004/1004
f 1004/1004/1004 1033/1033/1033 1034/1034/1034
f 1004/1004/1004 1034/1034/1034 1005/1005/1005
f 1005/1005/1005 1034/1034/1034 1035/1035/1035
f 1005/1005/1005 1035/1035/1035 1006/1006/1006
f 1006/1006/1006 1035/1035/1035 1036/1036/1036
f 1006/1006/1006 1036/1036/1036 1007/1007/1007
f 1007/1007/1007 1036/1036/1036 1037/1037/1037
f 1007/1007/1007 1037/1037/1037 1008/1008/1008
f 1008/1008/1008 1037/1037/1037 1038/1038/1038
f 1008/1008/1008 1038/1038/1038 1009/1009/1009
f 1009/1009/1009 1038/1038/1038 1039/1039/1039
f 1009/1009/1009 1039/1039/1039 1010/1010/1010
f 1010/1010/1010 1039/1039/1039 1040/1040/1040
f 1010/1010/1010 1040/1040/1040 1011/1011/1011
f 1011/1011/1011 1040/1040/1040 1041/1041/1041
f 1011/1011/1011 1041/1041/1041 1012/1012/1012
f 1012/1012/1012 1041/1041/1041 1042/1042/1042
f 1012/1012/1012 1042/1042/1042 1013/1013/1013
f 1013/1013/1013 1042/1042/1042 1043/1043/1043
f 1013/1013/1013 1043/1043/1043 1014/1014/1014
f 1014/1014/1014 1043/1043/1043 1044/1044/1044
f 1014/1014/1014 1044/1044/1044 1015/1015/1015
