# generated by tools/make_gecko_mesh.py -- do not hand-edit
v 0.013253 0.011355 0.000000
v 0.013253 0.011113 0.002596
v 0.013253 0.010391 0.004583
v 0.013253 0.009210 0.006240
v 0.013253 0.007596 0.007565
v 0.013253 0.005579 0.008536
v 0.013253 0.003161 0.009128
v 0.013253 0.000000 0.009328
v 0.013253 -0.003161 0.009128
v 0.013253 -0.005579 0.008536
v 0.013253 -0.007596 0.007565
v 0.013253 -0.009210 0.006240
v 0.013253 -0.010391 0.004583
v 0.013253 -0.011113 0.002596
v 0.013253 -0.011355 0.000000
v 0.013253 -0.011071 -0.002076
v 0.013253 -0.010231 -0.004047
v 0.013253 -0.008878 -0.005816
v 0.013253 -0.007080 -0.007293
v 0.013253 -0.004927 -0.008404
v 0.013253 -0.002527 -0.009094
v 0.013253 -0.000000 -0.009328
v 0.013253 0.002527 -0.009094
v 0.013253 0.004927 -0.008404
v 0.013253 0.007080 -0.007293
v 0.013253 0.008878 -0.005816
v 0.013253 0.010231 -0.004047
v 0.013253 0.011071 -0.002076
v 0.013253 0.011355 0.000000
v 0.012319 0.011355 0.000000
v 0.012319 0.011090 0.002305
v 0.012319 0.010306 0.004290
v 0.012319 0.009032 0.006011
v 0.012319 0.007317 0.007419
v 0.012319 0.005223 0.008465
v 0.012319 0.002806 0.009110
v 0.012319 0.000000 0.009328
v 0.012319 -0.002806 0.009110
v 0.012319 -0.005223 0.008465
v 0.012319 -0.007317 0.007419
v 0.012319 -0.009032 0.006011
v 0.012319 -0.010306 0.004290
v 0.012319 -0.011090 0.002305
v 0.012319 -0.011355 0.000000
v 0.012319 -0.011071 -0.002076
v 0.012319 -0.010231 -0.004047
v 0.012319 -0.008878 -0.005816
v 0.012319 -0.007080 -0.007293
v 0.012319 -0.004927 -0.008404
v 0.012319 -0.002527 -0.009094
v 0.012319 -0.000000 -0.009328
v 0.012319 0.002527 -0.009094
v 0.012319 0.004927 -0.008404
v 0.012319 0.007080 -0.007293
v 0.012319 0.008878 -0.005816
v 0.012319 0.010231 -0.004047
v 0.012319 0.011071 -0.002076
v 0.012319 0.011355 0.000000
v 0.011385 0.011296 0.000000
v 0.011385 0.011033 0.002296
v 0.011385 0.010252 0.004273
v 0.011385 0.008985 0.005986
v 0.011385 0.007279 0.007389
v 0.011385 0.005195 0.008431
v 0.011385 0.002792 0.009073
v 0.011385 0.000000 0.009290
v 0.011385 -0.002792 0.009073
v 0.011385 -0.005195 0.008431
v 0.011385 -0.007279 0.007389
v 0.011385 -0.008985 0.005986
v 0.011385 -0.010252 0.004273
v 0.011385 -0.011033 0.002296
v 0.011385 -0.011296 0.000000
v 0.011385 -0.011013 -0.002067
v 0.011385 -0.010178 -0.004031
v 0.011385 -0.008832 -0.005792
v 0.011385 -0.007043 -0.007263
v 0.011385 -0.004901 -0.008370
v 0.011385 -0.002514 -0.009057
v 0.011385 -0.000000 -0.009290
v 0.011385 0.002514 -0.009057
v 0.011385 0.004901 -0.008370
v 0.011385 0.007043 -0.007263
v 0.011385 0.008832 -0.005792
v 0.011385 0.010178 -0.004031
v 0.011385 0.011013 -0.002067
v 0.011385 0.011296 0.000000
v 0.010451 0.011167 0.000000
v 0.010451 0.010906 0.002278
v 0.010451 0.010134 0.004240
v 0.010451 0.008882 0.005940
v 0.010451 0.007196 0.007332
v 0.010451 0.005136 0.008366
v 0.010451 0.002759 0.009003
v 0.010451 0.000000 0.009218
v 0.010451 -0.002759 0.009003
v 0.010451 -0.005136 0.008366
v 0.010451 -0.007196 0.007332
v 0.010451 -0.008882 0.005940
v 0.010451 -0.010134 0.004240
v 0.010451 -0.010906 0.002278
v 0.010451 -0.011167 0.000000
v 0.010451 -0.010887 -0.002051
v 0.010451 -0.010061 -0.004000
v 0.010451 -0.008731 -0.005748
v 0.010451 -0.006962 -0.007207
v 0.010451 -0.004845 -0.008306
v 0.010451 -0.002485 -0.008987
v 0.010451 -0.000000 -0.009218
v 0.010451 0.002485 -0.008987
v 0.010451 0.004845 -0.008306
v 0.010451 0.006962 -0.007207
v 0.010451 0.008731 -0.005748
v 0.010451 0.010061 -0.004000
v 0.010451 0.010887 -0.002051
v 0.010451 0.011167 0.000000
v 0.009517 0.011096 0.000000
v 0.009517 0.010837 0.002279
v 0.009517 0.010070 0.004242
v 0.009517 0.008825 0.005943
v 0.009517 0.007150 0.007336
v 0.009517 0.005103 0.008370
v 0.009517 0.002742 0.009008
v 0.009517 0.000000 0.009223
v 0.009517 -0.002742 0.009008
v 0.009517 -0.005103 0.008370
v 0.009517 -0.007150 0.007336
v 0.009517 -0.008825 0.005943
v 0.009517 -0.010070 0.004242
v 0.009517 -0.010837 0.002279
v 0.009517 -0.011096 0.000000
v 0.009517 -0.010818 -0.002052
v 0.009517 -0.009997 -0.004002
v 0.009517 -0.008675 -0.005750
v 0.009517 -0.006918 -0.007211
v 0.009517 -0.004814 -0.008310
v 0.009517 -0.002469 -0.008992
v 0.009517 -0.000000 -0.009223
v 0.009517 0.002469 -0.008992
v 0.009517 0.004814 -0.008310
v 0.009517 0.006918 -0.007211
v 0.009517 0.008675 -0.005750
v 0.009517 0.009997 -0.004002
v 0.009517 0.010818 -0.002052
v 0.009517 0.011096 0.000000
v 0.008582 0.011280 0.000000
v 0.008582 0.011016 0.002339
v 0.008582 0.010237 0.004354
v 0.008582 0.008972 0.006100
v 0.008582 0.007268 0.007529
v 0.008582 0.005188 0.008591
v 0.008582 0.002787 0.009245
v 0.008582 0.000000 0.009466
v 0.008582 -0.002787 0.009245
v 0.008582 -0.005188 0.008591
v 0.008582 -0.007268 0.007529
v 0.008582 -0.008972 0.006100
v 0.008582 -0.010237 0.004354
v 0.008582 -0.011016 0.002339
v 0.008582 -0.011280 0.000000
v 0.008582 -0.010997 -0.002106
v 0.008582 -0.010163 -0.004107
v 0.008582 -0.008819 -0.005902
v 0.008582 -0.007033 -0.007401
v 0.008582 -0.004894 -0.008529
v 0.008582 -0.002510 -0.009229
v 0.008582 -0.000000 -0.009466
v 0.008582 0.002510 -0.009229
v 0.008582 0.004894 -0.008529
v 0.008582 0.007033 -0.007401
v 0.008582 0.008819 -0.005902
v 0.008582 0.010163 -0.004107
v 0.008582 0.010997 -0.002106
v 0.008582 0.011280 0.000000
v 0.007648 0.011826 0.000000
v 0.007648 0.011550 0.002480
v 0.007648 0.010733 0.004615
v 0.007648 0.009406 0.006467
v 0.007648 0.007621 0.007982
v 0.007648 0.005439 0.009108
v 0.007648 0.002923 0.009801
v 0.007648 0.000000 0.010036
v 0.007648 -0.002923 0.009801
v 0.007648 -0.005439 0.009108
v 0.007648 -0.007621 0.007982
v 0.007648 -0.009406 0.006467
v 0.007648 -0.010733 0.004615
v 0.007648 -0.011550 0.002480
v 0.007648 -0.011826 0.000000
v 0.007648 -0.011530 -0.002233
v 0.007648 -0.010655 -0.004354
v 0.007648 -0.009246 -0.006257
v 0.007648 -0.007374 -0.007846
v 0.007648 -0.005131 -0.009042
v 0.007648 -0.002632 -0.009784
v 0.007648 -0.000000 -0.010036
v 0.007648 0.002632 -0.009784
v 0.007648 0.005131 -0.009042
v 0.007648 0.007374 -0.007846
v 0.007648 0.009246 -0.006257
v 0.007648 0.010655 -0.004354
v 0.007648 0.011530 -0.002233
v 0.007648 0.011826 0.000000
v 0.006714 0.012578 0.000000
v 0.006714 0.012285 0.002666
v 0.006714 0.011415 0.004961
v 0.006714 0.010004 0.006951
v 0.006714 0.008105 0.008580
v 0.006714 0.005785 0.009790
v 0.006714 0.003108 0.010535
v 0.006714 0.000000 0.010787
v 0.006714 -0.003108 0.010535
v 0.006714 -0.005785 0.009790
v 0.006714 -0.008105 0.008580
v 0.006714 -0.010004 0.006951
v 0.006714 -0.011415 0.004961
v 0.006714 -0.012285 0.002666
v 0.006714 -0.012578 0.000000
v 0.006714 -0.012263 -0.002400
v 0.006714 -0.011333 -0.004680
v 0.006714 -0.009834 -0.006725
v 0.006714 -0.007842 -0.008433
v 0.006714 -0.005458 -0.009719
v 0.006714 -0.002799 -0.010516
v 0.006714 -0.000000 -0.010787
v 0.006714 0.002799 -0.010516
v 0.006714 0.005458 -0.009719
v 0.006714 0.007842 -0.008433
v 0.006714 0.009834 -0.006725
v 0.006714 0.011333 -0.004680
v 0.006714 0.012263 -0.002400
v 0.006714 0.012578 0.000000
v 0.005780 0.013166 0.000000
v 0.005780 0.012859 0.002814
v 0.005780 0.011949 0.005237
v 0.005780 0.010472 0.007338
v 0.005780 0.008484 0.009057
v 0.005780 0.006055 0.010335
v 0.005780 0.003254 0.011122
v 0.005780 0.000000 0.011388
v 0.005780 -0.003254 0.011122
v 0.005780 -0.006055 0.010335
v 0.005780 -0.008484 0.009057
v 0.005780 -0.010472 0.007338
v 0.005780 -0.011949 0.005237
v 0.005780 -0.012859 0.002814
v 0.005780 -0.013166 0.000000
v 0.005780 -0.012836 -0.002534
v 0.005780 -0.011862 -0.004941
v 0.005780 -0.010293 -0.007100
v 0.005780 -0.008209 -0.008903
v 0.005780 -0.005712 -0.010260
v 0.005780 -0.002930 -0.011102
v 0.005780 -0.000000 -0.011388
v 0.005780 0.002930 -0.011102
v 0.005780 0.005712 -0.010260
v 0.005780 0.008209 -0.008903
v 0.005780 0.010293 -0.007100
v 0.005780 0.011862 -0.004941
v 0.005780 0.012836 -0.002534
v 0.005780 0.013166 -0.000000
v 0.004846 0.013339 0.000000
v 0.004846 0.013027 0.002868
v 0.004846 0.012105 0.005337
v 0.004846 0.010609 0.007477
v 0.004846 0.008595 0.009229
v 0.004846 0.006135 0.010531
v 0.004846 0.003296 0.011333
v 0.004846 0.000000 0.011604
v 0.004846 -0.003296 0.011333
v 0.004846 -0.006135 0.010531
v 0.004846 -0.008595 0.009229
v 0.004846 -0.010609 0.007477
v 0.004846 -0.012105 0.005337
v 0.004846 -0.013027 0.002868
v 0.004846 -0.013339 0.000000
v 0.004846 -0.013004 -0.002582
v 0.004846 -0.012018 -0.005035
v 0.004846 -0.010428 -0.007235
v 0.004846 -0.008316 -0.009072
v 0.004846 -0.005787 -0.010455
v 0.004846 -0.002968 -0.011313
v 0.004846 -0.000000 -0.011604
v 0.004846 0.002968 -0.011313
v 0.004846 0.005787 -0.010455
v 0.004846 0.008316 -0.009072
v 0.004846 0.010428 -0.007235
v 0.004846 0.012018 -0.005035
v 0.004846 0.013004 -0.002582
v 0.004846 0.013339 0.000000
v 0.003912 0.013493 0.000000
v 0.003912 0.013178 0.002912
v 0.003912 0.012245 0.005419
v 0.003912 0.010732 0.007593
v 0.003912 0.008695 0.009372
v 0.003912 0.006205 0.010694
v 0.003912 0.003334 0.011508
v 0.003912 0.000000 0.011783
v 0.003912 -0.003334 0.011508
v 0.003912 -0.006205 0.010694
v 0.003912 -0.008695 0.009372
v 0.003912 -0.010732 0.007593
v 0.003912 -0.012245 0.005419
v 0.003912 -0.013178 0.002912
v 0.003912 -0.013493 0.000000
v 0.003912 -0.013155 -0.002622
v 0.003912 -0.012157 -0.005113
v 0.003912 -0.010549 -0.007347
v 0.003912 -0.008413 -0.009213
v 0.003912 -0.005854 -0.010617
v 0.003912 -0.003002 -0.011488
v 0.003912 -0.000000 -0.011783
v 0.003912 0.003002 -0.011488
v 0.003912 0.005854 -0.010617
v 0.003912 0.008413 -0.009213
v 0.003912 0.010549 -0.007347
v 0.003912 0.012157 -0.005113
v 0.003912 0.013155 -0.002622
v 0.003912 0.013493 0.000000
v 0.002978 0.013812 0.000000
v 0.002978 0.013489 0.002987
v 0.002978 0.012535 0.005558
v 0.002978 0.010986 0.007788
v 0.002978 0.008900 0.009613
v 0.002978 0.006352 0.010969
v 0.002978 0.003413 0.011804
v 0.002978 0.000000 0.012086
v 0.002978 -0.003413 0.011804
v 0.002978 -0.006352 0.010969
v 0.002978 -0.008900 0.009613
v 0.002978 -0.010986 0.007788
v 0.002978 -0.012535 0.005558
v 0.002978 -0.013489 0.002987
v 0.002978 -0.013812 0.000000
v 0.002978 -0.013466 -0.002689
v 0.002978 -0.012444 -0.005244
v 0.002978 -0.010799 -0.007535
v 0.002978 -0.008612 -0.009449
v 0.002978 -0.005993 -0.010889
v 0.002978 -0.003073 -0.011783
v 0.002978 -0.000000 -0.012086
v 0.002978 0.003073 -0.011783
v 0.002978 0.005993 -0.010889
v 0.002978 0.008612 -0.009449
v 0.002978 0.010799 -0.007535
v 0.002978 0.012444 -0.005244
v 0.002978 0.013466 -0.002689
v 0.002978 0.013812 -0.000000
v 0.002044 0.014140 0.000000
v 0.002044 0.013810 0.003064
v 0.002044 0.012833 0.005702
v 0.002044 0.011247 0.007989
v 0.002044 0.009112 0.009861
v 0.002044 0.006503 0.011251
v 0.002044 0.003494 0.012108
v 0.002044 0.000000 0.012397
v 0.002044 -0.003494 0.012108
v 0.002044 -0.006503 0.011251
v 0.002044 -0.009112 0.009861
v 0.002044 -0.011247 0.007989
v 0.002044 -0.012833 0.005702
v 0.002044 -0.013810 0.003064
v 0.002044 -0.014140 0.000000
v 0.002044 -0.013786 -0.002759
v 0.002044 -0.012740 -0.005379
v 0.002044 -0.011055 -0.007730
v 0.002044 -0.008816 -0.009693
v 0.002044 -0.006135 -0.011170
v 0.002044 -0.003146 -0.012087
v 0.002044 -0.000000 -0.012397
v 0.002044 0.003146 -0.012087
v 0.002044 0.006135 -0.011170
v 0.002044 0.008816 -0.009693
v 0.002044 0.011055 -0.007730
v 0.002044 0.012740 -0.005379
v 0.002044 0.013786 -0.002759
v 0.002044 0.014140 0.000000
v 0.001110 0.014227 0.000000
v 0.001110 0.013895 0.003090
v 0.001110 0.012911 0.005750
v 0.001110 0.011315 0.008056
v 0.001110 0.009167 0.009944
v 0.001110 0.006543 0.011347
v 0.001110 0.003516 0.012211
v 0.001110 0.000000 0.012503
v 0.001110 -0.003516 0.012211
v 0.001110 -0.006543 0.011347
v 0.001110 -0.009167 0.009944
v 0.001110 -0.011315 0.008056
v 0.001110 -0.012911 0.005750
v 0.001110 -0.013895 0.003090
v 0.001110 -0.014227 0.000000
v 0.001110 -0.013870 -0.002782
v 0.001110 -0.012818 -0.005425
v 0.001110 -0.011123 -0.007795
v 0.001110 -0.008870 -0.009775
v 0.001110 -0.006173 -0.011264
v 0.001110 -0.003166 -0.012189
v 0.001110 -0.000000 -0.012503
v 0.001110 0.003166 -0.012189
v 0.001110 0.006173 -0.011264
v 0.001110 0.008870 -0.009775
v 0.001110 0.011123 -0.007795
v 0.001110 0.012818 -0.005425
v 0.001110 0.013870 -0.002782
v 0.001110 0.014227 -0.000000
v 0.000176 0.014182 0.000000
v 0.000176 0.013851 0.003088
v 0.000176 0.012871 0.005747
v 0.000176 0.011280 0.008052
v 0.000176 0.009139 0.009939
v 0.000176 0.006523 0.011340
v 0.000176 0.003505 0.012204
v 0.000176 0.000000 0.012496
v 0.000176 -0.003505 0.012204
v 0.000176 -0.006523 0.011340
v 0.000176 -0.009139 0.009939
v 0.000176 -0.011280 0.008052
v 0.000176 -0.012871 0.005747
v 0.000176 -0.013851 0.003088
v 0.000176 -0.014182 0.000000
v 0.000176 -0.013827 -0.002781
v 0.000176 -0.012778 -0.005422
v 0.000176 -0.011088 -0.007791
v 0.000176 -0.008843 -0.009770
v 0.000176 -0.006154 -0.011258
v 0.000176 -0.003156 -0.012182
v 0.000176 -0.000000 -0.012496
v 0.000176 0.003156 -0.012182
v 0.000176 0.006154 -0.011258
v 0.000176 0.008843 -0.009770
v 0.000176 0.011088 -0.007791
v 0.000176 0.012778 -0.005422
v 0.000176 0.013827 -0.002781
v 0.000176 0.014182 0.000000
v -0.000759 0.014391 0.000000
v -0.000759 0.014056 0.003142
v -0.000759 0.013061 0.005847
v -0.000759 0.011447 0.008192
v -0.000759 0.009274 0.010112
v -0.000759 0.006619 0.011538
v -0.000759 0.003556 0.012417
v -0.000759 0.000000 0.012713
v -0.000759 -0.003556 0.012417
v -0.000759 -0.006619 0.011538
v -0.000759 -0.009274 0.010112
v -0.000759 -0.011447 0.008192
v -0.000759 -0.013061 0.005847
v -0.000759 -0.014056 0.003142
v -0.000759 -0.014391 0.000000
v -0.000759 -0.014031 -0.002829
v -0.000759 -0.012966 -0.005516
v -0.000759 -0.011252 -0.007927
v -0.000759 -0.008973 -0.009940
v -0.000759 -0.006244 -0.011454
v -0.000759 -0.003202 -0.012395
v -0.000759 -0.000000 -0.012713
v -0.000759 0.003202 -0.012395
v -0.000759 0.006244 -0.011454
v -0.000759 0.008973 -0.009940
v -0.000759 0.011252 -0.007927
v -0.000759 0.012966 -0.005516
v -0.000759 0.014031 -0.002829
v -0.000759 0.014391 0.000000
v -0.001693 0.014938 0.000000
v -0.001693 0.014589 0.003269
v -0.001693 0.013557 0.006085
v -0.001693 0.011881 0.008525
v -0.001693 0.009626 0.010523
v -0.001693 0.006870 0.012007
v -0.001693 0.003691 0.012922
v -0.001693 0.000000 0.013230
v -0.001693 -0.003691 0.012922
v -0.001693 -0.006870 0.012007
v -0.001693 -0.009626 0.010523
v -0.001693 -0.011881 0.008525
v -0.001693 -0.013557 0.006085
v -0.001693 -0.014589 0.003269
v -0.001693 -0.014938 0.000000
v -0.001693 -0.014563 -0.002944
v -0.001693 -0.013459 -0.005740
v -0.001693 -0.011679 -0.008249
v -0.001693 -0.009314 -0.010344
v -0.001693 -0.006481 -0.011920
v -0.001693 -0.003324 -0.012899
v -0.001693 -0.000000 -0.013230
v -0.001693 0.003324 -0.012899
v -0.001693 0.006481 -0.011920
v -0.001693 0.009314 -0.010344
v -0.001693 0.011679 -0.008249
v -0.001693 0.013459 -0.005740
v -0.001693 0.014563 -0.002944
v -0.001693 0.014938 -0.000000
v -0.002627 0.015402 0.000000
v -0.002627 0.015043 0.003379
v -0.002627 0.013978 0.006289
v -0.002627 0.012251 0.008812
v -0.002627 0.009925 0.010877
v -0.002627 0.007084 0.012411
v -0.002627 0.003806 0.013356
v -0.002627 0.000000 0.013675
v -0.002627 -0.003806 0.013356
v -0.002627 -0.007084 0.012411
v -0.002627 -0.009925 0.010877
v -0.002627 -0.012251 0.008812
v -0.002627 -0.013978 0.006289
v -0.002627 -0.015043 0.003379
v -0.002627 -0.015402 0.000000
v -0.002627 -0.015016 -0.003043
v -0.002627 -0.013877 -0.005933
v -0.002627 -0.012042 -0.008526
v -0.002627 -0.009603 -0.010692
v -0.002627 -0.006683 -0.012321
v -0.002627 -0.003427 -0.013332
v -0.002627 -0.000000 -0.013675
v -0.002627 0.003427 -0.013332
v -0.002627 0.006683 -0.012321
v -0.002627 0.009603 -0.010692
v -0.002627 0.012042 -0.008526
v -0.002627 0.013877 -0.005933
v -0.002627 0.015016 -0.003043
v -0.002627 0.015402 0.000000
v -0.003561 0.015416 0.000000
v -0.003561 0.015057 0.003390
v -0.003561 0.013991 0.006309
v -0.003561 0.012262 0.008839
v -0.003561 0.009934 0.010911
v -0.003561 0.007090 0.012449
v -0.003561 0.003810 0.013397
v -0.003561 0.000000 0.013717
v -0.003561 -0.003810 0.013397
v -0.003561 -0.007090 0.012449
v -0.003561 -0.009934 0.010911
v -0.003561 -0.012262 0.008839
v -0.003561 -0.013991 0.006309
v -0.003561 -0.015057 0.003390
v -0.003561 -0.015416 0.000000
v -0.003561 -0.015030 -0.003052
v -0.003561 -0.013890 -0.005952
v -0.003561 -0.012053 -0.008553
v -0.003561 -0.009612 -0.010725
v -0.003561 -0.006689 -0.012359
v -0.003561 -0.003430 -0.013374
v -0.003561 -0.000000 -0.013717
v -0.003561 0.003430 -0.013374
v -0.003561 0.006689 -0.012359
v -0.003561 0.009612 -0.010725
v -0.003561 0.012053 -0.008553
v -0.003561 0.013890 -0.005952
v -0.003561 0.015030 -0.003052
v -0.003561 0.015416 0.000000
v -0.004495 0.015227 0.000000
v -0.004495 0.014871 0.003354
v -0.004495 0.013819 0.006243
v -0.004495 0.012111 0.008747
v -0.004495 0.009812 0.010796
v -0.004495 0.007003 0.012319
v -0.004495 0.003763 0.013257
v -0.004495 0.000000 0.013574
v -0.004495 -0.003763 0.013257
v -0.004495 -0.007003 0.012319
v -0.004495 -0.009812 0.010796
v -0.004495 -0.012111 0.008747
v -0.004495 -0.013819 0.006243
v -0.004495 -0.014871 0.003354
v -0.004495 -0.015227 0.000000
v -0.004495 -0.014845 -0.003020
v -0.004495 -0.013719 -0.005889
v -0.004495 -0.011905 -0.008463
v -0.004495 -0.009494 -0.010612
v -0.004495 -0.006607 -0.012230
v -0.004495 -0.003388 -0.013233
v -0.004495 -0.000000 -0.013574
v -0.004495 0.003388 -0.013233
v -0.004495 0.006607 -0.012230
v -0.004495 0.009494 -0.010612
v -0.004495 0.011905 -0.008463
v -0.004495 0.013719 -0.005889
v -0.004495 0.014845 -0.003020
v -0.004495 0.015227 0.000000
v -0.005429 0.015384 0.000000
v -0.005429 0.015025 0.003394
v -0.005429 0.013961 0.006316
v -0.005429 0.012236 0.008850
v -0.005429 0.009913 0.010923
v -0.005429 0.007075 0.012464
v -0.005429 0.003802 0.013413
v -0.005429 0.000000 0.013734
v -0.005429 -0.003802 0.013413
v -0.005429 -0.007075 0.012464
v -0.005429 -0.009913 0.010923
v -0.005429 -0.012236 0.008850
v -0.005429 -0.013961 0.006316
v -0.005429 -0.015025 0.003394
v -0.005429 -0.015384 0.000000
v -0.005429 -0.014998 -0.003056
v -0.005429 -0.013860 -0.005959
v -0.005429 -0.012027 -0.008563
v -0.005429 -0.009592 -0.010737
v -0.005429 -0.006675 -0.012373
v -0.005429 -0.003423 -0.013389
v -0.005429 -0.000000 -0.013734
v -0.005429 0.003423 -0.013389
v -0.005429 0.006675 -0.012373
v -0.005429 0.009592 -0.010737
v -0.005429 0.012027 -0.008563
v -0.005429 0.013860 -0.005959
v -0.005429 0.014998 -0.003056
v -0.005429 0.015384 0.000000
v -0.006363 0.015917 0.000000
v -0.006363 0.015546 0.003515
v -0.006363 0.014446 0.006541
v -0.006363 0.012660 0.009165
v -0.006363 0.010257 0.011313
v -0.006363 0.007320 0.012908
v -0.006363 0.003933 0.013891
v -0.006363 0.000000 0.014223
v -0.006363 -0.003933 0.013891
v -0.006363 -0.007320 0.012908
v -0.006363 -0.010257 0.011313
v -0.006363 -0.012660 0.009165
v -0.006363 -0.014446 0.006541
v -0.006363 -0.015546 0.003515
v -0.006363 -0.015917 0.000000
v -0.006363 -0.015518 -0.003165
v -0.006363 -0.014341 -0.006171
v -0.006363 -0.012445 -0.008868
v -0.006363 -0.009924 -0.011120
v -0.006363 -0.006906 -0.012815
v -0.006363 -0.003542 -0.013867
v -0.006363 -0.000000 -0.014223
v -0.006363 0.003542 -0.013867
v -0.006363 0.006906 -0.012815
v -0.006363 0.009924 -0.011120
v -0.006363 0.012445 -0.008868
v -0.006363 0.014341 -0.006171
v -0.006363 0.015518 -0.003165
v -0.006363 0.015917 0.000000
v -0.007297 0.016215 0.000000
v -0.007297 0.015836 0.003582
v -0.007297 0.014715 0.006666
v -0.007297 0.012897 0.009340
v -0.007297 0.010448 0.011529
v -0.007297 0.007457 0.013155
v -0.007297 0.004007 0.014156
v -0.007297 0.000000 0.014495
v -0.007297 -0.004007 0.014156
v -0.007297 -0.007457 0.013155
v -0.007297 -0.010448 0.011529
v -0.007297 -0.012897 0.009340
v -0.007297 -0.014715 0.006666
v -0.007297 -0.015836 0.003582
v -0.007297 -0.016215 0.000000
v -0.007297 -0.015808 -0.003225
v -0.007297 -0.014609 -0.006289
v -0.007297 -0.012677 -0.009037
v -0.007297 -0.010110 -0.011332
v -0.007297 -0.007035 -0.013059
v -0.007297 -0.003608 -0.014131
v -0.007297 -0.000000 -0.014495
v -0.007297 0.003608 -0.014131
v -0.007297 0.007035 -0.013059
v -0.007297 0.010110 -0.011332
v -0.007297 0.012677 -0.009037
v -0.007297 0.014609 -0.006289
v -0.007297 0.015808 -0.003225
v -0.007297 0.016215 0.000000
v -0.008231 0.015881 0.000000
v -0.008231 0.015510 0.003508
v -0.008231 0.014413 0.006529
v -0.008231 0.012631 0.009148
v -0.008231 0.010234 0.011292
v -0.008231 0.007304 0.012884
v -0.008231 0.003925 0.013865
v -0.008231 0.000000 0.014197
v -0.008231 -0.003925 0.013865
v -0.008231 -0.007304 0.012884
v -0.008231 -0.010234 0.011292
v -0.008231 -0.012631 0.009148
v -0.008231 -0.014413 0.006529
v -0.008231 -0.015510 0.003508
v -0.008231 -0.015881 0.000000
v -0.008231 -0.015483 -0.003159
v -0.008231 -0.014308 -0.006160
v -0.008231 -0.012416 -0.008852
v -0.008231 -0.009902 -0.011099
v -0.008231 -0.006891 -0.012791
v -0.008231 -0.003534 -0.013841
v -0.008231 -0.000000 -0.014197
v -0.008231 0.003534 -0.013841
v -0.008231 0.006891 -0.012791
v -0.008231 0.009902 -0.011099
v -0.008231 0.012416 -0.008852
v -0.008231 0.014308 -0.006160
v -0.008231 0.015483 -0.003159
v -0.008231 0.015881 -0.000000
v -0.009166 0.015357 0.000000
v -0.009166 0.014999 0.003392
v -0.009166 0.013937 0.006314
v -0.009166 0.012215 0.008846
v -0.009166 0.009896 0.010919
v -0.009166 0.007063 0.012459
v -0.009166 0.003795 0.013408
v -0.009166 0.000000 0.013728
v -0.009166 -0.003795 0.013408
v -0.009166 -0.007063 0.012459
v -0.009166 -0.009896 0.010919
v -0.009166 -0.012215 0.008846
v -0.009166 -0.013937 0.006314
v -0.009166 -0.014999 0.003392
v -0.009166 -0.015357 0.000000
v -0.009166 -0.014972 -0.003055
v -0.009166 -0.013836 -0.005956
v -0.009166 -0.012007 -0.008559
v -0.009166 -0.009575 -0.010733
v -0.009166 -0.006663 -0.012369
v -0.009166 -0.003417 -0.013384
v -0.009166 -0.000000 -0.013728
v -0.009166 0.003417 -0.013384
v -0.009166 0.006663 -0.012369
v -0.009166 0.009575 -0.010733
v -0.009166 0.012007 -0.008559
v -0.009166 0.013836 -0.005956
v -0.009166 0.014972 -0.003055
v -0.009166 0.015357 0.000000
v -0.010100 0.015313 0.000000
v -0.010100 0.014955 0.003383
v -0.010100 0.013897 0.006296
v -0.010100 0.012179 0.008821
v -0.010100 0.009867 0.010888
v -0.010100 0.007043 0.012423
v -0.010100 0.003784 0.013369
v -0.010100 0.000000 0.013689
v -0.010100 -0.003784 0.013369
v -0.010100 -0.007043 0.012423
v -0.010100 -0.009867 0.010888
v -0.010100 -0.012179 0.008821
v -0.010100 -0.013897 0.006296
v -0.010100 -0.014955 0.003383
v -0.010100 -0.015313 0.000000
v -0.010100 -0.014929 -0.003046
v -0.010100 -0.013796 -0.005939
v -0.010100 -0.011972 -0.008535
v -0.010100 -0.009547 -0.010702
v -0.010100 -0.006644 -0.012333
v -0.010100 -0.003407 -0.013346
v -0.010100 -0.000000 -0.013689
v -0.010100 0.003407 -0.013346
v -0.010100 0.006644 -0.012333
v -0.010100 0.009547 -0.010702
v -0.010100 0.011972 -0.008535
v -0.010100 0.013796 -0.005939
v -0.010100 0.014929 -0.003046
v -0.010100 0.015313 0.000000
vt 0.00000 3.23198
vt 0.07143 3.23198
vt 0.14286 3.23198
vt 0.21429 3.23198
vt 0.28571 3.23198
vt 0.35714 3.23198
vt 0.42857 3.23198
vt 0.50000 3.23198
vt 0.57143 3.23198
vt 0.64286 3.23198
vt 0.71429 3.23198
vt 0.78571 3.23198
vt 0.85714 3.23198
vt 0.92857 3.23198
vt 1.00000 3.23198
vt 1.07143 3.23198
vt 1.14286 3.23198
vt 1.21429 3.23198
vt 1.28571 3.23198
vt 1.35714 3.23198
vt 1.42857 3.23198
vt 1.50000 3.23198
vt 1.57143 3.23198
vt 1.64286 3.23198
vt 1.71429 3.23198
vt 1.78571 3.23198
vt 1.85714 3.23198
vt 1.92857 3.23198
vt 2.00000 3.23198
vt 0.00000 3.26312
vt 0.07143 3.26312
vt 0.14286 3.26312
vt 0.21429 3.26312
vt 0.28571 3.26312
vt 0.35714 3.26312
vt 0.42857 3.26312
vt 0.50000 3.26312
vt 0.57143 3.26312
vt 0.64286 3.26312
vt 0.71429 3.26312
vt 0.78571 3.26312
vt 0.85714 3.26312
vt 0.92857 3.26312
vt 1.00000 3.26312
vt 1.07143 3.26312
vt 1.14286 3.26312
vt 1.21429 3.26312
vt 1.28571 3.26312
vt 1.35714 3.26312
vt 1.42857 3.26312
vt 1.50000 3.26312
vt 1.57143 3.26312
vt 1.64286 3.26312
vt 1.71429 3.26312
vt 1.78571 3.26312
vt 1.85714 3.26312
vt 1.92857 3.26312
vt 2.00000 3.26312
vt 0.00000 3.29426
vt 0.07143 3.29426
vt 0.14286 3.29426
vt 0.21429 3.29426
vt 0.28571 3.29426
vt 0.35714 3.29426
vt 0.42857 3.29426
vt 0.50000 3.29426
vt 0.57143 3.29426
vt 0.64286 3.29426
vt 0.71429 3.29426
vt 0.78571 3.29426
vt 0.85714 3.29426
vt 0.92857 3.29426
vt 1.00000 3.29426
vt 1.07143 3.29426
vt 1.14286 3.29426
vt 1.21429 3.29426
vt 1.28571 3.29426
vt 1.35714 3.29426
vt 1.42857 3.29426
vt 1.50000 3.29426
vt 1.57143 3.29426
vt 1.64286 3.29426
vt 1.71429 3.29426
vt 1.78571 3.29426
vt 1.85714 3.29426
vt 1.92857 3.29426
vt 2.00000 3.29426
vt 0.00000 3.32539
vt 0.07143 3.32539
vt 0.14286 3.32539
vt 0.21429 3.32539
vt 0.28571 3.32539
vt 0.35714 3.32539
vt 0.42857 3.32539
vt 0.50000 3.32539
vt 0.57143 3.32539
vt 0.64286 3.32539
vt 0.71429 3.32539
vt 0.78571 3.32539
vt 0.85714 3.32539
vt 0.92857 3.32539
vt 1.00000 3.32539
vt 1.07143 3.32539
vt 1.14286 3.32539
vt 1.21429 3.32539
vt 1.28571 3.32539
vt 1.35714 3.32539
vt 1.42857 3.32539
vt 1.50000 3.32539
vt 1.57143 3.32539
vt 1.64286 3.32539
vt 1.71429 3.32539
vt 1.78571 3.32539
vt 1.85714 3.32539
vt 1.92857 3.32539
vt 2.00000 3.32539
vt 0.00000 3.35653
vt 0.07143 3.35653
vt 0.14286 3.35653
vt 0.21429 3.35653
vt 0.28571 3.35653
vt 0.35714 3.35653
vt 0.42857 3.35653
vt 0.50000 3.35653
vt 0.57143 3.35653
vt 0.64286 3.35653
vt 0.71429 3.35653
vt 0.78571 3.35653
vt 0.85714 3.35653
vt 0.92857 3.35653
vt 1.00000 3.35653
vt 1.07143 3.35653
vt 1.14286 3.35653
vt 1.21429 3.35653
vt 1.28571 3.35653
vt 1.35714 3.35653
vt 1.42857 3.35653
vt 1.50000 3.35653
vt 1.57143 3.35653
vt 1.64286 3.35653
vt 1.71429 3.35653
vt 1.78571 3.35653
vt 1.85714 3.35653
vt 1.92857 3.35653
vt 2.00000 3.35653
vt 0.00000 3.38767
vt 0.07143 3.38767
vt 0.14286 3.38767
vt 0.21429 3.38767
vt 0.28571 3.38767
vt 0.35714 3.38767
vt 0.42857 3.38767
vt 0.50000 3.38767
vt 0.57143 3.38767
vt 0.64286 3.38767
vt 0.71429 3.38767
vt 0.78571 3.38767
vt 0.85714 3.38767
vt 0.92857 3.38767
vt 1.00000 3.38767
vt 1.07143 3.38767
vt 1.14286 3.38767
vt 1.21429 3.38767
vt 1.28571 3.38767
vt 1.35714 3.38767
vt 1.42857 3.38767
vt 1.50000 3.38767
vt 1.57143 3.38767
vt 1.64286 3.38767
vt 1.71429 3.38767
vt 1.78571 3.38767
vt 1.85714 3.38767
vt 1.92857 3.38767
vt 2.00000 3.38767
vt 0.00000 3.41880
vt 0.07143 3.41880
vt 0.14286 3.41880
vt 0.21429 3.41880
vt 0.28571 3.41880
vt 0.35714 3.41880
vt 0.42857 3.41880
vt 0.50000 3.41880
vt 0.57143 3.41880
vt 0.64286 3.41880
vt 0.71429 3.41880
vt 0.78571 3.41880
vt 0.85714 3.41880
vt 0.92857 3.41880
vt 1.00000 3.41880
vt 1.07143 3.41880
vt 1.14286 3.41880
vt 1.21429 3.41880
vt 1.28571 3.41880
vt 1.35714 3.41880
vt 1.42857 3.41880
vt 1.50000 3.41880
vt 1.57143 3.41880
vt 1.64286 3.41880
vt 1.71429 3.41880
vt 1.78571 3.41880
vt 1.85714 3.41880
vt 1.92857 3.41880
vt 2.00000 3.41880
vt 0.00000 3.44994
vt 0.07143 3.44994
vt 0.14286 3.44994
vt 0.21429 3.44994
vt 0.28571 3.44994
vt 0.35714 3.44994
vt 0.42857 3.44994
vt 0.50000 3.44994
vt 0.57143 3.44994
vt 0.64286 3.44994
vt 0.71429 3.44994
vt 0.78571 3.44994
vt 0.85714 3.44994
vt 0.92857 3.44994
vt 1.00000 3.44994
vt 1.07143 3.44994
vt 1.14286 3.44994
vt 1.21429 3.44994
vt 1.28571 3.44994
vt 1.35714 3.44994
vt 1.42857 3.44994
vt 1.50000 3.44994
vt 1.57143 3.44994
vt 1.64286 3.44994
vt 1.71429 3.44994
vt 1.78571 3.44994
vt 1.85714 3.44994
vt 1.92857 3.44994
vt 2.00000 3.44994
vt 0.00000 3.48108
vt 0.07143 3.48108
vt 0.14286 3.48108
vt 0.21429 3.48108
vt 0.28571 3.48108
vt 0.35714 3.48108
vt 0.42857 3.48108
vt 0.50000 3.48108
vt 0.57143 3.48108
vt 0.64286 3.48108
vt 0.71429 3.48108
vt 0.78571 3.48108
vt 0.85714 3.48108
vt 0.92857 3.48108
vt 1.00000 3.48108
vt 1.07143 3.48108
vt 1.14286 3.48108
vt 1.21429 3.48108
vt 1.28571 3.48108
vt 1.35714 3.48108
vt 1.42857 3.48108
vt 1.50000 3.48108
vt 1.57143 3.48108
vt 1.64286 3.48108
vt 1.71429 3.48108
vt 1.78571 3.48108
vt 1.85714 3.48108
vt 1.92857 3.48108
vt 2.00000 3.48108
vt 0.00000 3.51222
vt 0.07143 3.51222
vt 0.14286 3.51222
vt 0.21429 3.51222
vt 0.28571 3.51222
vt 0.35714 3.51222
vt 0.42857 3.51222
vt 0.50000 3.51222
vt 0.57143 3.51222
vt 0.64286 3.51222
vt 0.71429 3.51222
vt 0.78571 3.51222
vt 0.85714 3.51222
vt 0.92857 3.51222
vt 1.00000 3.51222
vt 1.07143 3.51222
vt 1.14286 3.51222
vt 1.21429 3.51222
vt 1.28571 3.51222
vt 1.35714 3.51222
vt 1.42857 3.51222
vt 1.50000 3.51222
vt 1.57143 3.51222
vt 1.64286 3.51222
vt 1.71429 3.51222
vt 1.78571 3.51222
vt 1.85714 3.51222
vt 1.92857 3.51222
vt 2.00000 3.51222
vt 0.00000 3.54335
vt 0.07143 3.54335
vt 0.14286 3.54335
vt 0.21429 3.54335
vt 0.28571 3.54335
vt 0.35714 3.54335
vt 0.42857 3.54335
vt 0.50000 3.54335
vt 0.57143 3.54335
vt 0.64286 3.54335
vt 0.71429 3.54335
vt 0.78571 3.54335
vt 0.85714 3.54335
vt 0.92857 3.54335
vt 1.00000 3.54335
vt 1.07143 3.54335
vt 1.14286 3.54335
vt 1.21429 3.54335
vt 1.28571 3.54335
vt 1.35714 3.54335
vt 1.42857 3.54335
vt 1.50000 3.54335
vt 1.57143 3.54335
vt 1.64286 3.54335
vt 1.71429 3.54335
vt 1.78571 3.54335
vt 1.85714 3.54335
vt 1.92857 3.54335
vt 2.00000 3.54335
vt 0.00000 3.57449
vt 0.07143 3.57449
vt 0.14286 3.57449
vt 0.21429 3.57449
vt 0.28571 3.57449
vt 0.35714 3.57449
vt 0.42857 3.57449
vt 0.50000 3.57449
vt 0.57143 3.57449
vt 0.64286 3.57449
vt 0.71429 3.57449
vt 0.78571 3.57449
vt 0.85714 3.57449
vt 0.92857 3.57449
vt 1.00000 3.57449
vt 1.07143 3.57449
vt 1.14286 3.57449
vt 1.21429 3.57449
vt 1.28571 3.57449
vt 1.35714 3.57449
vt 1.42857 3.57449
vt 1.50000 3.57449
vt 1.57143 3.57449
vt 1.64286 3.57449
vt 1.71429 3.57449
vt 1.78571 3.57449
vt 1.85714 3.57449
vt 1.92857 3.57449
vt 2.00000 3.57449
vt 0.00000 3.60563
vt 0.07143 3.60563
vt 0.14286 3.60563
vt 0.21429 3.60563
vt 0.28571 3.60563
vt 0.35714 3.60563
vt 0.42857 3.60563
vt 0.50000 3.60563
vt 0.57143 3.60563
vt 0.64286 3.60563
vt 0.71429 3.60563
vt 0.78571 3.60563
vt 0.85714 3.60563
vt 0.92857 3.60563
vt 1.00000 3.60563
vt 1.07143 3.60563
vt 1.14286 3.60563
vt 1.21429 3.60563
vt 1.28571 3.60563
vt 1.35714 3.60563
vt 1.42857 3.60563
vt 1.50000 3.60563
vt 1.57143 3.60563
vt 1.64286 3.60563
vt 1.71429 3.60563
vt 1.78571 3.60563
vt 1.85714 3.60563
vt 1.92857 3.60563
vt 2.00000 3.60563
vt 0.00000 3.63676
vt 0.07143 3.63676
vt 0.14286 3.63676
vt 0.21429 3.63676
vt 0.28571 3.63676
vt 0.35714 3.63676
vt 0.42857 3.63676
vt 0.50000 3.63676
vt 0.57143 3.63676
vt 0.64286 3.63676
vt 0.71429 3.63676
vt 0.78571 3.63676
vt 0.85714 3.63676
vt 0.92857 3.63676
vt 1.00000 3.63676
vt 1.07143 3.63676
vt 1.14286 3.63676
vt 1.21429 3.63676
vt 1.28571 3.63676
vt 1.35714 3.63676
vt 1.42857 3.63676
vt 1.50000 3.63676
vt 1.57143 3.63676
vt 1.64286 3.63676
vt 1.71429 3.63676
vt 1.78571 3.63676
vt 1.85714 3.63676
vt 1.92857 3.63676
vt 2.00000 3.63676
vt 0.00000 3.66790
vt 0.07143 3.66790
vt 0.14286 3.66790
vt 0.21429 3.66790
vt 0.28571 3.66790
vt 0.35714 3.66790
vt 0.42857 3.66790
vt 0.50000 3.66790
vt 0.57143 3.66790
vt 0.64286 3.66790
vt 0.71429 3.66790
vt 0.78571 3.66790
vt 0.85714 3.66790
vt 0.92857 3.66790
vt 1.00000 3.66790
vt 1.07143 3.66790
vt 1.14286 3.66790
vt 1.21429 3.66790
vt 1.28571 3.66790
vt 1.35714 3.66790
vt 1.42857 3.66790
vt 1.50000 3.66790
vt 1.57143 3.66790
vt 1.64286 3.66790
vt 1.71429 3.66790
vt 1.78571 3.66790
vt 1.85714 3.66790
vt 1.92857 3.66790
vt 2.00000 3.66790
vt 0.00000 3.69904
vt 0.07143 3.69904
vt 0.14286 3.69904
vt 0.21429 3.69904
vt 0.28571 3.69904
vt 0.35714 3.69904
vt 0.42857 3.69904
vt 0.50000 3.69904
vt 0.57143 3.69904
vt 0.64286 3.69904
vt 0.71429 3.69904
vt 0.78571 3.69904
vt 0.85714 3.69904
vt 0.92857 3.69904
vt 1.00000 3.69904
vt 1.07143 3.69904
vt 1.14286 3.69904
vt 1.21429 3.69904
vt 1.28571 3.69904
vt 1.35714 3.69904
vt 1.42857 3.69904
vt 1.50000 3.69904
vt 1.57143 3.69904
vt 1.64286 3.69904
vt 1.71429 3.69904
vt 1.78571 3.69904
vt 1.85714 3.69904
vt 1.92857 3.69904
vt 2.00000 3.69904
vt 0.00000 3.73017
vt 0.07143 3.73017
vt 0.14286 3.73017
vt 0.21429 3.73017
vt 0.28571 3.73017
vt 0.35714 3.73017
vt 0.42857 3.73017
vt 0.50000 3.73017
vt 0.57143 3.73017
vt 0.64286 3.73017
vt 0.71429 3.73017
vt 0.78571 3.73017
vt 0.85714 3.73017
vt 0.92857 3.73017
vt 1.00000 3.73017
vt 1.07143 3.73017
vt 1.14286 3.73017
vt 1.21429 3.73017
vt 1.28571 3.73017
vt 1.35714 3.73017
vt 1.42857 3.73017
vt 1.50000 3.73017
vt 1.57143 3.73017
vt 1.64286 3.73017
vt 1.71429 3.73017
vt 1.78571 3.73017
vt 1.85714 3.73017
vt 1.92857 3.73017
vt 2.00000 3.73017
vt 0.00000 3.76131
vt 0.07143 3.76131
vt 0.14286 3.76131
vt 0.21429 3.76131
vt 0.28571 3.76131
vt 0.35714 3.76131
vt 0.42857 3.76131
vt 0.50000 3.76131
vt 0.57143 3.76131
vt 0.64286 3.76131
vt 0.71429 3.76131
vt 0.78571 3.76131
vt 0.85714 3.76131
vt 0.92857 3.76131
vt 1.00000 3.76131
vt 1.07143 3.76131
vt 1.14286 3.76131
vt 1.21429 3.76131
vt 1.28571 3.76131
vt 1.35714 3.76131
vt 1.42857 3.76131
vt 1.50000 3.76131
vt 1.57143 3.76131
vt 1.64286 3.76131
vt 1.71429 3.76131
vt 1.78571 3.76131
vt 1.85714 3.76131
vt 1.92857 3.76131
vt 2.00000 3.76131
vt 0.00000 3.79245
vt 0.07143 3.79245
vt 0.14286 3.79245
vt 0.21429 3.79245
vt 0.28571 3.79245
vt 0.35714 3.79245
vt 0.42857 3.79245
vt 0.50000 3.79245
vt 0.57143 3.79245
vt 0.64286 3.79245
vt 0.71429 3.79245
vt 0.78571 3.79245
vt 0.85714 3.79245
vt 0.92857 3.79245
vt 1.00000 3.79245
vt 1.07143 3.79245
vt 1.14286 3.79245
vt 1.21429 3.79245
vt 1.28571 3.79245
vt 1.35714 3.79245
vt 1.42857 3.79245
vt 1.50000 3.79245
vt 1.57143 3.79245
vt 1.64286 3.79245
vt 1.71429 3.79245
vt 1.78571 3.79245
vt 1.85714 3.79245
vt 1.92857 3.79245
vt 2.00000 3.79245
vt 0.00000 3.82358
vt 0.07143 3.82358
vt 0.14286 3.82358
vt 0.21429 3.82358
vt 0.28571 3.82358
vt 0.35714 3.82358
vt 0.42857 3.82358
vt 0.50000 3.82358
vt 0.57143 3.82358
vt 0.64286 3.82358
vt 0.71429 3.82358
vt 0.78571 3.82358
vt 0.85714 3.82358
vt 0.92857 3.82358
vt 1.00000 3.82358
vt 1.07143 3.82358
vt 1.14286 3.82358
vt 1.21429 3.82358
vt 1.28571 3.82358
vt 1.35714 3.82358
vt 1.42857 3.82358
vt 1.50000 3.82358
vt 1.57143 3.82358
vt 1.64286 3.82358
vt 1.71429 3.82358
vt 1.78571 3.82358
vt 1.85714 3.82358
vt 1.92857 3.82358
vt 2.00000 3.82358
vt 0.00000 3.85472
vt 0.07143 3.85472
vt 0.14286 3.85472
vt 0.21429 3.85472
vt 0.28571 3.85472
vt 0.35714 3.85472
vt 0.42857 3.85472
vt 0.50000 3.85472
vt 0.57143 3.85472
vt 0.64286 3.85472
vt 0.71429 3.85472
vt 0.78571 3.85472
vt 0.85714 3.85472
vt 0.92857 3.85472
vt 1.00000 3.85472
vt 1.07143 3.85472
vt 1.14286 3.85472
vt 1.21429 3.85472
vt 1.28571 3.85472
vt 1.35714 3.85472
vt 1.42857 3.85472
vt 1.50000 3.85472
vt 1.57143 3.85472
vt 1.64286 3.85472
vt 1.71429 3.85472
vt 1.78571 3.85472
vt 1.85714 3.85472
vt 1.92857 3.85472
vt 2.00000 3.85472
vt 0.00000 3.88586
vt 0.07143 3.88586
vt 0.14286 3.88586
vt 0.21429 3.88586
vt 0.28571 3.88586
vt 0.35714 3.88586
vt 0.42857 3.88586
vt 0.50000 3.88586
vt 0.57143 3.88586
vt 0.64286 3.88586
vt 0.71429 3.88586
vt 0.78571 3.88586
vt 0.85714 3.88586
vt 0.92857 3.88586
vt 1.00000 3.88586
vt 1.07143 3.88586
vt 1.14286 3.88586
vt 1.21429 3.88586
vt 1.28571 3.88586
vt 1.35714 3.88586
vt 1.42857 3.88586
vt 1.50000 3.88586
vt 1.57143 3.88586
vt 1.64286 3.88586
vt 1.71429 3.88586
vt 1.78571 3.88586
vt 1.85714 3.88586
vt 1.92857 3.88586
vt 2.00000 3.88586
vt 0.00000 3.91699
vt 0.07143 3.91699
vt 0.14286 3.91699
vt 0.21429 3.91699
vt 0.28571 3.91699
vt 0.35714 3.91699
vt 0.42857 3.91699
vt 0.50000 3.91699
vt 0.57143 3.91699
vt 0.64286 3.91699
vt 0.71429 3.91699
vt 0.78571 3.91699
vt 0.85714 3.91699
vt 0.92857 3.91699
vt 1.00000 3.91699
vt 1.07143 3.91699
vt 1.14286 3.91699
vt 1.21429 3.91699
vt 1.28571 3.91699
vt 1.35714 3.91699
vt 1.42857 3.91699
vt 1.50000 3.91699
vt 1.57143 3.91699
vt 1.64286 3.91699
vt 1.71429 3.91699
vt 1.78571 3.91699
vt 1.85714 3.91699
vt 1.92857 3.91699
vt 2.00000 3.91699
vt 0.00000 3.94813
vt 0.07143 3.94813
vt 0.14286 3.94813
vt 0.21429 3.94813
vt 0.28571 3.94813
vt 0.35714 3.94813
vt 0.42857 3.94813
vt 0.50000 3.94813
vt 0.57143 3.94813
vt 0.64286 3.94813
vt 0.71429 3.94813
vt 0.78571 3.94813
vt 0.85714 3.94813
vt 0.92857 3.94813
vt 1.00000 3.94813
vt 1.07143 3.94813
vt 1.14286 3.94813
vt 1.21429 3.94813
vt 1.28571 3.94813
vt 1.35714 3.94813
vt 1.42857 3.94813
vt 1.50000 3.94813
vt 1.57143 3.94813
vt 1.64286 3.94813
vt 1.71429 3.94813
vt 1.78571 3.94813
vt 1.85714 3.94813
vt 1.92857 3.94813
vt 2.00000 3.94813
vt 0.00000 3.97927
vt 0.07143 3.97927
vt 0.14286 3.97927
vt 0.21429 3.97927
vt 0.28571 3.97927
vt 0.35714 3.97927
vt 0.42857 3.97927
vt 0.50000 3.97927
vt 0.57143 3.97927
vt 0.64286 3.97927
vt 0.71429 3.97927
vt 0.78571 3.97927
vt 0.85714 3.97927
vt 0.92857 3.97927
vt 1.00000 3.97927
vt 1.07143 3.97927
vt 1.14286 3.97927
vt 1.21429 3.97927
vt 1.28571 3.97927
vt 1.35714 3.97927
vt 1.42857 3.97927
vt 1.50000 3.97927
vt 1.57143 3.97927
vt 1.64286 3.97927
vt 1.71429 3.97927
vt 1.78571 3.97927
vt 1.85714 3.97927
vt 1.92857 3.97927
vt 2.00000 3.97927
vt 0.00000 4.01040
vt 0.07143 4.01040
vt 0.14286 4.01040
vt 0.21429 4.01040
vt 0.28571 4.01040
vt 0.35714 4.01040
vt 0.42857 4.01040
vt 0.50000 4.01040
vt 0.57143 4.01040
vt 0.64286 4.01040
vt 0.71429 4.01040
vt 0.78571 4.01040
vt 0.85714 4.01040
vt 0.92857 4.01040
vt 1.00000 4.01040
vt 1.07143 4.01040
vt 1.14286 4.01040
vt 1.21429 4.01040
vt 1.28571 4.01040
vt 1.35714 4.01040
vt 1.42857 4.01040
vt 1.50000 4.01040
vt 1.57143 4.01040
vt 1.64286 4.01040
vt 1.71429 4.01040
vt 1.78571 4.01040
vt 1.85714 4.01040
vt 1.92857 4.01040
vt 2.00000 4.01040
vn -0.01972 0.99929 0.03196
vn -0.12236 0.95906 0.25541
vn -0.24424 0.83436 0.49416
vn -0.29471 0.66659 0.68469
vn -0.26337 0.48637 0.83311
vn -0.16744 0.30238 0.93837
vn -0.04850 0.11943 0.99166
vn -0.01508 -0.02385 0.99960
vn -0.10261 -0.17593 0.97904
vn -0.21792 -0.36217 0.90628
vn -0.28602 -0.54583 0.78756
vn -0.27945 -0.72611 0.62824
vn -0.19236 -0.88552 0.42290
vn -0.05852 -0.98275 0.17541
vn 0.00000 -0.99883 -0.04835
vn 0.00000 -0.95065 -0.31027
vn 0.00000 -0.84088 -0.54122
vn 0.00000 -0.69036 -0.72346
vn 0.00000 -0.51830 -0.85520
vn 0.00000 -0.33726 -0.94141
vn 0.00000 -0.15346 -0.98815
vn 0.00000 0.03084 -0.99952
vn 0.00000 0.21507 -0.97660
vn 0.00000 0.39834 -0.91724
vn 0.00000 0.57734 -0.81650
vn 0.00000 0.74396 -0.66823
vn 0.00000 0.88323 -0.46894
vn 0.00000 0.97452 -0.22430
vn -0.01972 0.99929 0.03196
vn -0.03205 0.99948 -0.00459
vn -0.06148 0.97111 0.23059
vn -0.12726 0.86927 0.47767
vn -0.16835 0.71418 0.67941
vn -0.16875 0.53313 0.82904
vn -0.13183 0.34524 0.92921
vn -0.07343 0.15937 0.98448
vn -0.02766 -0.00102 0.99962
vn -0.04644 -0.15810 0.98633
vn -0.10884 -0.34571 0.93201
vn -0.16012 -0.53337 0.83059
vn -0.17868 -0.71238 0.67867
vn -0.15439 -0.86555 0.47643
vn -0.09470 -0.96805 0.23218
vn -0.04052 -0.99916 -0.00593
vn -0.03061 -0.96309 -0.26743
vn -0.02859 -0.86242 -0.50539
vn -0.02603 -0.71738 -0.69619
vn -0.02354 -0.54795 -0.83618
vn -0.02157 -0.36789 -0.92962
vn -0.02037 -0.18433 -0.98265
vn -0.02006 -0.00006 -0.99980
vn -0.02066 0.18421 -0.98267
vn -0.02210 0.36775 -0.92966
vn -0.02423 0.54781 -0.83625
vn -0.02674 0.71724 -0.69631
vn -0.02918 0.86230 -0.50556
vn -0.03095 0.96302 -0.26765
vn -0.03205 0.99948 -0.00459
vn -0.10085 0.99489 -0.00480
vn -0.09761 0.96687 0.23587
vn -0.09185 0.87097 0.48268
vn -0.08296 0.72145 0.68748
vn -0.07347 0.54105 0.83778
vn -0.06547 0.35094 0.93411
vn -0.06042 0.16306 0.98476
vn -0.05851 0.00015 0.99829
vn -0.06041 -0.16269 0.98483
vn -0.06639 -0.35051 0.93420
vn -0.07484 -0.54056 0.83797
vn -0.08454 -0.72094 0.68782
vn -0.09339 -0.87051 0.48320
vn -0.09945 -0.96653 0.23651
vn -0.09955 -0.99502 -0.00410
vn -0.09726 -0.95914 -0.26570
vn -0.09015 -0.85969 -0.50281
vn -0.08095 -0.71590 -0.69350
vn -0.07185 -0.54737 -0.83380
vn -0.06450 -0.36779 -0.92767
vn -0.05990 -0.18442 -0.98102
vn -0.05853 -0.00018 -0.99829
vn -0.06051 0.18404 -0.98105
vn -0.06562 0.36737 -0.92776
vn -0.07330 0.54691 -0.83398
vn -0.08245 0.71541 -0.69382
vn -0.09140 0.85925 -0.50332
vn -0.09798 0.95887 -0.26638
vn -0.10085 0.99489 -0.00480
vn -0.10571 0.99439 -0.00480
vn -0.10316 0.96654 0.23487
vn -0.09210 0.87173 0.48125
vn -0.07684 0.72312 0.68644
vn -0.06089 0.54295 0.83756
vn -0.04754 0.35244 0.93463
vn -0.03856 0.16380 0.98574
vn -0.03660 0.00009 0.99933
vn -0.04052 -0.16352 0.98571
vn -0.04918 -0.35210 0.93467
vn -0.06265 -0.54252 0.83770
vn -0.07849 -0.72264 0.68676
vn -0.09324 -0.87132 0.48178
vn -0.10296 -0.96639 0.23557
vn -0.10680 -0.99427 -0.00406
vn -0.10163 -0.95899 -0.26461
vn -0.09007 -0.86054 -0.50136
vn -0.07488 -0.71756 -0.69246
vn -0.05963 -0.54926 -0.83352
vn -0.04711 -0.36932 -0.92811
vn -0.03913 -0.18523 -0.98192
vn -0.03663 -0.00011 -0.99933
vn -0.03984 0.18498 -0.98193
vn -0.04841 0.36901 -0.92816
vn -0.06130 0.54886 -0.83366
vn -0.07662 0.71710 -0.69275
vn -0.09152 0.86009 -0.50187
vn -0.10245 0.95870 -0.26533
vn -0.10571 0.99439 -0.00480
vn 0.06414 0.99793 -0.00421
vn 0.06444 0.96992 0.23473
vn 0.07833 0.87384 0.47985
vn 0.09457 0.72392 0.68337
vn 0.11026 0.54274 0.83263
vn 0.12269 0.35176 0.92802
vn 0.13126 0.16309 0.97784
vn 0.13116 -0.00035 0.99136
vn 0.12661 -0.16393 0.97831
vn 0.12026 -0.35259 0.92802
vn 0.10826 -0.54349 0.83240
vn 0.09314 -0.72449 0.68296
vn 0.07808 -0.87415 0.47933
vn 0.06792 -0.96982 0.23416
vn 0.05937 -0.99823 -0.00463
vn 0.06627 -0.96215 -0.26432
vn 0.07753 -0.86263 -0.49986
vn 0.09250 -0.71845 -0.68940
vn 0.10773 -0.54917 -0.82874
vn 0.12038 -0.36871 -0.92172
vn 0.12853 -0.18453 -0.97439
vn 0.13111 0.00041 -0.99137
vn 0.12783 0.18535 -0.97432
vn 0.11908 0.36949 -0.92157
vn 0.10605 0.54987 -0.82849
vn 0.09074 0.71901 -0.68905
vn 0.07606 0.86300 -0.49944
vn 0.06543 0.96234 -0.26387
vn 0.06414 0.99793 -0.00421
vn 0.36995 0.92905 -0.00285
vn 0.36913 0.90352 0.21772
vn 0.37949 0.81222 0.44305
vn 0.38852 0.67232 0.63011
vn 0.39534 0.50411 0.76784
vn 0.39950 0.32678 0.85651
vn 0.40216 0.15120 0.90300
vn 0.39969 -0.00103 0.91665
vn 0.39751 -0.15387 0.90460
vn 0.39755 -0.32946 0.85639
vn 0.39403 -0.50665 0.76684
vn 0.38786 -0.67441 0.62828
vn 0.37997 -0.81336 0.44052
vn 0.37353 -0.90243 0.21470
vn 0.36443 -0.93122 -0.00531
vn 0.36914 -0.89647 -0.24510
vn 0.37396 -0.80384 -0.46260
vn 0.38067 -0.66957 -0.63779
vn 0.38787 -0.51173 -0.76661
vn 0.39414 -0.34333 -0.85251
vn 0.39831 -0.17141 -0.90109
vn 0.39965 0.00123 -0.91667
vn 0.39791 0.17387 -0.90080
vn 0.39339 0.34577 -0.85187
vn 0.38689 0.51407 -0.76554
vn 0.37964 0.67165 -0.63621
vn 0.37310 0.80544 -0.46049
vn 0.36865 0.89736 -0.24258
vn 0.36995 0.92905 -0.00285
vn 0.57374 0.81903 -0.00173
vn 0.57483 0.79579 0.19051
vn 0.58008 0.71648 0.38752
vn 0.58298 0.59529 0.55295
vn 0.58335 0.44855 0.67713
vn 0.58186 0.29206 0.75904
vn 0.57997 0.13538 0.80331
vn 0.57764 -0.00143 0.81629
vn 0.57830 -0.13883 0.80393
vn 0.58133 -0.29551 0.75811
vn 0.58310 -0.45180 0.67519
vn 0.58296 -0.59799 0.55007
vn 0.58041 -0.71816 0.38388
vn 0.57656 -0.79550 0.18642
vn 0.57161 -0.82050 -0.00538
vn 0.57274 -0.79109 -0.21479
vn 0.57295 -0.71188 -0.40615
vn 0.57362 -0.59566 -0.56227
vn 0.57479 -0.45717 -0.67868
vn 0.57615 -0.30760 -0.75725
vn 0.57722 -0.15361 -0.80201
vn 0.57760 0.00171 -0.81632
vn 0.57716 0.15699 -0.80140
vn 0.57603 0.31087 -0.75601
vn 0.57464 0.46020 -0.67676
vn 0.57347 0.59828 -0.55963
vn 0.57283 0.71384 -0.40285
vn 0.57268 0.79216 -0.21100
vn 0.57374 0.81903 -0.00173
vn 0.58143 0.81359 -0.00175
vn 0.58581 0.78862 0.18681
vn 0.58944 0.71221 0.38121
vn 0.59157 0.59357 0.54563
vn 0.59126 0.44862 0.67019
vn 0.58910 0.29285 0.75313
vn 0.58590 0.13609 0.79888
vn 0.58506 -0.00138 0.81099
vn 0.58749 -0.13902 0.79720
vn 0.58987 -0.29583 0.75135
vn 0.59183 -0.45140 0.66782
vn 0.59188 -0.59596 0.54269
vn 0.58933 -0.71408 0.37786
vn 0.58446 -0.79043 0.18339
vn 0.58307 -0.81241 -0.00523
vn 0.58208 -0.78528 -0.21098
vn 0.58191 -0.70817 -0.39984
vn 0.58211 -0.59418 -0.55506
vn 0.58281 -0.45725 -0.67176
vn 0.58378 -0.30833 -0.75109
vn 0.58463 -0.15420 -0.79651
vn 0.58503 0.00164 -0.81101
vn 0.58481 0.15741 -0.79575
vn 0.58411 0.31134 -0.74959
vn 0.58324 0.45993 -0.66956
vn 0.58256 0.59638 -0.55223
vn 0.58229 0.70974 -0.39651
vn 0.58229 0.78610 -0.20730
vn 0.58143 0.81359 -0.00175
vn 0.37238 0.92807 -0.00288
vn 0.38147 0.90010 0.21047
vn 0.38621 0.81520 0.43162
vn 0.39211 0.68047 0.61904
vn 0.39625 0.51441 0.76050
vn 0.39797 0.33566 0.85378
vn 0.39650 0.15618 0.90465
vn 0.39865 -0.00090 0.91710
vn 0.40200 -0.15781 0.90194
vn 0.40038 -0.33734 0.85199
vn 0.39791 -0.51595 0.75860
vn 0.39297 -0.68182 0.61701
vn 0.38571 -0.81651 0.42959
vn 0.37655 -0.90259 0.20866
vn 0.37849 -0.92559 -0.00501
vn 0.37631 -0.89551 -0.23760
vn 0.37931 -0.80778 -0.45124
vn 0.38387 -0.67799 -0.62688
vn 0.38906 -0.52201 -0.75904
vn 0.39382 -0.35231 -0.84899
vn 0.39722 -0.17662 -0.90057
vn 0.39861 0.00107 -0.91712
vn 0.39775 0.17869 -0.89993
vn 0.39479 0.35416 -0.84777
vn 0.39031 0.52353 -0.75735
vn 0.38517 0.67912 -0.62486
vn 0.38039 0.80851 -0.44902
vn 0.37692 0.89586 -0.23529
vn 0.37238 0.92807 -0.00288
vn 0.17270 0.98497 -0.00369
vn 0.17580 0.95902 0.22221
vn 0.18258 0.87036 0.45731
vn 0.19067 0.72854 0.65793
vn 0.19797 0.55196 0.81003
vn 0.20319 0.36067 0.91029
vn 0.20579 0.16802 0.96406
vn 0.20680 -0.00046 0.97838
vn 0.20686 -0.16900 0.96366
vn 0.20427 -0.36161 0.90968
vn 0.19919 -0.55276 0.80918
vn 0.19186 -0.72913 0.65693
vn 0.18348 -0.87073 0.45625
vn 0.17604 -0.95921 0.22117
vn 0.17304 -0.98490 -0.00465
vn 0.17445 -0.95228 -0.25046
vn 0.17929 -0.86040 -0.47703
vn 0.18624 -0.72379 -0.66441
vn 0.19377 -0.55866 -0.80644
vn 0.20040 -0.37797 -0.90387
vn 0.20498 -0.19003 -0.96014
vn 0.20677 0.00055 -0.97839
vn 0.20548 0.19108 -0.95983
vn 0.20133 0.37890 -0.90327
vn 0.19496 0.55941 -0.80564
vn 0.18747 0.72434 -0.66347
vn 0.18031 0.86075 -0.47602
vn 0.17502 0.95245 -0.24942
vn 0.17270 0.98497 -0.00369
vn 0.24786 0.96879 -0.00342
vn 0.24676 0.94420 0.21814
vn 0.25036 0.85767 0.44913
vn 0.25240 0.71925 0.64728
vn 0.25293 0.54611 0.79862
vn 0.25230 0.35751 0.89918
vn 0.25161 0.16668 0.95337
vn 0.24994 -0.00054 0.96826
vn 0.25020 -0.16798 0.95351
vn 0.25265 -0.35873 0.89860
vn 0.25394 -0.54714 0.79759
vn 0.25379 -0.71997 0.64594
vn 0.25202 -0.85798 0.44761
vn 0.24980 -0.94377 0.21657
vn 0.24505 -0.96950 -0.00476
vn 0.24627 -0.93750 -0.24584
vn 0.24634 -0.84830 -0.46873
vn 0.24680 -0.71504 -0.65407
vn 0.24761 -0.55304 -0.79551
vn 0.24858 -0.37480 -0.89316
vn 0.24943 -0.18861 -0.94985
vn 0.24992 0.00065 -0.96827
vn 0.24993 0.18986 -0.94947
vn 0.24949 0.37593 -0.89243
vn 0.24878 0.55398 -0.79449
vn 0.24801 0.71574 -0.65284
vn 0.24734 0.84876 -0.46736
vn 0.24684 0.93773 -0.24440
vn 0.24786 0.96879 -0.00342
vn 0.32768 0.94478 -0.00310
vn 0.32879 0.92022 0.21235
vn 0.32939 0.83675 0.43743
vn 0.32752 0.70289 0.63141
vn 0.32348 0.53478 0.78062
vn 0.31853 0.35075 0.88064
vn 0.31415 0.16371 0.93515
vn 0.31209 -0.00066 0.95005
vn 0.31404 -0.16524 0.93492
vn 0.31850 -0.35231 0.88002
vn 0.32348 -0.53626 0.77961
vn 0.32752 -0.70414 0.63001
vn 0.32941 -0.83763 0.43574
vn 0.32889 -0.92060 0.21054
vn 0.32754 -0.94483 -0.00485
vn 0.32661 -0.91432 -0.23946
vn 0.32396 -0.82840 -0.45695
vn 0.32049 -0.69953 -0.63870
vn 0.31708 -0.54204 -0.77823
vn 0.31437 -0.36789 -0.87512
vn 0.31266 -0.18525 -0.93163
vn 0.31208 0.00079 -0.95006
vn 0.31265 0.18682 -0.93131
vn 0.31436 0.36940 -0.87449
vn 0.31708 0.54343 -0.77727
vn 0.32048 0.70072 -0.63741
vn 0.32396 0.82929 -0.45535
vn 0.32661 0.91480 -0.23764
vn 0.32768 0.94478 -0.00310
vn 0.21420 0.97678 -0.00354
vn 0.21973 0.95076 0.21859
vn 0.22064 0.86491 0.45084
vn 0.22147 0.72634 0.65068
vn 0.22095 0.55223 0.80388
vn 0.21926 0.36192 0.90606
vn 0.21635 0.16896 0.96159
vn 0.21695 -0.00045 0.97618
vn 0.21948 -0.16987 0.96072
vn 0.21998 -0.36291 0.90548
vn 0.22093 -0.55322 0.80321
vn 0.22088 -0.72726 0.64984
vn 0.21934 -0.86575 0.44986
vn 0.21583 -0.95187 0.21761
vn 0.21838 -0.97585 -0.00466
vn 0.21631 -0.94468 -0.24654
vn 0.21626 -0.85547 -0.47053
vn 0.21628 -0.72189 -0.65734
vn 0.21644 -0.55900 -0.80042
vn 0.21669 -0.37925 -0.89957
vn 0.21689 -0.19103 -0.95732
vn 0.21693 0.00054 -0.97619
vn 0.21677 0.19211 -0.95714
vn 0.21646 0.38028 -0.89918
vn 0.21615 0.55996 -0.79983
vn 0.21598 0.72272 -0.65653
vn 0.21601 0.85610 -0.46951
vn 0.21617 0.94502 -0.24537
vn 0.21420 0.97678 -0.00354
vn 0.02163 0.99976 -0.00413
vn 0.02573 0.97448 0.22297
vn 0.02983 0.88706 0.46069
vn 0.03614 0.74547 0.66556
vn 0.04258 0.56701 0.82261
vn 0.04771 0.37169 0.92713
vn 0.05033 0.17364 0.98352
vn 0.05223 -0.00011 0.99864
vn 0.05214 -0.17385 0.98339
vn 0.04812 -0.37191 0.92702
vn 0.04256 -0.56719 0.82248
vn 0.03579 -0.74561 0.66542
vn 0.02907 -0.88716 0.46055
vn 0.02346 -0.97457 0.22284
vn 0.02406 -0.99970 -0.00425
vn 0.02453 -0.96758 -0.25136
vn 0.02903 -0.87656 -0.48041
vn 0.03521 -0.74004 -0.67164
vn 0.04171 -0.57335 -0.81825
vn 0.04726 -0.38921 -0.91993
vn 0.05095 -0.19629 -0.97922
vn 0.05221 0.00013 -0.99864
vn 0.05087 0.19654 -0.97917
vn 0.04712 0.38944 -0.91985
vn 0.04153 0.57353 -0.81813
vn 0.03503 0.74017 -0.67151
vn 0.02888 0.87664 -0.48028
vn 0.02445 0.96762 -0.25123
vn 0.02163 0.99976 -0.00413
vn 0.09094 0.99585 -0.00393
vn 0.08838 0.97108 0.22181
vn 0.09453 0.88387 0.45808
vn 0.10054 0.74289 0.66182
vn 0.10602 0.56516 0.81814
vn 0.11019 0.37051 0.92227
vn 0.11356 0.17302 0.97835
vn 0.11212 -0.00023 0.99369
vn 0.10977 -0.17361 0.97868
vn 0.10904 -0.37108 0.92218
vn 0.10561 -0.56565 0.81786
vn 0.10077 -0.74325 0.66139
vn 0.09563 -0.88402 0.45755
vn 0.09257 -0.97082 0.22124
vn 0.08623 -0.99627 -0.00439
vn 0.08990 -0.96406 -0.25000
vn 0.09342 -0.87352 -0.47773
vn 0.09833 -0.73764 -0.66799
vn 0.10354 -0.57160 -0.81397
vn 0.10804 -0.38806 -0.91528
vn 0.11106 -0.19567 -0.97436
vn 0.11210 0.00028 -0.99370
vn 0.11102 0.19621 -0.97426
vn 0.10797 0.38857 -0.91507
vn 0.10345 0.57205 -0.81367
vn 0.09824 0.73800 -0.66761
vn 0.09335 0.87377 -0.47729
vn 0.08986 0.96419 -0.24952
vn 0.09094 0.99585 -0.00393
vn 0.37909 0.92536 -0.00291
vn 0.37607 0.90327 0.20658
vn 0.37953 0.82151 0.42553
vn 0.37959 0.69108 0.61507
vn 0.37719 0.52672 0.76177
vn 0.37351 0.34597 0.86070
vn 0.37093 0.16153 0.91450
vn 0.36692 -0.00074 0.93025
vn 0.36684 -0.16351 0.91580
vn 0.37234 -0.34787 0.86043
vn 0.37685 -0.52843 0.76075
vn 0.37992 -0.69235 0.61344
vn 0.38076 -0.82202 0.42345
vn 0.38056 -0.90193 0.20420
vn 0.37404 -0.92740 -0.00481
vn 0.37592 -0.89694 -0.23279
vn 0.37418 -0.81376 -0.44474
vn 0.37195 -0.68838 -0.62272
vn 0.36984 -0.53433 -0.76007
vn 0.36822 -0.36313 -0.85589
vn 0.36724 -0.18297 -0.91195
vn 0.36691 0.00089 -0.93026
vn 0.36723 0.18472 -0.91160
vn 0.36821 0.36481 -0.85518
vn 0.36983 0.53586 -0.75900
vn 0.37194 0.68968 -0.62129
vn 0.37417 0.81471 -0.44299
vn 0.37591 0.89745 -0.23082
vn 0.37909 0.92536 -0.00291
vn 0.47526 0.87984 -0.00250
vn 0.47785 0.85638 0.19563
vn 0.47843 0.78003 0.40331
vn 0.47630 0.65738 0.58394
vn 0.47143 0.50223 0.72493
vn 0.46521 0.33065 0.82113
vn 0.45931 0.15467 0.87470
vn 0.45719 -0.00090 0.88937
vn 0.46024 -0.15665 0.87386
vn 0.46554 -0.33269 0.82012
vn 0.47158 -0.50416 0.72349
vn 0.47629 -0.65905 0.58206
vn 0.47819 -0.78130 0.40112
vn 0.47690 -0.85743 0.19334
vn 0.47629 -0.87927 -0.00481
vn 0.47461 -0.85204 -0.22086
vn 0.47150 -0.77416 -0.42232
vn 0.46739 -0.65619 -0.59242
vn 0.46330 -0.51034 -0.72450
vn 0.45999 -0.34734 -0.81717
vn 0.45789 -0.17509 -0.87160
vn 0.45718 0.00108 -0.88937
vn 0.45791 0.17721 -0.87116
vn 0.46004 0.34937 -0.81628
vn 0.46337 0.51218 -0.72316
vn 0.46747 0.65774 -0.59064
vn 0.47156 0.77530 -0.42016
vn 0.47464 0.85264 -0.21843
vn 0.47526 0.87984 -0.00250
vn 0.24324 0.96996 -0.00343
vn 0.25225 0.94363 0.21430
vn 0.25278 0.86021 0.44287
vn 0.25416 0.72433 0.64089
vn 0.25414 0.55224 0.79400
vn 0.25263 0.36276 0.89699
vn 0.24890 0.16962 0.95356
vn 0.25100 -0.00048 0.96799
vn 0.25509 -0.17043 0.95178
vn 0.25452 -0.36369 0.89607
vn 0.25479 -0.55319 0.79314
vn 0.25378 -0.72527 0.63998
vn 0.25098 -0.86123 0.44192
vn 0.24549 -0.94561 0.21346
vn 0.25082 -0.96802 -0.00460
vn 0.24715 -0.93830 -0.24188
vn 0.24753 -0.85136 -0.46250
vn 0.24822 -0.72026 -0.64778
vn 0.24911 -0.55914 -0.79076
vn 0.25002 -0.38011 -0.89051
vn 0.25071 -0.19169 -0.94889
vn 0.25098 0.00058 -0.96799
vn 0.25077 0.19283 -0.94865
vn 0.25013 0.38117 -0.89002
vn 0.24925 0.56010 -0.79004
vn 0.24836 0.72105 -0.64684
vn 0.24766 0.85193 -0.46139
vn 0.24722 0.93860 -0.24064
vn 0.24324 0.96996 -0.00343
vn -0.09516 0.99545 -0.00434
vn -0.09024 0.97148 0.21926
vn -0.08640 0.88657 0.45446
vn -0.07883 0.74788 0.65914
vn -0.07008 0.57109 0.81789
vn -0.06231 0.37560 0.92468
vn -0.05780 0.17590 0.98271
vn -0.05422 0.00010 0.99853
vn -0.05455 -0.17567 0.98294
vn -0.06118 -0.37535 0.92486
vn -0.06953 -0.57083 0.81812
vn -0.07878 -0.74762 0.65944
vn -0.08710 -0.88632 0.45482
vn -0.09348 -0.97109 0.21963
vn -0.09142 -0.99580 -0.00390
vn -0.09117 -0.96466 -0.24722
vn -0.08527 -0.87634 -0.47408
vn -0.07708 -0.74258 -0.66531
vn -0.06843 -0.57745 -0.81355
vn -0.06100 -0.39324 -0.91741
vn -0.05602 -0.19883 -0.97843
vn -0.05424 -0.00012 -0.99853
vn -0.05590 0.19858 -0.97849
vn -0.06077 0.39299 -0.91753
vn -0.06813 0.57720 -0.81376
vn -0.07677 0.74234 -0.66561
vn -0.08502 0.87616 -0.47446
vn -0.09103 0.96456 -0.24767
vn -0.09516 0.99545 -0.00434
vn -0.01400 0.99989 -0.00417
vn -0.01904 0.97533 0.21992
vn -0.01318 0.89007 0.45563
vn -0.00717 0.75068 0.66063
vn -0.00090 0.57307 0.81951
vn 0.00464 0.37678 0.92629
vn 0.00979 0.17636 0.98428
vn 0.00833 -0.00002 0.99997
vn 0.00474 -0.17639 0.98431
vn 0.00339 -0.37679 0.92629
vn -0.00100 -0.57306 0.81951
vn -0.00638 -0.75066 0.66066
vn -0.01126 -0.89007 0.45569
vn -0.01301 -0.97541 0.22001
vn -0.02053 -0.99978 -0.00409
vn -0.01592 -0.96863 -0.24798
vn -0.01211 -0.87976 -0.47526
vn -0.00678 -0.74527 -0.66673
vn -0.00111 -0.57939 -0.81505
vn 0.00380 -0.39445 -0.91891
vn 0.00710 -0.19935 -0.97990
vn 0.00831 0.00002 -0.99997
vn 0.00725 0.19938 -0.97990
vn 0.00406 0.39447 -0.91890
vn -0.00077 0.57938 -0.81505
vn -0.00643 0.74525 -0.66675
vn -0.01182 0.87974 -0.47531
vn -0.01576 0.96862 -0.24806
vn -0.01400 0.99989 -0.00417
vn 0.35107 0.93634 -0.00305
vn 0.34661 0.91490 0.20691
vn 0.34874 0.83410 0.42739
vn 0.34689 0.70394 0.61979
vn 0.34257 0.53822 0.77004
vn 0.33735 0.35441 0.87212
vn 0.33402 0.16576 0.92788
vn 0.32944 -0.00063 0.94418
vn 0.32944 -0.16748 0.92920
vn 0.33627 -0.35601 0.87188
vn 0.34253 -0.53961 0.76909
vn 0.34763 -0.70488 0.61829
vn 0.35047 -0.83433 0.42552
vn 0.35199 -0.91333 0.20480
vn 0.34523 -0.93851 -0.00468
vn 0.34696 -0.90843 -0.23318
vn 0.34387 -0.82602 -0.44659
vn 0.33977 -0.70084 -0.62720
vn 0.33565 -0.54565 -0.76786
vn 0.33227 -0.37180 -0.86681
vn 0.33012 -0.18772 -0.92509
vn 0.32943 0.00075 -0.94418
vn 0.33027 0.18918 -0.92473
vn 0.33254 0.37317 -0.86612
vn 0.33599 0.54687 -0.76684
vn 0.34013 0.70184 -0.62589
vn 0.34416 0.82674 -0.44504
vn 0.34712 0.90881 -0.23147
vn 0.35107 0.93634 -0.00305
vn 0.40390 0.91480 -0.00285
vn 0.40785 0.89057 0.20136
vn 0.40578 0.81350 0.41660
vn 0.40109 0.68772 0.60512
vn 0.39375 0.52684 0.75326
vn 0.38551 0.34755 0.85474
vn 0.37781 0.16288 0.91144
vn 0.37647 -0.00070 0.92643
vn 0.38093 -0.16426 0.90989
vn 0.38669 -0.34901 0.85362
vn 0.39442 -0.52822 0.75194
vn 0.40127 -0.68896 0.60358
vn 0.40525 -0.81463 0.41492
vn 0.40499 -0.89224 0.19974
vn 0.40725 -0.91330 -0.00468
vn 0.40380 -0.88614 -0.22739
vn 0.39916 -0.80666 -0.43586
vn 0.39290 -0.68545 -0.61302
vn 0.38646 -0.53449 -0.75164
vn 0.38109 -0.36463 -0.84959
vn 0.37761 -0.18421 -0.90746
vn 0.37647 0.00083 -0.92643
vn 0.37779 0.18584 -0.90705
vn 0.38142 0.36616 -0.84879
vn 0.38688 0.53584 -0.75047
vn 0.39332 0.68655 -0.61151
vn 0.39951 0.80744 -0.43409
vn 0.40400 0.88655 -0.22544
vn 0.40390 0.91480 -0.00285
vn -0.02499 0.99968 -0.00416
vn -0.01389 0.97555 0.21934
vn -0.01713 0.89054 0.45458
vn -0.01725 0.75152 0.65949
vn -0.01688 0.57409 0.81862
vn -0.01674 0.37767 0.92579
vn -0.01928 0.17685 0.98405
vn -0.01417 0.00003 0.99990
vn -0.00962 -0.17682 0.98420
vn -0.01373 -0.37762 0.92586
vn -0.01576 -0.57404 0.81868
vn -0.01772 -0.75145 0.65955
vn -0.01979 -0.89046 0.45464
vn -0.02420 -0.97534 0.21939
vn -0.01336 -0.99990 -0.00407
vn -0.01897 -0.96875 -0.24731
vn -0.01826 -0.88024 -0.47418
vn -0.01724 -0.74612 -0.66559
vn -0.01612 -0.58041 -0.81416
vn -0.01514 -0.39538 -0.91839
vn -0.01446 -0.19991 -0.97971
vn -0.01417 -0.00003 -0.99990
vn -0.01431 0.19985 -0.97972
vn -0.01488 0.39532 -0.91842
vn -0.01579 0.58036 -0.81421
vn -0.01690 0.74607 -0.66566
vn -0.01798 0.88020 -0.47426
vn -0.01881 0.96873 -0.24740
vn -0.02499 0.99968 -0.00416
vn -0.41778 0.90854 -0.00469
vn -0.41571 0.88756 0.19856
vn -0.41449 0.81102 0.41285
vn -0.40869 0.68665 0.60124
vn -0.39988 0.52705 0.74988
vn -0.39044 0.34856 0.85209
vn -0.38337 0.16417 0.90889
vn -0.37891 0.00070 0.92543
vn -0.38103 -0.16271 0.91013
vn -0.38971 -0.34702 0.85306
vn -0.39961 -0.52554 0.75108
vn -0.40880 -0.68528 0.60272
vn -0.41512 -0.80983 0.41455
vn -0.41810 -0.88605 0.20027
vn -0.41511 -0.90976 -0.00280
vn -0.41434 -0.88208 -0.22416
vn -0.40856 -0.80402 -0.43201
vn -0.40061 -0.68435 -0.60923
vn -0.39230 -0.53469 -0.74847
vn -0.38523 -0.36570 -0.84727
vn -0.38055 -0.18571 -0.90592
vn -0.37891 -0.00084 -0.92543
vn -0.38052 0.18405 -0.90627
vn -0.38518 0.36410 -0.84798
vn -0.39223 0.53323 -0.74955
vn -0.40054 0.68312 -0.61067
vn -0.40850 0.80310 -0.43377
vn -0.41430 0.88160 -0.22615
vn -0.41778 0.90854 -0.00469
vn -0.28842 0.95749 -0.00462
vn -0.29630 0.93198 0.20884
vn -0.29213 0.85215 0.43417
vn -0.28672 0.72054 0.63136
vn -0.27926 0.55189 0.78577
vn -0.27119 0.36415 0.89098
vn -0.26286 0.17123 0.94952
vn -0.26365 0.00050 0.96462
vn -0.26941 -0.16975 0.94795
vn -0.27304 -0.36277 0.89098
vn -0.27976 -0.55068 0.78644
vn -0.28613 -0.71972 0.63256
vn -0.29011 -0.85203 0.43576
vn -0.28917 -0.93380 0.21072
vn -0.29634 -0.95508 -0.00326
vn -0.29075 -0.92724 -0.23599
vn -0.28628 -0.84387 -0.45380
vn -0.28016 -0.71679 -0.63853
vn -0.27380 -0.55883 -0.78278
vn -0.26843 -0.38147 -0.88455
vn -0.26489 -0.19337 -0.94469
vn -0.26365 -0.00060 -0.96462
vn -0.26487 0.19219 -0.94494
vn -0.26840 0.38034 -0.88504
vn -0.27377 0.55778 -0.78354
vn -0.28012 0.71590 -0.63955
vn -0.28624 0.84321 -0.45505
vn -0.29073 0.92688 -0.23741
vn -0.28842 0.95749 -0.00462
vn -0.04721 0.99795 -0.04330
vn -0.04728 0.98254 0.17993
vn -0.04708 0.90781 0.41672
vn -0.04634 0.77721 0.62753
vn -0.04518 0.60507 0.79489
vn -0.04389 0.41075 0.91069
vn -0.04280 0.20978 0.97681
vn -0.04224 0.02817 0.99871
vn -0.04252 -0.14467 0.98857
vn -0.04348 -0.34407 0.93794
vn -0.04475 -0.54163 0.83943
vn -0.04599 -0.72331 0.68899
vn -0.04690 -0.86991 0.49098
vn -0.04728 -0.96465 0.25925
vn -0.04723 -0.99831 0.03375
vn -0.04702 -0.97729 -0.20661
vn -0.04630 -0.89781 -0.43793
vn -0.04526 -0.77050 -0.63584
vn -0.04415 -0.60931 -0.79170
vn -0.04318 -0.42696 -0.90324
vn -0.04251 -0.23292 -0.97157
vn -0.04223 -0.03359 -0.99854
vn -0.04237 0.16644 -0.98514
vn -0.04291 0.36285 -0.93086
vn -0.04380 0.55000 -0.83401
vn -0.04489 0.71955 -0.69299
vn -0.04598 0.85978 -0.50858
vn -0.04683 0.95678 -0.28703
vn -0.04721 0.99795 -0.04330
f 1/1/1 30/30/30 31/31/31
f 1/1/1 31/31/31 2/2/2
f 2/2/2 31/31/31 32/32/32
f 2/2/2 32/32/32 3/3/3
f 3/3/3 32/32/32 33/33/33
f 3/3/3 33/33/33 4/4/4
f 4/4/4 33/33/33 34/34/34
f 4/4/4 34/34/34 5/5/5
f 5/5/5 34/34/34 35/35/35
f 5/5/5 35/35/35 6/6/6
f 6/6/6 35/35/35 36/36/36
f 6/6/6 36/36/36 7/7/7
f 7/7/7 36/36/36 37/37/37
f 7/7/7 37/37/37 8/8/8
f 8/8/8 37/37/37 38/38/38
f 8/8/8 38/38/38 9/9/9
f 9/9/9 38/38/38 39/39/39
f 9/9/9 39/39/39 10/10/10
f 10/10/10 39/39/39 40/40/40
f 10/10/10 40/40/40 11/11/11
f 11/11/11 40/40/40 41/41/41
f 11/11/11 41/41/41 12/12/12
f 12/12/12 41/41/41 42/42/42
f 12/12/12 42/42/42 13/13/13
f 13/13/13 42/42/42 43/43/43
f 13/13/13 43/43/43 14/14/14
f 14/14/14 43/43/43 44/44/44
f 14/14/14 44/44/44 15/15/15
f 15/15/15 44/44/44 45/45/45
f 15/15/15 45/45/45 16/16/16
f 16/16/16 45/45/45 46/46/46
f 16/16/16 46/46/46 17/17/17
f 17/17/17 46/46/46 47/47/47
f 17/17/17 47/47/47 18/18/18
f 18/18/18 47/47/47 48/48/48
f 18/18/18 48/48/48 19/19/19
f 19/19/19 48/48/48 49/49/49
f 19/19/19 49/49/49 20/20/20
f 20/20/20 49/49/49 50/50/50
f 20/20/20 50/50/50 21/21/21
f 21/21/21 50/50/50 51/51/51
f 21/21/21 51/51/51 22/22/22
f 22/22/22 51/51/51 52/52/52
f 22/22/22 52/52/52 23/23/23
f 23/23/23 52/52/52 53/53/53
f 23/23/23 53/53/53 24/24/24
f 24/24/24 53/53/53 54/54/54
f 24/24/24 54/54/54 25/25/25
f 25/25/25 54/54/54 55/55/55
f 25/25/25 55/55/55 26/26/26
f 26/26/26 55/55/55 56/56/56
f 26/26/26 56/56/56 27/27/27
f 27/27/27 56/56/56 57/57/57
f 27/27/27 57/57/57 28/28/28
f 28/28/28 57/57/57 58/58/58
f 28/28/28 58/58/58 29/29/29
f 30/30/30 59/59/59 60/60/60
f 30/30/30 60/60/60 31/31/31
f 31/31/31 60/60/60 61/61/61
f 31/31/31 61/61/61 32/32/32
f 32/32/32 61/61/61 62/62/62
f 32/32/32 62/62/62 33/33/33
f 33/33/33 62/62/62 63/63/63
f 33/33/33 63/63/63 34/34/34
f 34/34/34 63/63/63 64/64/64
f 34/34/34 64/64/64 35/35/35
f 35/35/35 64/64/64 65/65/65
f 35/35/35 65/65/65 36/36/36
f 36/36/36 65/65/65 66/66/66
f 36/36/36 66/66/66 37/37/37
f 37/37/37 66/66/66 67/67/67
f 37/37/37 67/67/67 38/38/38
f 38/38/38 67/67/67 68/68/68
f 38/38/38 68/68/68 39/39/39
f 39/39/39 68/68/68 69/69/69
f 39/39/39 69/69/69 40/40/40
f 40/40/40 69/69/69 70/70/70
f 40/40/40 70/70/70 41/41/41
f 41/41/41 70/70/70 71/71/71
f 41/41/41 71/71/71 42/42/42
f 42/42/42 71/71/71 72/72/72
f 42/42/42 72/72/72 43/43/43
f 43/43/43 72/72/72 73/73/73
f 43/43/43 73/73/73 44/44/44
f 44/44/44 73/73/73 74/74/74
f 44/44/44 74/74/74 45/45/45
f 45/45/45 74/74/74 75/75/75
f 45/45/45 75/75/75 46/46/46
f 46/46/46 75/75/75 76/76/76
f 46/46/46 76/76/76 47/47/47
f 47/47/47 76/76/76 77/77/77
f 47/47/47 77/77/77 48/48/48
f 48/48/48 77/77/77 78/78/78
f 48/48/48 78/78/78 49/49/49
f 49/49/49 78/78/78 79/79/79
f 49/49/49 79/79/79 50/50/50
f 50/50/50 79/79/79 80/80/80
f 50/50/50 80/80/80 51/51/51
f 51/51/51 80/80/80 81/81/81
f 51/51/51 81/81/81 52/52/52
f 52/52/52 81/81/81 82/82/82
f 52/52/52 82/82/82 53/53/53
f 53/53/53 82/82/82 83/83/83
f 53/53/53 83/83/83 54/54/54
f 54/54/54 83/83/83 84/84/84
f 54/54/54 84/84/84 55/55/55
f 55/55/55 84/84/84 85/85/85
f 55/55/55 85/85/85 56/56/56
f 56/56/56 85/85/85 86/86/86
f 56/56/56 86/86/86 57/57/57
f 57/57/57 86/86/86 87/87/87
f 57/57/57 87/87/87 58/58/58
f 59/59/59 88/88/88 89/89/89
f 59/59/59 89/89/89 60/60/60
f 60/60/60 89/89/89 90/90/90
f 60/60/60 90/90/90 61/61/61
f 61/61/61 90/90/90 91/91/91
f 61/61/61 91/91/91 62/62/62
f 62/62/62 91/91/91 92/92/92
f 62/62/62 92/92/92 63/63/63
f 63/63/63 92/92/92 93/93/93
f 63/63/63 93/93/93 64/64/64
f 64/64/64 93/93/93 94/94/94
f 64/64/64 94/94/94 65/65/65
f 65/65/65 94/94/94 95/95/95
f 65/65/65 95/95/95 66/66/66
f 66/66/66 95/95/95 96/96/96
f 66/66/66 96/96/96 67/67/67
f 67/67/67 96/96/96 97/97/97
f 67/67/67 97/97/97 68/68/68
f 68/68/68 97/97/97 98/98/98
f 68/68/68 98/98/98 69/69/69
f 69/69/69 98/98/98 99/99/99
f 69/69/69 99/99/99 70/70/70
f 70/70/70 99/99/99 100/100/100
f 70/70/70 100/100/100 71/71/71
f 71/71/71 100/100/100 101/101/101
f 71/71/71 101/101/101 72/72/72
f 72/72/72 101/101/101 102/102/102
f 72/72/72 102/102/102 73/73/73
f 73/73/73 102/102/102 103/103/103
f 73/73/73 103/103/103 74/74/74
f 74/74/74 103/103/103 104/104/104
f 74/74/74 104/104/104 75/75/75
f 75/75/75 104/104/104 105/105/105
f 75/75/75 105/105/105 76/76/76
f 76/76/76 105/105/105 106/106/106
f 76/76/76 106/106/106 77/77/77
f 77/77/77 106/106/106 107/107/107
f 77/77/77 107/107/107 78/78/78
f 78/78/78 107/107/107 108/108/108
f 78/78/78 108/108/108 79/79/79
f 79/79/79 108/108/108 109/109/109
f 79/79/79 109/109/109 80/80/80
f 80/80/80 109/109/109 110/110/110
f 80/80/80 110/110/110 81/81/81
f 81/81/81 110/110/110 111/111/111
f 81/81/81 111/111/111 82/82/82
f 82/82/82 111/111/111 112/112/112
f 82/82/82 112/112/112 83/83/83
f 83/83/83 112/112/112 113/113/113
f 83/83/83 113/113/113 84/84/84
f 84/84/84 113/113/113 114/114/114
f 84/84/84 114/114/114 85/85/85
f 85/85/85 114/114/114 115/115/115
f 85/85/85 115/115/115 86/86/86
f 86/86/86 115/115/115 116/116/116
f 86/86/86 116/116/116 87/87/87
f 88/88/88 117/117/117 118/118/118
f 88/88/88 118/118/118 89/89/89
f 89/89/89 118/118/118 119/119/119
f 89/89/89 119/119/119 90/90/90
f 90/90/90 119/119/119 120/120/120
f 90/90/90 120/120/120 91/91/91
f 91/91/91 120/120/120 121/121/121
f 91/91/91 121/121/121 92/92/92
f 92/92/92 121/121/121 122/122/122
f 92/92/92 122/122/122 93/93/93
f 93/93/93 122/122/122 123/123/123
f 93/93/93 123/123/123 94/94/94
f 94/94/94 123/123/123 124/124/124
f 94/94/94 124/124/124 95/95/95
f 95/95/95 124/124/124 125/125/125
f 95/95/95 125/125/125 96/96/96
f 96/96/96 125/125/125 126/126/126
f 96/96/96 126/126/126 97/97/97
f 97/97/97 126/126/126 127/127/127
f 97/97/97 127/127/127 98/98/98
f 98/98/98 127/127/127 128/128/128
f 98/98/98 128/128/128 99/99/99
f 99/99/99 128/128/128 129/129/129
f 99/99/99 129/129/129 100/100/100
f 100/100/100 129/129/129 130/130/130
f 100/100/100 130/130/130 101/101/101
f 101/101/101 130/130/130 131/131/131
f 101/101/101 131/131/131 102/102/102
f 102/102/102 131/131/131 132/132/132
f 102/102/102 132/132/132 103/103/103
f 103/103/103 132/132/132 133/133/133
f 103/103/103 133/133/133 104/104/104
f 104/104/104 133/133/133 134/134/134
f 104/104/104 134/134/134 105/105/105
f 105/105/105 134/134/134 135/135/135
f 105/105/105 135/135/135 106/106/106
f 106/106/106 135/135/135 136/136/136
f 106/106/106 136/136/136 107/107/107
f 107/107/107 136/136/136 137/137/137
f 107/107/107 137/137/137 108/108/108
f 108/108/108 137/137/137 138/138/138
f 108/108/108 138/138/138 109/109/109
f 109/109/109 138/138/138 139/139/139
f 109/109/109 139/139/139 110/110/110
f 110/110/110 139/139/139 140/140/140
f 110/110/110 140/140/140 111/111/111
f 111/111/111 140/140/140 141/141/141
f 111/111/111 141/141/141 112/112/112
f 112/112/112 141/141/141 142/142/142
f 112/112/112 142/142/142 113/113/113
f 113/113/113 142/142/142 143/143/143
f 113/113/113 143/143/143 114/114/114
f 114/114/114 143/143/143 144/144/144
f 114/114/114 144/144/144 115/115/115
f 115/115/115 144/144/144 145/145/145
f 115/115/115 145/145/145 116/116/116
f 117/117/117 146/146/146 147/147/147
f 117/117/117 147/147/147 118/118/118
f 118/118/118 147/147/147 148/148/148
f 118/118/118 148/148/148 119/119/119
f 119/119/119 148/148/148 149/149/149
f 119/119/119 149/149/149 120/120/120
f 120/120/120 149/149/149 150/150/150
f 120/120/120 150/150/150 121/121/121
f 121/121/121 150/150/150 151/151/151
f 121/121/121 151/151/151 122/122/122
f 122/122/122 151/151/151 152/152/152
f 122/122/122 152/152/152 123/123/123
f 123/123/123 152/152/152 153/153/153
f 123/123/123 153/153/153 124/124/124
f 124/124/124 153/153/153 154/154/154
f 124/124/124 154/154/154 125/125/125
f 125/125/125 154/154/154 155/155/155
f 125/125/125 155/155/155 126/126/126
f 126/126/126 155/155/155 156/156/156
f 126/126/126 156/156/156 127/127/127
f 127/127/127 156/156/156 157/157/157
f 127/127/127 157/157/157 128/128/128
f 128/128/128 157/157/157 158/158/158
f 128/128/128 158/158/158 129/129/129
f 129/129/129 158/158/158 159/159/159
f 129/129/129 159/159/159 130/130/130
f 130/130/130 159/159/159 160/160/160
f 130/130/130 160/160/160 131/131/131
f 131/131/131 160/160/160 161/161/161
f 131/131/131 161/161/161 132/132/132
f 132/132/132 161/161/161 162/162/162
f 132/132/132 162/162/162 133/133/133
f 133/133/133 162/162/162 163/163/163
f 133/133/133 163/163/163 134/134/134
f 134/134/134 163/163/163 164/164/164
f 134/134/134 164/164/164 135/135/135
f 135/135/135 164/164/164 165/165/165
f 135/135/135 165/165/165 136/136/136
f 136/136/136 165/165/165 166/166/166
f 136/136/136 166/166/166 137/137/137
f 137/137/137 166/166/166 167/167/167
f 137/137/137 167/167/167 138/138/138
f 138/138/138 167/167/167 168/168/168
f 138/138/138 168/168/168 139/139/139
f 139/139/139 168/168/168 169/169/169
f 139/139/139 169/169/169 140/140/140
f 140/140/140 169/169/169 170/170/170
f 140/140/140 170/170/170 141/141/141
f 141/141/141 170/170/170 171/171/171
f 141/141/141 171/171/171 142/142/142
f 142/142/142 171/171/171 172/172/172
f 142/142/142 172/172/172 143/143/143
f 143/143/143 172/172/172 173/173/173
f 143/143/143 173/173/173 144/144/144
f 144/144/144 173/173/173 174/174/174
f 144/144/144 174/174/174 145/145/145
f 146/146/146 175/175/175 176/176/176
f 146/146/146 176/176/176 147/147/147
f 147/147/147 176/176/176 177/177/177
f 147/147/147 177/177/177 148/148/148
f 148/148/148 177/177/177 178/178/178
f 148/148/148 178/178/178 149/149/149
f 149/149/149 178/178/178 179/179/179
f 149/149/149 179/179/179 150/150/150
f 150/150/150 179/179/179 180/180/180
f 150/150/150 180/180/180 151/151/151
f 151/151/151 180/180/180 181/181/181
f 151/151/151 181/181/181 152/152/152
f 152/152/152 181/181/181 182/182/182
f 152/152/152 182/182/182 153/153/153
f 153/153/153 182/182/182 183/183/183
f 153/153/153 183/183/183 154/154/154
f 154/154/154 183/183/183 184/184/184
f 154/154/154 184/184/184 155/155/155
f 155/155/155 184/184/184 185/185/185
f 155/155/155 185/185/185 156/156/156
f 156/156/156 185/185/185 186/186/186
f 156/156/156 186/186/186 157/157/157
f 157/157/157 186/186/186 187/187/187
f 157/157/157 187/187/187 158/158/158
f 158/158/158 187/187/187 188/188/188
f 158/158/158 188/188/188 159/159/159
f 159/159/159 188/188/188 189/189/189
f 159/159/159 189/189/189 160/160/160
f 160/160/160 189/189/189 190/190/190
f 160/160/160 190/190/190 161/161/161
f 161/161/161 190/190/190 191/191/191
f 161/161/161 191/191/191 162/162/162
f 162/162/162 191/191/191 192/192/192
f 162/162/162 192/192/192 163/163/163
f 163/163/163 192/192/192 193/193/193
f 163/163/163 193/193/193 164/164/164
f 164/164/164 193/193/193 194/194/194
f 164/164/164 194/194/194 165/165/165
f 165/165/165 194/194/194 195/195/195
f 165/165/165 195/195/195 166/166/166
f 166/166/166 195/195/195 196/196/196
f 166/166/166 196/196/196 167/167/167
f 167/167/167 196/196/196 197/197/197
f 167/167/167 197/197/197 168/168/168
f 168/168/168 197/197/197 198/198/198
f 168/168/168 198/198/198 169/169/169
f 169/169/169 198/198/198 199/199/199
f 169/169/169 199/199/199 170/170/170
f 170/170/170 199/199/199 200/200/200
f 170/170/170 200/200/200 171/171/171
f 171/171/171 200/200/200 201/201/201
f 171/171/171 201/201/201 172/172/172
f 172/172/172 201/201/201 202/202/202
f 172/172/172 202/202/202 173/173/173
f 173/173/173 202/202/202 203/203/203
f 173/173/173 203/203/203 174/174/174
f 175/175/175 204/204/204 205/205/205
f 175/175/175 205/205/205 176/176/176
f 176/176/176 205/205/205 206/206/206
f 176/176/176 206/206/206 177/177/177
f 177/177/177 206/206/206 207/207/207
f 177/177/177 207/207/207 178/178/178
f 178/178/178 207/207/207 208/208/208
f 178/178/178 208/208/208 179/179/179
f 179/179/179 208/208/208 209/209/209
f 179/179/179 209/209/209 180/180/180
f 180/180/180 209/209/209 210/210/210
f 180/180/180 210/210/210 181/181/181
f 181/181/181 210/210/210 211/211/211
f 181/181/181 211/211/211 182/182/182
f 182/182/182 211/211/211 212/212/212
f 182/182/182 212/212/212 183/183/183
f 183/183/183 212/212/212 213/213/213
f 183/183/183 213/213/213 184/184/184
f 184/184/184 213/213/213 214/214/214
f 184/184/184 214/214/214 185/185/185
f 185/185/185 214/214/214 215/215/215
f 185/185/185 215/215/215 186/186/186
f 186/186/186 215/215/215 216/216/216
f 186/186/186 216/216/216 187/187/187
f 187/187/187 216/216/216 217/217/217
f 187/187/187 217/217/217 188/188/188
f 188/188/188 217/217/217 218/218/218
f 188/188/188 218/218/218 189/189/189
f 189/189/189 218/218/218 219/219/219
f 189/189/189 219/219/219 190/190/190
f 190/190/190 219/219/219 220/220/220
f 190/190/190 220/220/220 191/191/191
f 191/191/191 220/220/220 221/221/221
f 191/191/191 221/221/221 192/192/192
f 192/192/192 221/221/221 222/222/222
f 192/192/192 222/222/222 193/193/193
f 193/193/193 222/222/222 223/223/223
f 193/193/193 223/223/223 194/194/194
f 194/194/194 223/223/223 224/224/224
f 194/194/194 224/224/224 195/195/195
f 195/195/195 224/224/224 225/225/225
f 195/195/195 225/225/225 196/196/196
f 196/196/196 225/225/225 226/226/226
f 196/196/196 226/226/226 197/197/197
f 197/197/197 226/226/226 227/227/227
f 197/197/197 227/227/227 198/198/198
f 198/198/198 227/227/227 228/228/228
f 198/198/198 228/228/228 199/199/199
f 199/199/199 228/228/228 229/229/229
f 199/199/199 229/229/229 200/200/200
f 200/200/200 229/229/229 230/230/230
f 200/200/200 230/230/230 201/201/201
f 201/201/201 230/230/230 231/231/231
f 201/201/201 231/231/231 202/202/202
f 202/202/202 231/231/231 232/232/232
f 202/202/202 232/232/232 203/203/203
f 204/204/204 233/233/233 234/234/234
f 204/204/204 234/234/234 205/205/205
f 205/205/205 234/234/234 235/235/235
f 205/205/205 235/235/235 206/206/206
f 206/206/206 235/235/235 236/236/236
f 206/206/206 236/236/236 207/207/207
f 207/207/207 236/236/236 237/237/237
f 207/207/207 237/237/237 208/208/208
f 208/208/208 237/237/237 238/238/238
f 208/208/208 238/238/238 209/209/209
f 209/209/209 238/238/238 239/239/239
f 209/209/209 239/239/239 210/210/210
f 210/210/210 239/239/239 240/240/240
f 210/210/210 240/240/240 211/211/211
f 211/211/211 240/240/240 241/241/241
f 211/211/211 241/241/241 212/212/212
f 212/212/212 241/241/241 242/242/242
f 212/212/212 242/242/242 213/213/213
f 213/213/213 242/242/242 243/243/243
f 213/213/213 243/243/243 214/214/214
f 214/214/214 243/243/243 244/244/244
f 214/214/214 244/244/244 215/215/215
f 215/215/215 244/244/244 245/245/245
f 215/215/215 245/245/245 216/216/216
f 216/216/216 245/245/245 246/246/246
f 216/216/216 246/246/246 217/217/217
f 217/217/217 246/246/246 247/247/247
f 217/217/217 247/247/247 218/218/218
f 218/218/218 247/247/247 248/248/248
f 218/218/218 248/248/248 219/219/219
f 219/219/219 248/248/248 249/249/249
f 219/219/219 249/249/249 220/220/220
f 220/220/220 249/249/249 250/250/250
f 220/220/220 250/250/250 221/221/221
f 221/221/221 250/250/250 251/251/251
f 221/221/221 251/251/251 222/222/222
f 222/222/222 251/251/251 252/252/252
f 222/222/222 252/252/252 223/223/223
f 223/223/223 252/252/252 253/253/253
f 223/223/223 253/253/253 224/224/224
f 224/224/224 253/253/253 254/254/254
f 224/224/224 254/254/254 225/225/225
f 225/225/225 254/254/254 255/255/255
f 225/225/225 255/255/255 226/226/226
f 226/226/226 255/255/255 256/256/256
f 226/226/226 256/256/256 227/227/227
f 227/227/227 256/256/256 257/257/257
f 227/227/227 257/257/257 228/228/228
f 228/228/228 257/257/257 258/258/258
f 228/228/228 258/258/258 229/229/229
f 229/229/229 258/258/258 259/259/259
f 229/229/229 259/259/259 230/230/230
f 230/230/230 259/259/259 260/260/260
f 230/230/230 260/260/260 231/231/231
f 231/231/231 260/260/260 261/261/261
f 231/231/231 261/261/261 232/232/232
f 233/233/233 262/262/262 263/263/263
f 233/233/233 263/263/263 234/234/234
f 234/234/234 263/263/263 264/264/264
f 234/234/234 264/264/264 235/235/235
f 235/235/235 264/264/264 265/265/265
f 235/235/235 265/265/265 236/236/236
f 236/236/236 265/265/265 266/266/266
f 236/236/236 266/266/266 237/237/237
f 237/237/237 266/266/266 267/267/267
f 237/237/237 267/267/267 238/238/238
f 238/238/238 267/267/267 268/268/268
f 238/238/238 268/268/268 239/239/239
f 239/239/239 268/268/268 269/269/269
f 239/239/239 269/269/269 240/240/240
f 240/240/240 269/269/269 270/270/270
f 240/240/240 270/270/270 241/241/241
f 241/241/241 270/270/270 271/271/271
f 241/241/241 271/271/271 242/242/242
f 242/242/242 271/271/271 272/272/272
f 242/242/242 272/272/272 243/243/243
f 243/243/243 272/272/272 273/273/273
f 243/243/243 273/273/273 244/244/244
f 244/244/244 273/273/273 274/274/274
f 244/244/244 274/274/274 245/245/245
f 245/245/245 274/274/274 275/275/275
f 245/245/245 275/275/275 246/246/246
f 246/246/246 275/275/275 276/276/276
f 246/246/246 276/276/276 247/247/247
f 247/247/247 276/276/276 277/277/277
f 247/247/247 277/277/277 248/248/248
f 248/248/248 277/277/277 278/278/278
f 248/248/248 278/278/278 249/249/249
f 249/249/249 278/278/278 279/279/279
f 249/249/249 279/279/279 250/250/250
f 250/250/250 279/279/279 280/280/280
f 250/250/250 280/280/280 251/251/251
f 251/251/251 280/280/280 281/281/281
f 251/251/251 281/281/281 252/252/252
f 252/252/252 281/281/281 282/282/282
f 252/252/252 282/282/282 253/253/253
f 253/253/253 282/282/282 283/283/283
f 253/253/253 283/283/283 254/254/254
f 254/254/254 283/283/283 284/284/284
f 254/254/254 284/284/284 255/255/255
f 255/255/255 284/284/284 285/285/285
f 255/255/255 285/285/285 256/256/256
f 256/256/256 285/285/285 286/286/286
f 256/256/256 286/286/286 257/257/257
f 257/257/257 286/286/286 287/287/287
f 257/257/257 287/287/287 258/258/258
f 258/258/258 287/287/287 288/288/288
f 258/258/258 288/288/288 259/259/259
f 259/259/259 288/288/288 289/289/289
f 259/259/259 289/289/289 260/260/260
f 260/260/260 289/289/289 290/290/290
f 260/260/260 290/290/290 261/261/261
f 262/262/262 291/291/291 292/292/292
f 262/262/262 292/292/292 263/263/263
f 263/263/263 292/292/292 293/293/293
f 263/263/263 293/293/293 264/264/264
f 264/264/264 293/293/293 294/294/294
f 264/264/264 294/294/294 265/265/265
f 265/265/265 294/294/294 295/295/295
f 265/265/265 295/295/295 266/266/266
f 266/266/266 295/295/295 296/296/296
f 266/266/266 296/296/296 267/267/267
f 267/267/267 296/296/296 297/297/297
f 267/267/267 297/297/297 268/268/268
f 268/268/268 297/297/297 298/298/298
f 268/268/268 298/298/298 269/269/269
f 269/269/269 298/298/298 299/299/299
f 269/269/269 299/299/299 270/270/270
f 270/270/270 299/299/299 300/300/300
f 270/270/270 300/300/300 271/271/271
f 271/271/271 300/300/300 301/301/301
f 271/271/271 301/301/301 272/272/272
f 272/272/272 301/301/301 302/302/302
f 272/272/272 302/302/302 273/273/273
f 273/273/273 302/302/302 303/303/303
f 273/273/273 303/303/303 274/274/274
f 274/274/274 303/303/303 304/304/304
f 274/274/274 304/304/304 275/275/275
f 275/275/275 304/304/304 305/305/305
f 275/275/275 305/305/305 276/276/276
f 276/276/276 305/305/305 306/306/306
f 276/276/276 306/306/306 277/277/277
f 277/277/277 306/306/306 307/307/307
f 277/277/277 307/307/307 278/278/278
f 278/278/278 307/307/307 308/308/308
f 278/278/278 308/308/308 279/279/279
f 279/279/279 308/308/308 309/309/309
f 279/279/279 309/309/309 280/280/280
f 280/280/280 309/309/309 310/310/310
f 280/280/280 310/310/310 281/281/281
f 281/281/281 310/310/310 311/311/311
f 281/281/281 311/311/311 282/282/282
f 282/282/282 311/311/311 312/312/312
f 282/282/282 312/312/312 283/283/283
f 283/283/283 312/312/312 313/313/313
f 283/283/283 313/313/313 284/284/284
f 284/284/284 313/313/313 314/314/314
f 284/284/284 314/314/314 285/285/285
f 285/285/285 314/314/314 315/315/315
f 285/285/285 315/315/315 286/286/286
f 286/286/286 315/315/315 316/316/316
f 286/286/286 316/316/316 287/287/287
f 287/287/287 316/316/316 317/317/317
f 287/287/287 317/317/317 288/288/288
f 288/288/288 317/317/317 318/318/318
f 288/288/288 318/318/318 289/289/289
f 289/289/289 318/318/318 319/319/319
f 289/289/289 319/319/319 290/290/290
f 291/291/291 320/320/320 321/321/321
f 291/291/291 321/321/321 292/292/292
f 292/292/292 321/321/321 322/322/322
f 292/292/292 322/322/322 293/293/293
f 293/293/293 322/322/322 323/323/323
f 293/293/293 323/323/323 294/294/294
f 294/294/294 323/323/323 324/324/324
f 294/294/294 324/324/324 295/295/295
f 295/295/295 324/324/324 325/325/325
f 295/295/295 325/325/325 296/296/296
f 296/296/296 325/325/325 326/326/326
f 296/296/296 326/326/326 297/297/297
f 297/297/297 326/326/326 327/327/327
f 297/297/297 327/327/327 298/298/298
f 298/298/298 327/327/327 328/328/328
f 298/298/298 328/328/328 299/299/299
f 299/299/299 328/328/328 329/329/329
f 299/299/299 329/329/329 300/300/300
f 300/300/300 329/329/329 330/330/330
f 300/300/300 330/330/330 301/301/301
f 301/301/301 330/330/330 331/331/331
f 301/301/301 331/331/331 302/302/302
f 302/302/302 331/331/331 332/332/332
f 302/302/302 332/332/332 303/303/303
f 303/303/303 332/332/332 333/333/333
f 303/303/303 333/333/333 304/304/304
f 304/304/304 333/333/333 334/334/334
f 304/304/304 334/334/334 305/305/305
f 305/305/305 334/334/334 335/335/335
f 305/305/305 335/335/335 306/306/306
f 306/306/306 335/335/335 336/336/336
f 306/306/306 336/336/336 307/307/307
f 307/307/307 336/336/336 337/337/337
f 307/307/307 337/337/337 308/308/308
f 308/308/308 337/337/337 338/338/338
f 308/308/308 338/338/338 309/309/309
f 309/309/309 338/338/338 339/339/339
f 309/309/309 339/339/339 310/310/310
f 310/310/310 339/339/339 340/340/340
f 310/310/310 340/340/340 311/311/311
f 311/311/311 340/340/340 341/341/341
f 311/311/311 341/341/341 312/312/312
f 312/312/312 341/341/341 342/342/342
f 312/312/312 342/342/342 313/313/313
f 313/313/313 342/342/342 343/343/343
f 313/313/313 343/343/343 314/314/314
f 314/314/314 343/343/343 344/344/344
f 314/314/314 344/344/344 315/315/315
f 315/315/315 344/344/344 345/345/345
f 315/315/315 345/345/345 316/316/316
f 316/316/316 345/345/345 346/346/346
f 316/316/316 346/346/346 317/317/317
f 317/317/317 346/346/346 347/347/347
f 317/317/317 347/347/347 318/318/318
f 318/318/318 347/347/347 348/348/348
f 318/318/318 348/348/348 319/319/319
f 320/320/320 349/349/349 350/350/350
f 320/320/320 350/350/350 321/321/321
f 321/321/321 350/350/350 351/351/351
f 321/321/321 351/351/351 322/322/322
f 322/322/322 351/351/351 352/352/352
f 322/322/322 352/352/352 323/323/323
f 323/323/323 352/352/352 353/353/353
f 323/323/323 353/353/353 324/324/324
f 324/324/324 353/353/353 354/354/354
f 324/324/324 354/354/354 325/325/325
f 325/325/325 354/354/354 355/355/355
f 325/325/325 355/355/355 326/326/326
f 326/326/326 355/355/355 356/356/356
f 326/326/326 356/356/356 327/327/327
f 327/327/327 356/356/356 357/357/357
f 327/327/327 357/357/357 328/328/328
f 328/328/328 357/357/357 358/358/358
f 328/328/328 358/358/358 329/329/329
f 329/329/329 358/358/358 359/359/359
f 329/329/329 359/359/359 330/330/330
f 330/330/330 359/359/359 360/360/360
f 330/330/330 360/360/360 331/331/331
f 331/331/331 360/360/360 361/361/361
f 331/331/331 361/361/361 332/332/332
f 332/332/332 361/361/361 362/362/362
f 332/332/332 362/362/362 333/333/333
f 333/333/333 362/362/362 363/363/363
f 333/333/333 363/363/363 334/334/334
f 334/334/334 363/363/363 364/364/364
f 334/334/334 364/364/364 335/335/335
f 335/335/335 364/364/364 365/365/365
f 335/335/335 365/365/365 336/336/336
f 336/336/336 365/365/365 366/366/366
f 336/336/336 366/366/366 337/337/337
f 337/337/337 366/366/366 367/367/367
f 337/337/337 367/367/367 338/338/338
f 338/338/338 367/367/367 368/368/368
f 338/338/338 368/368/368 339/339/339
f 339/339/339 368/368/368 369/369/369
f 339/339/339 369/369/369 340/340/340
f 340/340/340 369/369/369 370/370/370
f 340/340/340 370/370/370 341/341/341
f 341/341/341 370/370/370 371/371/371
f 341/341/341 371/371/371 342/342/342
f 342/342/342 371/371/371 372/372/372
f 342/342/342 372/372/372 343/343/343
f 343/343/343 372/372/372 373/373/373
f 343/343/343 373/373/373 344/344/344
f 344/344/344 373/373/373 374/374/374
f 344/344/344 374/374/374 345/345/345
f 345/345/345 374/374/374 375/375/375
f 345/345/345 375/375/375 346/346/346
f 346/346/346 375/375/375 376/376/376
f 346/346/346 376/376/376 347/347/347
f 347/347/347 376/376/376 377/377/377
f 347/347/347 377/377/377 348/348/348
f 349/349/349 378/378/378 379/379/379
f 349/349/349 379/379/379 350/350/350
f 350/350/350 379/379/379 380/380/380
f 350/350/350 380/380/380 351/351/351
f 351/351/351 380/380/380 381/381/381
f 351/351/351 381/381/381 352/352/352
f 352/352/352 381/381/381 382/382/382
f 352/352/352 382/382/382 353/353/353
f 353/353/353 382/382/382 383/383/383
f 353/353/353 383/383/383 354/354/354
f 354/354/354 383/383/383 384/384/384
f 354/354/354 384/384/384 355/355/355
f 355/355/355 384/384/384 385/385/385
f 355/355/355 385/385/385 356/356/356
f 356/356/356 385/385/385 386/386/386
f 356/356/356 386/386/386 357/357/357
f 357/357/357 386/386/386 387/387/387
f 357/357/357 387/387/387 358/358/358
f 358/358/358 387/387/387 388/388/388
f 358/358/358 388/388/388 359/359/359
f 359/359/359 388/388/388 389/389/389
f 359/359/359 389/389/389 360/360/360
f 360/360/360 389/389/389 390/390/390
f 360/360/360 390/390/390 361/361/361
f 361/361/361 390/390/390 391/391/391
f 361/361/361 391/391/391 362/362/362
f 362/362/362 391/391/391 392/392/392
f 362/362/362 392/392/392 363/363/363
f 363/363/363 392/392/392 393/393/393
f 363/363/363 393/393/393 364/364/364
f 364/364/364 393/393/393 394/394/394
f 364/364/364 394/394/394 365/365/365
f 365/365/365 394/394/394 395/395/395
f 365/365/365 395/395/395 366/366/366
f 366/366/366 395/395/395 396/396/396
f 366/366/366 396/396/396 367/367/367
f 367/367/367 396/396/396 397/397/397
f 367/367/367 397/397/397 368/368/368
f 368/368/368 397/397/397 398/398/398
f 368/368/368 398/398/398 369/369/369
f 369/369/369 398/398/398 399/399/399
f 369/369/369 399/399/399 370/370/370
f 370/370/370 399/399/399 400/400/400
f 370/370/370 400/400/400 371/371/371
f 371/371/371 400/400/400 401/401/401
f 371/371/371 401/401/401 372/372/372
f 372/372/372 401/401/401 402/402/402
f 372/372/372 402/402/402 373/373/373
f 373/373/373 402/402/402 403/403/403
f 373/373/373 403/403/403 374/374/374
f 374/374/374 403/403/403 404/404/404
f 374/374/374 404/404/404 375/375/375
f 375/375/375 404/404/404 405/405/405
f 375/375/375 405/405/405 376/376/376
f 376/376/376 405/405/405 406/406/406
f 376/376/376 406/406/406 377/377/377
f 378/378/378 407/407/407 408/408/408
f 378/378/378 408/408/408 379/379/379
f 379/379/379 408/408/408 409/409/409
f 379/379/379 409/409/409 380/380/380
f 380/380/380 409/409/409 410/410/410
f 380/380/380 410/410/410 381/381/381
f 381/381/381 410/410/410 411/411/411
f 381/381/381 411/411/411 382/382/382
f 382/382/382 411/411/411 412/412/412
f 382/382/382 412/412/412 383/383/383
f 383/383/383 412/412/412 413/413/413
f 383/383/383 413/413/413 384/384/384
f 384/384/384 413/413/413 414/414/414
f 384/384/384 414/414/414 385/385/385
f 385/385/385 414/414/414 415/415/415
f 385/385/385 415/415/415 386/386/386
f 386/386/386 415/415/415 416/416/416
f 386/386/386 416/416/416 387/387/387
f 387/387/387 416/416/416 417/417/417
f 387/387/387 417/417/417 388/388/388
f 388/388/388 417/417/417 418/418/418
f 388/388/388 418/418/418 389/389/389
f 389/389/389 418/418/418 419/419/419
f 389/389/389 419/419/419 390/390/390
f 390/390/390 419/419/419 420/420/420
f 390/390/390 420/420/420 391/391/391
f 391/391/391 420/420/420 421/421/421
f 391/391/391 421/421/421 392/392/392
f 392/392/392 421/421/421 422/422/422
f 392/392/392 422/422/422 393/393/393
f 393/393/393 422/422/422 423/423/423
f 393/393/393 423/423/423 394/394/394
f 394/394/394 423/423/423 424/424/424
f 394/394/394 424/424/424 395/395/395
f 395/395/395 424/424/424 425/425/425
f 395/395/395 425/425/425 396/396/396
f 396/396/396 425/425/425 426/426/426
f 396/396/396 426/426/426 397/397/397
f 397/397/397 426/426/426 427/427/427
f 397/397/397 427/427/427 398/398/398
f 398/398/398 427/427/427 428/428/428
f 398/398/398 428/428/428 399/399/399
f 399/399/399 428/428/428 429/429/429
f 399/399/399 429/429/429 400/400/400
f 400/400/400 429/429/429 430/430/430
f 400/400/400 430/430/430 401/401/401
f 401/401/401 430/430/430 431/431/431
f 401/401/401 431/431/431 402/402/402
f 402/402/402 431/431/431 432/432/432
f 402/402/402 432/432/432 403/403/403
f 403/403/403 432/432/432 433/433/433
f 403/403/403 433/433/433 404/404/404
f 404/404/404 433/433/433 434/434/434
f 404/404/404 434/434/434 405/405/405
f 405/405/405 434/434/434 435/435/435
f 405/405/405 435/435/435 406/406/406
f 407/407/407 436/436/436 437/437/437
f 407/407/407 437/437/437 408/408/408
f 408/408/408 437/437/437 438/438/438
f 408/408/408 438/438/438 409/409/409
f 409/409/409 438/438/438 439/439/439
f 409/409/409 439/439/439 410/410/410
f 410/410/410 439/439/439 440/440/440
f 410/410/410 440/440/440 411/411/411
f 411/411/411 440/440/440 441/441/441
f 411/411/411 441/441/441 412/412/412
f 412/412/412 441/441/441 442/442/442
f 412/412/412 442/442/442 413/413/413
f 413/413/413 442/442/442 443/443/443
f 413/413/413 443/443/443 414/414/414
f 414/414/414 443/443/443 444/444/444
f 414/414/414 444/444/444 415/415/415
f 415/415/415 444/444/444 445/445/445
f 415/415/415 445/445/445 416/416/416
f 416/416/416 445/445/445 446/446/446
f 416/416/416 446/446/446 417/417/417
f 417/417/417 446/446/446 447/447/447
f 417/417/417 447/447/447 418/418/418
f 418/418/418 447/447/447 448/448/448
f 418/418/418 448/448/448 419/419/419
f 419/419/419 448/448/448 449/449/449
f 419/419/419 449/449/449 420/420/420
f 420/420/420 449/449/449 450/450/450
f 420/420/420 450/450/450 421/421/421
f 421/421/421 450/450/450 451/451/451
f 421/421/421 451/451/451 422/422/422
f 422/422/422 451/451/451 452/452/452
f 422/422/422 452/452/452 423/423/423
f 423/423/423 452/452/452 453/453/453
f 423/423/423 453/453/453 424/424/424
f 424/424/424 453/453/453 454/454/454
f 424/424/424 454/454/454 425/425/425
f 425/425/425 454/454/454 455/455/455
f 425/425/425 455/455/455 426/426/426
f 426/426/426 455/455/455 456/456/456
f 426/426/426 456/456/456 427/427/427
f 427/427/427 456/456/456 457/457/457
f 427/427/427 457/457/457 428/428/428
f 428/428/428 457/457/457 458/458/458
f 428/428/428 458/458/458 429/429/429
f 429/429/429 458/458/458 459/459/459
f 429/429/429 459/459/459 430/430/430
f 430/430/430 459/459/459 460/460/460
f 430/430/430 460/460/460 431/431/431
f 431/431/431 460/460/460 461/461/461
f 431/431/431 461/461/461 432/432/432
f 432/432/432 461/461/461 462/462/462
f 432/432/432 462/462/462 433/433/433
f 433/433/433 462/462/462 463/463/463
f 433/433/433 463/463/463 434/434/434
f 434/434/434 463/463/463 464/464/464
f 434/434/434 464/464/464 435/435/435
f 436/436/436 465/465/465 466/466/466
f 436/436/436 466/466/466 437/437/437
f 437/437/437 466/466/466 467/467/467
f 437/437/437 467/467/467 438/438/438
f 438/438/438 467/467/467 468/468/468
f 438/438/438 468/468/468 439/439/439
f 439/439/439 468/468/468 469/469/469
f 439/439/439 469/469/469 440/440/440
f 440/440/440 469/469/469 470/470/470
f 440/440/440 470/470/470 441/441/441
f 441/441/441 470/470/470 471/471/471
f 441/441/441 471/471/471 442/442/442
f 442/442/442 471/471/471 472/472/472
f 442/442/442 472/472/472 443/443/443
f 443/443/443 472/472/472 473/473/473
f 443/443/443 473/473/473 444/444/444
f 444/444/444 473/473/473 474/474/474
f 444/444/444 474/474/474 445/445/445
f 445/445/445 474/474/474 475/475/475
f 445/445/445 475/475/475 446/446/446
f 446/446/446 475/475/475 476/476/476
f 446/446/446 476/476/476 447/447/447
f 447/447/447 476/476/476 477/477/477
f 447/447/447 477/477/477 448/448/448
f 448/448/448 477/477/477 478/478/478
f 448/448/448 478/478/478 449/449/449
f 449/449/449 478/478/478 479/479/479
f 449/449/449 479/479/479 450/450/450
f 450/450/450 479/479/479 480/480/480
f 450/450/450 480/480/480 451/451/451
f 451/451/451 480/480/480 481/481/481
f 451/451/451 481/481/481 452/452/452
f 452/452/452 481/481/481 482/482/482
f 452/452/452 482/482/482 453/453/453
f 453/453/453 482/482/482 483/483/483
f 453/453/453 483/483/483 454/454/454
f 454/454/454 483/483/483 484/484/484
f 454/454/454 484/484/484 455/455/455
f 455/455/455 484/484/484 485/485/485
f 455/455/455 485/485/485 456/456/456
f 456/456/456 485/485/485 486/486/486
f 456/456/456 486/486/486 457/457/457
f 457/457/457 486/486/486 487/487/487
f 457/457/457 487/487/487 458/458/458
f 458/458/458 487/487/487 488/488/488
f 458/458/458 488/488/488 459/459/459
f 459/459/459 488/488/488 489/489/489
f 459/459/459 489/489/489 460/460/460
f 460/460/460 489/489/489 490/490/490
f 460/460/460 490/490/490 461/461/461
f 461/461/461 490/490/490 491/491/491
f 461/461/461 491/491/491 462/462/462
f 462/462/462 491/491/491 492/492/492
f 462/462/462 492/492/492 463/463/463
f 463/463/463 492/492/492 493/493/493
f 463/463/463 493/493/493 464/464/464
f 465/465/465 494/494/494 495/495/495
f 465/465/465 495/495/495 466/466/466
f 466/466/466 495/495/495 496/496/496
f 466/466/466 496/496/496 467/467/467
f 467/467/467 496/496/496 497/497/497
f 467/467/467 497/497/497 468/468/468
f 468/468/468 497/497/497 498/498/498
f 468/468/468 498/498/498 469/469/469
f 469/469/469 498/498/498 499/499/499
f 469/469/469 499/499/499 470/470/470
f 470/470/470 499/499/499 500/500/500
f 470/470/470 500/500/500 471/471/471
f 471/471/471 500/500/500 501/501/501
f 471/471/471 501/501/501 472/472/472
f 472/472/472 501/501/501 502/502/502
f 472/472/472 502/502/502 473/473/473
f 473/473/473 502/502/502 503/503/503
f 473/473/473 503/503/503 474/474/474
f 474/474/474 503/503/503 504/504/504
f 474/474/474 504/504/504 475/475/475
f 475/475/475 504/504/504 505/505/505
f 475/475/475 505/505/505 476/476/476
f 476/476/476 505/505/505 506/506/506
f 476/476/476 506/506/506 477/477/477
f 477/477/477 506/506/506 507/507/507
f 477/477/477 507/507/507 478/478/478
f 478/478/478 507/507/507 508/508/508
f 478/478/478 508/508/508 479/479/479
f 479/479/479 508/508/508 509/509/509
f 479/479/479 509/509/509 480/480/480
f 480/480/480 509/509/509 510/510/510
f 480/480/480 510/510/510 481/481/481
f 481/481/481 510/510/510 511/511/511
f 481/481/481 511/511/511 482/482/482
f 482/482/482 511/511/511 512/512/512
f 482/482/482 512/512/512 483/483/483
f 483/483/483 512/512/512 513/513/513
f 483/483/483 513/513/513 484/484/484
f 484/484/484 513/513/513 514/514/514
f 484/484/484 514/514/514 485/485/485
f 485/485/485 514/514/514 515/515/515
f 485/485/485 515/515/515 486/486/486
f 486/486/486 515/515/515 516/516/516
f 486/486/486 516/516/516 487/487/487
f 487/487/487 516/516/516 517/517/517
f 487/487/487 517/517/517 488/488/488
f 488/488/488 517/517/517 518/518/518
f 488/488/488 518/518/518 489/489/489
f 489/489/489 518/518/518 519/519/519
f 489/489/489 519/519/519 490/490/490
f 490/490/490 519/519/519 520/520/520
f 490/490/490 520/520/520 491/491/491
f 491/491/491 520/520/520 521/521/521
f 491/491/491 521/521/521 492/492/492
f 492/492/492 521/521/521 522/522/522
f 492/492/492 522/522/522 493/493/493
f 494/494/494 523/523/523 524/524/524
f 494/494/494 524/524/524 495/495/495
f 495/495/495 524/524/524 525/525/525
f 495/495/495 525/525/525 496/496/496
f 496/496/496 525/525/525 526/526/526
f 496/496/496 526/526/526 497/497/497
f 497/497/497 526/526/526 527/527/527
f 497/497/497 527/527/527 498/498/498
f 498/498/498 527/527/527 528/528/528
f 498/498/498 528/528/528 499/499/499
f 499/499/499 528/528/528 529/529/529
f 499/499/499 529/529/529 500/500/500
f 500/500/500 529/529/529 530/530/530
f 500/500/500 530/530/530 501/501/501
f 501/501/501 530/530/530 531/531/531
f 501/501/501 531/531/531 502/502/502
f 502/502/502 531/531/531 532/532/532
f 502/502/502 532/532/532 503/503/503
f 503/503/503 532/532/532 533/533/533
f 503/503/503 533/533/533 504/504/504
f 504/504/504 533/533/533 534/534/534
f 504/504/504 534/534/534 505/505/505
f 505/505/505 534/534/534 535/535/535
f 505/505/505 535/535/535 506/506/506
f 506/506/506 535/535/535 536/536/536
f 506/506/506 536/536/536 507/507/507
f 507/507/507 536/536/536 537/537/537
f 507/507/507 537/537/537 508/508/508
f 508/508/508 537/537/537 538/538/538
f 508/508/508 538/538/538 509/509/509
f 509/509/509 538/538/538 539/539/539
f 509/509/509 539/539/539 510/510/510
f 510/510/510 539/539/539 540/540/540
f 510/510/510 540/540/540 511/511/511
f 511/511/511 540/540/540 541/541/541
f 511/511/511 541/541/541 512/512/512
f 512/512/512 541/541/541 542/542/542
f 512/512/512 542/542/542 513/513/513
f 513/513/513 542/542/542 543/543/543
f 513/513/513 543/543/543 514/514/514
f 514/514/514 543/543/543 544/544/544
f 514/514/514 544/544/544 515/515/515
f 515/515/515 544/544/544 545/545/545
f 515/515/515 545/545/545 516/516/516
f 516/516/516 545/545/545 546/546/546
f 516/516/516 546/546/546 517/517/517
f 517/517/517 546/546/546 547/547/547
f 517/517/517 547/547/547 518/518/518
f 518/518/518 547/547/547 548/548/548
f 518/518/518 548/548/548 519/519/519
f 519/519/519 548/548/548 549/549/549
f 519/519/519 549/549/549 520/520/520
f 520/520/520 549/549/549 550/550/550
f 520/520/520 550/550/550 521/521/521
f 521/521/521 550/550/550 551/551/551
f 521/521/521 551/551/551 522/522/522
f 523/523/523 552/552/552 553/553/553
f 523/523/523 553/553/553 524/524/524
f 524/524/524 553/553/553 554/554/554
f 524/524/524 554/554/554 525/525/525
f 525/525/525 554/554/554 555/555/555
f 525/525/525 555/555/555 526/526/526
f 526/526/526 555/555/555 556/556/556
f 526/526/526 556/556/556 527/527/527
f 527/527/527 556/556/556 557/557/557
f 527/527/527 557/557/557 528/528/528
f 528/528/528 557/557/557 558/558/558
f 528/528/528 558/558/558 529/529/529
f 529/529/529 558/558/558 559/559/559
f 529/529/529 559/559/559 530/530/530
f 530/530/530 559/559/559 560/560/560
f 530/530/530 560/560/560 531/531/531
f 531/531/531 560/560/560 561/561/561
f 531/531/531 561/561/561 532/532/532
f 532/532/532 561/561/561 562/562/562
f 532/532/532 562/562/562 533/533/533
f 533/533/533 562/562/562 563/563/563
f 533/533/533 563/563/563 534/534/534
f 534/534/534 563/563/563 564/564/564
f 534/534/534 564/564/564 535/535/535
f 535/535/535 564/564/564 565/565/565
f 535/535/535 565/565/565 536/536/536
f 536/536/536 565/565/565 566/566/566
f 536/536/536 566/566/566 537/537/537
f 537/537/537 566/566/566 567/567/567
f 537/537/537 567/567/567 538/538/538
f 538/538/538 567/567/567 568/568/568
f 538/538/538 568/568/568 539/539/539
f 539/539/539 568/568/568 569/569/569
f 539/539/539 569/569/569 540/540/540
f 540/540/540 569/569/569 570/570/570
f 540/540/540 570/570/570 541/541/541
f 541/541/541 570/570/570 571/571/571
f 541/541/541 571/571/571 542/542/542
f 542/542/542 571/571/571 572/572/572
f 542/542/542 572/572/572 543/543/543
f 543/543/543 572/572/572 573/573/573
f 543/543/543 573/573/573 544/544/544
f 544/544/544 573/573/573 574/574/574
f 544/544/544 574/574/574 545/545/545
f 545/545/545 574/574/574 575/575/575
f 545/545/545 575/575/575 546/546/546
f 546/546/546 575/575/575 576/576/576
f 546/546/546 576/576/576 547/547/547
f 547/547/547 576/576/576 577/577/577
f 547/547/547 577/577/577 548/548/548
f 548/548/548 577/577/577 578/578/578
f 548/548/548 578/578/578 549/549/549
f 549/549/549 578/578/578 579/579/579
f 549/549/549 579/579/579 550/550/550
f 550/550/550 579/579/579 580/580/580
f 550/550/550 580/580/580 551/551/551
f 552/552/552 581/581/581 582/582/582
f 552/552/552 582/582/582 553/553/553
f 553/553/553 582/582/582 583/583/583
f 553/553/553 583/583/583 554/554/554
f 554/554/554 583/583/583 584/584/584
f 554/554/554 584/584/584 555/555/555
f 555/555/555 584/584/584 585/585/585
f 555/555/555 585/585/585 556/556/556
f 556/556/556 585/585/585 586/586/586
f 556/556/556 586/586/586 557/557/557
f 557/557/557 586/586/586 587/587/587
f 557/557/557 587/587/587 558/558/558
f 558/558/558 587/587/587 588/588/588
f 558/558/558 588/588/588 559/559/559
f 559/559/559 588/588/588 589/589/589
f 559/559/559 589/589/589 560/560/560
f 560/560/560 589/589/589 590/590/590
f 560/560/560 590/590/590 561/561/561
f 561/561/561 590/590/590 591/591/591
f 561/561/561 591/591/591 562/562/562
f 562/562/562 591/591/591 592/592/592
f 562/562/562 592/592/592 563/563/563
f 563/563/563 592/592/592 593/593/593
f 563/563/563 593/593/593 564/564/564
f 564/564/564 593/593/593 594/594/594
f 564/564/564 594/594/594 565/565/565
f 565/565/565 594/594/594 595/595/595
f 565/565/565 595/595/595 566/566/566
f 566/566/566 595/595/595 596/596/596
f 566/566/566 596/596/596 567/567/567
f 567/567/567 596/596/596 597/597/597
f 567/567/567 597/597/597 568/568/568
f 568/568/568 597/597/597 598/598/598
f 568/568/568 598/598/598 569/569/569
f 569/569/569 598/598/598 599/599/599
f 569/569/569 599/599/599 570/570/570
f 570/570/570 599/599/599 600/600/600
f 570/570/570 600/600/600 571/571/571
f 571/571/571 600/600/600 601/601/601
f 571/571/571 601/601/601 572/572/572
f 572/572/572 601/601/601 602/602/602
f 572/572/572 602/602/602 573/573/573
f 573/573/573 602/602/602 603/603/603
f 573/573/573 603/603/603 574/574/574
f 574/574/574 603/603/603 604/604/604
f 574/574/574 604/604/604 575/575/575
f 575/575/575 604/604/604 605/605/605
f 575/575/575 605/605/605 576/576/576
f 576/576/576 605/605/605 606/606/606
f 576/576/576 606/606/606 577/577/577
f 577/577/577 606/606/606 607/607/607
f 577/577/577 607/607/607 578/578/578
f 578/578/578 607/607/607 608/608/608
f 578/578/578 608/608/608 579/579/579
f 579/579/579 608/608/608 609/609/609
f 579/579/579 609/609/609 580/580/580
f 581/581/581 610/610/610 611/611/611
f 581/581/581 611/611/611 582/582/582
f 582/582/582 611/611/611 612/612/612
f 582/582/582 612/612/612 583/583/583
f 583/583/583 612/612/612 613/613/613
f 583/583/583 613/613/613 584/584/584
f 584/584/584 613/613/613 614/614/614
f 584/584/584 614/614/614 585/585/585
f 585/585/585 614/614/614 615/615/615
f 585/585/585 615/615/615 586/586/586
f 586/586/586 615/615/615 616/616/616
f 586/586/586 616/616/616 587/587/587
f 587/587/587 616/616/616 617/617/617
f 587/587/587 617/617/617 588/588/588
f 588/588/588 617/617/617 618/618/618
f 588/588/588 618/618/618 589/589/589
f 589/589/589 618/618/618 619/619/619
f 589/589/589 619/619/619 590/590/590
f 590/590/590 619/619/619 620/620/620
f 590/590/590 620/620/620 591/591/591
f 591/591/591 620/620/620 621/621/621
f 591/591/591 621/621/621 592/592/592
f 592/592/592 621/621/621 622/622/622
f 592/592/592 622/622/622 593/593/593
f 593/593/593 622/622/622 623/623/623
f 593/593/593 623/623/623 594/594/594
f 594/594/594 623/623/623 624/624/624
f 594/594/594 624/624/624 595/595/595
f 595/595/595 624/624/624 625/625/625
f 595/595/595 625/625/625 596/596/596
f 596/596/596 625/625/625 626/626/626
f 596/596/596 626/626/626 597/597/597
f 597/597/597 626/626/626 627/627/627
f 597/597/597 627/627/627 598/598/598
f 598/598/598 627/627/627 628/628/628
f 598/598/598 628/628/628 599/599/599
f 599/599/599 628/628/628 629/629/629
f 599/599/599 629/629/629 600/600/600
f 600/600/600 629/629/629 630/630/630
f 600/600/600 630/630/630 601/601/601
f 601/601/601 630/630/630 631/631/631
f 601/601/601 631/631/631 602/602/602
f 602/602/602 631/631/631 632/632/632
f 602/602/602 632/632/632 603/603/603
f 603/603/603 632/632/632 633/633/633
f 603/603/603 633/633/633 604/604/604
f 604/604/604 633/633/633 634/634/634
f 604/604/604 634/634/634 605/605/605
f 605/605/605 634/634/634 635/635/635
f 605/605/605 635/635/635 606/606/606
f 606/606/606 635/635/635 636/636/636
f 606/606/606 636/636/636 607/607/607
f 607/607/607 636/636/636 637/637/637
f 607/607/607 637/637/637 608/608/608
f 608/608/608 637/637/637 638/638/638
f 608/608/608 638/638/638 609/609/609
f 610/610/610 639/639/639 640/640/640
f 610/610/610 640/640/640 611/611/611
f 611/611/611 640/640/640 641/641/641
f 611/611/611 641/641/641 612/612/612
f 612/612/612 641/641/641 642/642/642
f 612/612/612 642/642/642 613/613/613
f 613/613/613 642/642/642 643/643/643
f 613/613/613 643/643/643 614/614/614
f 614/614/614 643/643/643 644/644/644
f 614/614/614 644/644/644 615/615/615
f 615/615/615 644/644/644 645/645/645
f 615/615/615 645/645/645 616/616/616
f 616/616/616 645/645/645 646/646/646
f 616/616/616 646/646/646 617/617/617
f 617/617/617 646/646/646 647/647/647
f 617/617/617 647/647/647 618/618/618
f 618/618/618 647/647/647 648/648/648
f 618/618/618 648/648/648 619/619/619
f 619/619/619 648/648/648 649/649/649
f 619/619/619 649/649/649 620/620/620
f 620/620/620 649/649/649 650/650/650
f 620/620/620 650/650/650 621/621/621
f 621/621/621 650/650/650 651/651/651
f 621/621/621 651/651/651 622/622/622
f 622/622/622 651/651/651 652/652/652
f 622/622/622 652/652/652 623/623/623
f 623/623/623 652/652/652 653/653/653
f 623/623/623 653/653/653 624/624/624
f 624/624/624 653/653/653 654/654/654
f 624/624/624 654/654/654 625/625/625
f 625/625/625 654/654/654 655/655/655
f 625/625/625 655/655/655 626/626/626
f 626/626/626 655/655/655 656/656/656
f 626/626/626 656/656/656 627/627/627
f 627/627/627 656/656/656 657/657/657
f 627/627/627 657/657/657 628/628/628
f 628/628/628 657/657/657 658/658/658
f 628/628/628 658/658/658 629/629/629
f 629/629/629 658/658/658 659/659/659
f 629/629/629 659/659/659 630/630/630
f 630/630/630 659/659/659 660/660/660
f 630/630/630 660/660/660 631/631/631
f 631/631/631 660/660/660 661/661/661
f 631/631/631 661/661/661 632/632/632
f 632/632/632 661/661/661 662/662/662
f 632/632/632 662/662/662 633/633/633
f 633/633/633 662/662/662 663/663/663
f 633/633/633 663/663/663 634/634/634
f 634/634/634 663/663/663 664/664/664
f 634/634/634 664/664/664 635/635/635
f 635/635/635 664/664/664 665/665/665
f 635/635/635 665/665/665 636/636/636
f 636/636/636 665/665/665 666/666/666
f 636/636/636 666/666/666 637/637/637
f 637/637/637 666/666/666 667/667/667
f 637/637/637 667/667/667 638/638/638
f 639/639/639 668/668/668 669/669/669
f 639/639/639 669/669/669 640/640/640
f 640/640/640 669/669/669 670/670/670
f 640/640/640 670/670/670 641/641/641
f 641/641/641 670/670/670 671/671/671
f 641/641/641 671/671/671 642/642/642
f 642/642/642 671/671/671 672/672/672
f 642/642/642 672/672/672 643/643/643
f 643/643/643 672/672/672 673/673/673
f 643/643/643 673/673/673 644/644/644
f 644/644/644 673/673/673 674/674/674
f 644/644/644 674/674/674 645/645/645
f 645/645/645 674/674/674 675/675/675
f 645/645/645 675/675/675 646/646/646
f 646/646/646 675/675/675 676/676/676
f 646/646/646 676/676/676 647/647/647
f 647/647/647 676/676/676 677/677/677
f 647/647/647 677/677/677 648/648/648
f 648/648/648 677/677/677 678/678/678
f 648/648/648 678/678/678 649/649/649
f 649/649/649 678/678/678 679/679/679
f 649/649/649 679/679/679 650/650/650
f 650/650/650 679/679/679 680/680/680
f 650/650/650 680/680/680 651/651/651
f 651/651/651 680/680/680 681/681/681
f 651/651/651 681/681/681 652/652/652
f 652/652/652 681/681/681 682/682/682
f 652/652/652 682/682/682 653/653/653
f 653/653/653 682/682/682 683/683/683
f 653/653/653 683/683/683 654/654/654
f 654/654/654 683/683/683 684/684/684
f 654/654/654 684/684/684 655/655/655
f 655/655/655 684/684/684 685/685/685
f 655/655/655 685/685/685 656/656/656
f 656/656/656 685/685/685 686/686/686
f 656/656/656 686/686/686 657/657/657
f 657/657/657 686/686/686 687/687/687
f 657/657/657 687/687/687 658/658/658
f 658/658/658 687/687/687 688/688/688
f 658/658/658 688/688/688 659/659/659
f 659/659/659 688/688/688 689/689/689
f 659/659/659 689/689/689 660/660/660
f 660/660/660 689/689/689 690/690/690
f 660/660/660 690/690/690 661/661/661
f 661/661/661 690/690/690 691/691/691
f 661/661/661 691/691/691 662/662/662
f 662/662/662 691/691/691 692/692/692
f 662/662/662 692/692/692 663/663/663
f 663/663/663 692/692/692 693/693/693
f 663/663/663 693/693/693 664/664/664
f 664/664/664 693/693/693 694/694/694
f 664/664/664 694/694/694 665/665/665
f 665/665/665 694/694/694 695/695/695
f 665/665/665 695/695/695 666/666/666
f 666/666/666 695/695/695 696/696/696
f 666/666/666 696/696/696 667/667/667
f 668/668/668 697/697/697 698/698/698
f 668/668/668 698/698/698 669/669/669
f 669/669/669 698/698/698 699/699/699
f 669/669/669 699/699/699 670/670/670
f 670/670/670 699/699/699 700/700/700
f 670/670/670 700/700/700 671/671/671
f 671/671/671 700/700/700 701/701/701
f 671/671/671 701/701/701 672/672/672
f 672/672/672 701/701/701 702/702/702
f 672/672/672 702/702/702 673/673/673
f 673/673/673 702/702/702 703/703/703
f 673/673/673 703/703/703 674/674/674
f 674/674/674 703/703/703 704/704/704
f 674/674/674 704/704/704 675/675/675
f 675/675/675 704/704/704 705/705/705
f 675/675/675 705/705/705 676/676/676
f 676/676/676 705/705/705 706/706/706
f 676/676/676 706/706/706 677/677/677
f 677/677/677 706/706/706 707/707/707
f 677/677/677 707/707/707 678/678/678
f 678/678/678 707/707/707 708/708/708
f 678/678/678 708/708/708 679/679/679
f 679/679/679 708/708/708 709/709/709
f 679/679/679 709/709/709 680/680/680
f 680/680/680 709/709/709 710/710/710
f 680/680/680 710/710/710 681/681/681
f 681/681/681 710/710/710 711/711/711
f 681/681/681 711/711/711 682/682/682
f 682/682/682 711/711/711 712/712/712
f 682/682/682 712/712/712 683/683/683
f 683/683/683 712/712/712 713/713/713
f 683/683/683 713/713/713 684/684/684
f 684/684/684 713/713/713 714/714/714
f 684/684/684 714/714/714 685/685/685
f 685/685/685 714/714/714 715/715/715
f 685/685/685 715/715/715 686/686/686
f 686/686/686 715/715/715 716/716/716
f 686/686/686 716/716/716 687/687/687
f 687/687/687 716/716/716 717/717/717
f 687/687/687 717/717/717 688/688/688
f 688/688/688 717/717/717 718/718/718
f 688/688/688 718/718/718 689/689/689
f 689/689/689 718/718/718 719/719/719
f 689/689/689 719/719/719 690/690/690
f 690/690/690 719/719/719 720/720/720
f 690/690/690 720/720/720 691/691/691
f 691/691/691 720/720/720 721/721/721
f 691/691/691 721/721/721 692/692/692
f 692/692/692 721/721/721 722/722/722
f 692/692/692 722/722/722 693/693/693
f 693/693/693 722/722/722 723/723/723
f 693/693/693 723/723/723 694/694/694
f 694/694/694 723/723/723 724/724/724
f 694/694/694 724/724/724 695/695/695
f 695/695/695 724/724/724 725/725/725
f 695/695/695 725/725/725 696/696/696
f 697/697/697 726/726/726 727/727/727
f 697/697/697 727/727/727 698/698/698
f 698/698/698 727/727/727 728/728/728
f 698/698/698 728/728/728 699/699/699
f 699/699/699 728/728/728 729/729/729
f 699/699/699 729/729/729 700/700/700
f 700/700/700 729/729/729 730/730/730
f 700/700/700 730/730/730 701/701/701
f 701/701/701 730/730/730 731/731/731
f 701/701/701 731/731/731 702/702/702
f 702/702/702 731/731/731 732/732/732
f 702/702/702 732/732/732 703/703/703
f 703/703/703 732/732/732 733/733/733
f 703/703/703 733/733/733 704/704/704
f 704/704/704 733/733/733 734/734/734
f 704/704/704 734/734/734 705/705/705
f 705/705/705 734/734/734 735/735/735
f 705/705/705 735/735/735 706/706/706
f 706/706/706 735/735/735 736/736/736
f 706/706/706 736/736/736 707/707/707
f 707/707/707 736/736/736 737/737/737
f 707/707/707 737/737/737 708/708/708
f 708/708/708 737/737/737 738/738/738
f 708/708/708 738/738/738 709/709/709
f 709/709/709 738/738/738 739/739/739
f 709/709/709 739/739/739 710/710/710
f 710/710/710 739/739/739 740/740/740
f 710/710/710 740/740/740 711/711/711
f 711/711/711 740/740/740 741/741/741
f 711/711/711 741/741/741 712/712/712
f 712/712/712 741/741/741 742/742/742
f 712/712/712 742/742/742 713/713/713
f 713/713/713 742/742/742 743/743/743
f 713/713/713 743/743/743 714/714/714
f 714/714/714 743/743/743 744/744/744
f 714/714/714 744/744/744 715/715/715
f 715/715/715 744/744/744 745/745/745
f 715/715/715 745/745/745 716/716/716
f 716/716/716 745/745/745 746/746/746
f 716/716/716 746/746/746 717/717/717
f 717/717/717 746/746/746 747/747/747
f 717/717/717 747/747/747 718/718/718
f 718/718/718 747/747/747 748/748/748
f 718/718/718 748/748/748 719/719/719
f 719/719/719 748/748/748 749/749/749
f 719/719/719 749/749/749 720/720/720
f 720/720/720 749/749/749 750/750/750
f 720/720/720 750/750/750 721/721/721
f 721/721/721 750/750/750 751/751/751
f 721/721/721 751/751/751 722/722/722
f 722/722/722 751/751/751 752/752/752
f 722/722/722 752/752/752 723/723/723
f 723/723/723 752/752/752 753/753/753
f 723/723/723 753/753/753 724/724/724
f 724/724/724 753/753/753 754/754/754
f 724/724/724 754/754/754 725/725/725
