# generated by tools/make_gecko_mesh.py -- do not hand-edit
v 0.009262 0.009074 0.000000
v 0.009262 0.008862 0.002004
v 0.009262 0.008235 0.003730
v 0.009262 0.007217 0.005227
v 0.009262 0.005847 0.006451
v 0.009262 0.004173 0.007361
v 0.009262 0.002242 0.007922
v 0.009262 0.000000 0.008111
v 0.009262 -0.002242 0.007922
v 0.009262 -0.004173 0.007361
v 0.009262 -0.005847 0.006451
v 0.009262 -0.007217 0.005227
v 0.009262 -0.008235 0.003730
v 0.009262 -0.008862 0.002004
v 0.009262 -0.009074 0.000000
v 0.009262 -0.008846 -0.001805
v 0.009262 -0.008175 -0.003519
v 0.009262 -0.007094 -0.005057
v 0.009262 -0.005657 -0.006342
v 0.009262 -0.003937 -0.007308
v 0.009262 -0.002019 -0.007908
v 0.009262 -0.000000 -0.008111
v 0.009262 0.002019 -0.007908
v 0.009262 0.003937 -0.007308
v 0.009262 0.005657 -0.006342
v 0.009262 0.007094 -0.005057
v 0.009262 0.008175 -0.003519
v 0.009262 0.008846 -0.001805
v 0.009262 0.009074 -0.000000
v 0.008328 0.009187 0.000000
v 0.008328 0.008972 0.002029
v 0.008328 0.008337 0.003777
v 0.008328 0.007307 0.005292
v 0.008328 0.005920 0.006532
v 0.008328 0.004225 0.007453
v 0.008328 0.002270 0.008021
v 0.008328 0.000000 0.008212
v 0.008328 -0.002270 0.008021
v 0.008328 -0.004225 0.007453
v 0.008328 -0.005920 0.006532
v 0.008328 -0.007307 0.005292
v 0.008328 -0.008337 0.003777
v 0.008328 -0.008972 0.002029
v 0.008328 -0.009187 0.000000
v 0.008328 -0.008956 -0.001827
v 0.008328 -0.008277 -0.003563
v 0.008328 -0.007182 -0.005120
v 0.008328 -0.005728 -0.006421
v 0.008328 -0.003986 -0.007399
v 0.008328 -0.002044 -0.008006
v 0.008328 -0.000000 -0.008212
v 0.008328 0.002044 -0.008006
v 0.008328 0.003986 -0.007399
v 0.008328 0.005728 -0.006421
v 0.008328 0.007182 -0.005120
v 0.008328 0.008277 -0.003563
v 0.008328 0.008956 -0.001827
v 0.008328 0.009187 0.000000
v 0.007394 0.008933 0.000000
v 0.007394 0.008725 0.001973
v 0.007394 0.008107 0.003673
v 0.007394 0.007105 0.005146
v 0.007394 0.005756 0.006352
v 0.007394 0.004109 0.007248
v 0.007394 0.002208 0.007799
v 0.007394 0.000000 0.007986
v 0.007394 -0.002208 0.007799
v 0.007394 -0.004109 0.007248
v 0.007394 -0.005756 0.006352
v 0.007394 -0.007105 0.005146
v 0.007394 -0.008107 0.003673
v 0.007394 -0.008725 0.001973
v 0.007394 -0.008933 0.000000
v 0.007394 -0.008709 -0.001777
v 0.007394 -0.008049 -0.003465
v 0.007394 -0.006984 -0.004979
v 0.007394 -0.005570 -0.006244
v 0.007394 -0.003876 -0.007195
v 0.007394 -0.001988 -0.007786
v 0.007394 -0.000000 -0.007986
v 0.007394 0.001988 -0.007786
v 0.007394 0.003876 -0.007195
v 0.007394 0.005570 -0.006244
v 0.007394 0.006984 -0.004979
v 0.007394 0.008049 -0.003465
v 0.007394 0.008709 -0.001777
v 0.007394 0.008933 -0.000000
v 0.006460 0.008450 0.000000
v 0.006460 0.008253 0.001867
v 0.006460 0.007669 0.003474
v 0.006460 0.006721 0.004868
v 0.006460 0.005445 0.006008
v 0.006460 0.003886 0.006856
v 0.006460 0.002088 0.007378
v 0.006460 0.000000 0.007554
v 0.006460 -0.002088 0.007378
v 0.006460 -0.003886 0.006856
v 0.006460 -0.005445 0.006008
v 0.006460 -0.006721 0.004868
v 0.006460 -0.007669 0.003474
v 0.006460 -0.008253 0.001867
v 0.006460 -0.008450 0.000000
v 0.006460 -0.008239 -0.001681
v 0.006460 -0.007614 -0.003278
v 0.006460 -0.006607 -0.004710
v 0.006460 -0.005269 -0.005906
v 0.006460 -0.003666 -0.006806
v 0.006460 -0.001880 -0.007365
v 0.006460 -0.000000 -0.007554
v 0.006460 0.001880 -0.007365
v 0.006460 0.003666 -0.006806
v 0.006460 0.005269 -0.005906
v 0.006460 0.006607 -0.004710
v 0.006460 0.007614 -0.003278
v 0.006460 0.008239 -0.001681
v 0.006460 0.008450 -0.000000
v 0.005526 0.008110 0.000000
v 0.005526 0.007920 0.001791
v 0.005526 0.007360 0.003334
v 0.005526 0.006450 0.004671
v 0.005526 0.005226 0.005766
v 0.005526 0.003730 0.006579
v 0.005526 0.002004 0.007080
v 0.005526 0.000000 0.007249
v 0.005526 -0.002004 0.007080
v 0.005526 -0.003730 0.006579
v 0.005526 -0.005226 0.005766
v 0.005526 -0.006450 0.004671
v 0.005526 -0.007360 0.003334
v 0.005526 -0.007920 0.001791
v 0.005526 -0.008110 0.000000
v 0.005526 -0.007906 -0.001613
v 0.005526 -0.007306 -0.003145
v 0.005526 -0.006340 -0.004520
v 0.005526 -0.005056 -0.005668
v 0.005526 -0.003519 -0.006531
v 0.005526 -0.001805 -0.007068
v 0.005526 -0.000000 -0.007249
v 0.005526 0.001805 -0.007068
v 0.005526 0.003519 -0.006531
v 0.005526 0.005056 -0.005668
v 0.005526 0.006340 -0.004520
v 0.005526 0.007306 -0.003145
v 0.005526 0.007906 -0.001613
v 0.005526 0.008110 0.000000
v 0.004592 0.007993 0.000000
v 0.004592 0.007806 0.001766
v 0.004592 0.007254 0.003286
v 0.004592 0.006357 0.004604
v 0.004592 0.005151 0.005683
v 0.004592 0.003676 0.006485
v 0.004592 0.001975 0.006978
v 0.004592 0.000000 0.007145
v 0.004592 -0.001975 0.006978
v 0.004592 -0.003676 0.006485
v 0.004592 -0.005151 0.005683
v 0.004592 -0.006357 0.004604
v 0.004592 -0.007254 0.003286
v 0.004592 -0.007806 0.001766
v 0.004592 -0.007993 0.000000
v 0.004592 -0.007793 -0.001590
v 0.004592 -0.007201 -0.003100
v 0.004592 -0.006249 -0.004455
v 0.004592 -0.004984 -0.005586
v 0.004592 -0.003468 -0.006438
v 0.004592 -0.001779 -0.006966
v 0.004592 -0.000000 -0.007145
v 0.004592 0.001779 -0.006966
v 0.004592 0.003468 -0.006438
v 0.004592 0.004984 -0.005586
v 0.004592 0.006249 -0.004455
v 0.004592 0.007201 -0.003100
v 0.004592 0.007793 -0.001590
v 0.004592 0.007993 -0.000000
v 0.003658 0.007834 0.000000
v 0.003658 0.007651 0.001731
v 0.003658 0.007109 0.003221
v 0.003658 0.006231 0.004512
v 0.003658 0.005048 0.005570
v 0.003658 0.003603 0.006355
v 0.003658 0.001936 0.006839
v 0.003658 0.000000 0.007003
v 0.003658 -0.001936 0.006839
v 0.003658 -0.003603 0.006355
v 0.003658 -0.005048 0.005570
v 0.003658 -0.006231 0.004512
v 0.003658 -0.007109 0.003221
v 0.003658 -0.007651 0.001731
v 0.003658 -0.007834 0.000000
v 0.003658 -0.007637 -0.001558
v 0.003658 -0.007058 -0.003038
v 0.003658 -0.006125 -0.004366
v 0.003658 -0.004884 -0.005475
v 0.003658 -0.003399 -0.006309
v 0.003658 -0.001743 -0.006827
v 0.003658 -0.000000 -0.007003
v 0.003658 0.001743 -0.006827
v 0.003658 0.003399 -0.006309
v 0.003658 0.004884 -0.005475
v 0.003658 0.006125 -0.004366
v 0.003658 0.007058 -0.003038
v 0.003658 0.007637 -0.001558
v 0.003658 0.007834 0.000000
v 0.002724 0.007438 0.000000
v 0.002724 0.007265 0.001643
v 0.002724 0.006751 0.003058
v 0.002724 0.005916 0.004285
v 0.002724 0.004793 0.005289
v 0.002724 0.003421 0.006035
v 0.002724 0.001838 0.006494
v 0.002724 0.000000 0.006649
v 0.002724 -0.001838 0.006494
v 0.002724 -0.003421 0.006035
v 0.002724 -0.004793 0.005289
v 0.002724 -0.005916 0.004285
v 0.002724 -0.006751 0.003058
v 0.002724 -0.007265 0.001643
v 0.002724 -0.007438 0.000000
v 0.002724 -0.007252 -0.001480
v 0.002724 -0.006702 -0.002885
v 0.002724 -0.005816 -0.004146
v 0.002724 -0.004638 -0.005199
v 0.002724 -0.003227 -0.005991
v 0.002724 -0.001655 -0.006483
v 0.002724 -0.000000 -0.006649
v 0.002724 0.001655 -0.006483
v 0.002724 0.003227 -0.005991
v 0.002724 0.004638 -0.005199
v 0.002724 0.005816 -0.004146
v 0.002724 0.006702 -0.002885
v 0.002724 0.007252 -0.001480
v 0.002724 0.007438 0.000000
v 0.001790 0.006945 0.000000
v 0.001790 0.006783 0.001534
v 0.001790 0.006303 0.002855
v 0.001790 0.005524 0.004001
v 0.001790 0.004475 0.004938
v 0.001790 0.003194 0.005635
v 0.001790 0.001716 0.006064
v 0.001790 0.000000 0.006209
v 0.001790 -0.001716 0.006064
v 0.001790 -0.003194 0.005635
v 0.001790 -0.004475 0.004938
v 0.001790 -0.005524 0.004001
v 0.001790 -0.006303 0.002855
v 0.001790 -0.006783 0.001534
v 0.001790 -0.006945 0.000000
v 0.001790 -0.006771 -0.001382
v 0.001790 -0.006257 -0.002694
v 0.001790 -0.005430 -0.003871
v 0.001790 -0.004330 -0.004854
v 0.001790 -0.003013 -0.005594
v 0.001790 -0.001545 -0.006053
v 0.001790 -0.000000 -0.006209
v 0.001790 0.001545 -0.006053
v 0.001790 0.003013 -0.005594
v 0.001790 0.004330 -0.004854
v 0.001790 0.005430 -0.003871
v 0.001790 0.006257 -0.002694
v 0.001790 0.006771 -0.001382
v 0.001790 0.006945 0.000000
v 0.000855 0.006594 0.000000
v 0.000855 0.006440 0.001457
v 0.000855 0.005984 0.002711
v 0.000855 0.005245 0.003798
v 0.000855 0.004249 0.004689
v 0.000855 0.003033 0.005350
v 0.000855 0.001630 0.005757
v 0.000855 0.000000 0.005895
v 0.000855 -0.001630 0.005757
v 0.000855 -0.003033 0.005350
v 0.000855 -0.004249 0.004689
v 0.000855 -0.005245 0.003798
v 0.000855 -0.005984 0.002711
v 0.000855 -0.006440 0.001457
v 0.000855 -0.006594 0.000000
v 0.000855 -0.006429 -0.001312
v 0.000855 -0.005941 -0.002558
v 0.000855 -0.005155 -0.003675
v 0.000855 -0.004111 -0.004609
v 0.000855 -0.002861 -0.005311
v 0.000855 -0.001467 -0.005747
v 0.000855 -0.000000 -0.005895
v 0.000855 0.001467 -0.005747
v 0.000855 0.002861 -0.005311
v 0.000855 0.004111 -0.004609
v 0.000855 0.005155 -0.003675
v 0.000855 0.005941 -0.002558
v 0.000855 0.006429 -0.001312
v 0.000855 0.006594 0.000000
v -0.000079 0.006405 0.000000
v -0.000079 0.006255 0.001415
v -0.000079 0.005812 0.002633
v -0.000079 0.005094 0.003689
v -0.000079 0.004127 0.004554
v -0.000079 0.002946 0.005196
v -0.000079 0.001583 0.005592
v -0.000079 0.000000 0.005725
v -0.000079 -0.001583 0.005592
v -0.000079 -0.002946 0.005196
v -0.000079 -0.004127 0.004554
v -0.000079 -0.005094 0.003689
v -0.000079 -0.005812 0.002633
v -0.000079 -0.006255 0.001415
v -0.000079 -0.006405 0.000000
v -0.000079 -0.006244 -0.001274
v -0.000079 -0.005770 -0.002484
v -0.000079 -0.005007 -0.003570
v -0.000079 -0.003993 -0.004476
v -0.000079 -0.002779 -0.005158
v -0.000079 -0.001425 -0.005582
v -0.000079 -0.000000 -0.005725
v -0.000079 0.001425 -0.005582
v -0.000079 0.002779 -0.005158
v -0.000079 0.003993 -0.004476
v -0.000079 0.005007 -0.003570
v -0.000079 0.005770 -0.002484
v -0.000079 0.006244 -0.001274
v -0.000079 0.006405 0.000000
v -0.001013 0.006205 0.000000
v -0.001013 0.006060 0.001371
v -0.001013 0.005631 0.002551
v -0.001013 0.004935 0.003574
v -0.001013 0.003998 0.004412
v -0.001013 0.002854 0.005034
v -0.001013 0.001533 0.005417
v -0.001013 0.000000 0.005547
v -0.001013 -0.001533 0.005417
v -0.001013 -0.002854 0.005034
v -0.001013 -0.003998 0.004412
v -0.001013 -0.004935 0.003574
v -0.001013 -0.005631 0.002551
v -0.001013 -0.006060 0.001371
v -0.001013 -0.006205 0.000000
v -0.001013 -0.006049 -0.001234
v -0.001013 -0.005590 -0.002407
v -0.001013 -0.004851 -0.003458
v -0.001013 -0.003869 -0.004337
v -0.001013 -0.002692 -0.004998
v -0.001013 -0.001381 -0.005408
v -0.001013 -0.000000 -0.005547
v -0.001013 0.001381 -0.005408
v -0.001013 0.002692 -0.004998
v -0.001013 0.003869 -0.004337
v -0.001013 0.004851 -0.003458
v -0.001013 0.005590 -0.002407
v -0.001013 0.006049 -0.001234
v -0.001013 0.006205 0.000000
v -0.001947 0.005906 0.000000
v -0.001947 0.005768 0.001305
v -0.001947 0.005360 0.002428
v -0.001947 0.004697 0.003402
v -0.001947 0.003806 0.004199
v -0.001947 0.002716 0.004792
v -0.001947 0.001459 0.005156
v -0.001947 0.000000 0.005280
v -0.001947 -0.001459 0.005156
v -0.001947 -0.002716 0.004792
v -0.001947 -0.003806 0.004199
v -0.001947 -0.004697 0.003402
v -0.001947 -0.005360 0.002428
v -0.001947 -0.005768 0.001305
v -0.001947 -0.005906 0.000000
v -0.001947 -0.005758 -0.001175
v -0.001947 -0.005321 -0.002291
v -0.001947 -0.004618 -0.003292
v -0.001947 -0.003682 -0.004128
v -0.001947 -0.002563 -0.004757
v -0.001947 -0.001314 -0.005147
v -0.001947 -0.000000 -0.005280
v -0.001947 0.001314 -0.005147
v -0.001947 0.002563 -0.004757
v -0.001947 0.003682 -0.004128
v -0.001947 0.004618 -0.003292
v -0.001947 0.005321 -0.002291
v -0.001947 0.005758 -0.001175
v -0.001947 0.005906 0.000000
v -0.002881 0.005610 0.000000
v -0.002881 0.005479 0.001239
v -0.002881 0.005091 0.002306
v -0.002881 0.004462 0.003231
v -0.002881 0.003615 0.003988
v -0.002881 0.002580 0.004551
v -0.002881 0.001386 0.004898
v -0.002881 0.000000 0.005015
v -0.002881 -0.001386 0.004898
v -0.002881 -0.002580 0.004551
v -0.002881 -0.003615 0.003988
v -0.002881 -0.004462 0.003231
v -0.002881 -0.005091 0.002306
v -0.002881 -0.005479 0.001239
v -0.002881 -0.005610 0.000000
v -0.002881 -0.005469 -0.001116
v -0.002881 -0.005054 -0.002176
v -0.002881 -0.004386 -0.003127
v -0.002881 -0.003497 -0.003921
v -0.002881 -0.002434 -0.004518
v -0.002881 -0.001248 -0.004889
v -0.002881 -0.000000 -0.005015
v -0.002881 0.001248 -0.004889
v -0.002881 0.002434 -0.004518
v -0.002881 0.003497 -0.003921
v -0.002881 0.004386 -0.003127
v -0.002881 0.005054 -0.002176
v -0.002881 0.005469 -0.001116
v -0.002881 0.005610 0.000000
v -0.003815 0.005447 0.000000
v -0.003815 0.005319 0.001203
v -0.003815 0.004943 0.002239
v -0.003815 0.004332 0.003137
v -0.003815 0.003510 0.003873
v -0.003815 0.002505 0.004419
v -0.003815 0.001346 0.004755
v -0.003815 0.000000 0.004869
v -0.003815 -0.001346 0.004755
v -0.003815 -0.002505 0.004419
v -0.003815 -0.003510 0.003873
v -0.003815 -0.004332 0.003137
v -0.003815 -0.004943 0.002239
v -0.003815 -0.005319 0.001203
v -0.003815 -0.005447 0.000000
v -0.003815 -0.005310 -0.001083
v -0.003815 -0.004907 -0.002113
v -0.003815 -0.004258 -0.003036
v -0.003815 -0.003396 -0.003807
v -0.003815 -0.002363 -0.004387
v -0.003815 -0.001212 -0.004747
v -0.003815 -0.000000 -0.004869
v -0.003815 0.001212 -0.004747
v -0.003815 0.002363 -0.004387
v -0.003815 0.003396 -0.003807
v -0.003815 0.004258 -0.003036
v -0.003815 0.004907 -0.002113
v -0.003815 0.005310 -0.001083
v -0.003815 0.005447 0.000000
v -0.004749 0.005415 0.000000
v -0.004749 0.005289 0.001196
v -0.004749 0.004915 0.002226
v -0.004749 0.004307 0.003119
v -0.004749 0.003490 0.003850
v -0.004749 0.002491 0.004393
v -0.004749 0.001338 0.004728
v -0.004749 0.000000 0.004841
v -0.004749 -0.001338 0.004728
v -0.004749 -0.002491 0.004393
v -0.004749 -0.003490 0.003850
v -0.004749 -0.004307 0.003119
v -0.004749 -0.004915 0.002226
v -0.004749 -0.005289 0.001196
v -0.004749 -0.005415 0.000000
v -0.004749 -0.005279 -0.001077
v -0.004749 -0.004879 -0.002100
v -0.004749 -0.004234 -0.003018
v -0.004749 -0.003376 -0.003785
v -0.004749 -0.002350 -0.004362
v -0.004749 -0.001205 -0.004720
v -0.004749 -0.000000 -0.004841
v -0.004749 0.001205 -0.004720
v -0.004749 0.002350 -0.004362
v -0.004749 0.003376 -0.003785
v -0.004749 0.004234 -0.003018
v -0.004749 0.004879 -0.002100
v -0.004749 0.005279 -0.001077
v -0.004749 0.005415 0.000000
v -0.005683 0.005424 0.000000
v -0.005683 0.005297 0.001198
v -0.005683 0.004922 0.002230
v -0.005683 0.004314 0.003124
v -0.005683 0.003495 0.003856
v -0.005683 0.002494 0.004400
v -0.005683 0.001340 0.004735
v -0.005683 0.000000 0.004849
v -0.005683 -0.001340 0.004735
v -0.005683 -0.002494 0.004400
v -0.005683 -0.003495 0.003856
v -0.005683 -0.004314 0.003124
v -0.005683 -0.004922 0.002230
v -0.005683 -0.005297 0.001198
v -0.005683 -0.005424 0.000000
v -0.005683 -0.005288 -0.001079
v -0.005683 -0.004887 -0.002104
v -0.005683 -0.004241 -0.003023
v -0.005683 -0.003382 -0.003791
v -0.005683 -0.002353 -0.004368
v -0.005683 -0.001207 -0.004727
v -0.005683 -0.000000 -0.004849
v -0.005683 0.001207 -0.004727
v -0.005683 0.002353 -0.004368
v -0.005683 0.003382 -0.003791
v -0.005683 0.004241 -0.003023
v -0.005683 0.004887 -0.002104
v -0.005683 0.005288 -0.001079
v -0.005683 0.005424 0.000000
v -0.006617 0.005338 0.000000
v -0.006617 0.005213 0.001179
v -0.006617 0.004844 0.002195
v -0.006617 0.004246 0.003075
v -0.006617 0.003440 0.003795
v -0.006617 0.002455 0.004331
v -0.006617 0.001319 0.004660
v -0.006617 0.000000 0.004772
v -0.006617 -0.001319 0.004660
v -0.006617 -0.002455 0.004331
v -0.006617 -0.003440 0.003795
v -0.006617 -0.004246 0.003075
v -0.006617 -0.004844 0.002195
v -0.006617 -0.005213 0.001179
v -0.006617 -0.005338 0.000000
v -0.006617 -0.005204 -0.001062
v -0.006617 -0.004809 -0.002070
v -0.006617 -0.004173 -0.002975
v -0.006617 -0.003328 -0.003731
v -0.006617 -0.002316 -0.004299
v -0.006617 -0.001188 -0.004652
v -0.006617 -0.000000 -0.004772
v -0.006617 0.001188 -0.004652
v -0.006617 0.002316 -0.004299
v -0.006617 0.003328 -0.003731
v -0.006617 0.004173 -0.002975
v -0.006617 0.004809 -0.002070
v -0.006617 0.005204 -0.001062
v -0.006617 0.005338 0.000000
v -0.007552 0.005163 0.000000
v -0.007552 0.005043 0.001141
v -0.007552 0.004686 0.002123
v -0.007552 0.004107 0.002974
v -0.007552 0.003327 0.003671
v -0.007552 0.002375 0.004189
v -0.007552 0.001276 0.004508
v -0.007552 0.000000 0.004616
v -0.007552 -0.001276 0.004508
v -0.007552 -0.002375 0.004189
v -0.007552 -0.003327 0.003671
v -0.007552 -0.004107 0.002974
v -0.007552 -0.004686 0.002123
v -0.007552 -0.005043 0.001141
v -0.007552 -0.005163 0.000000
v -0.007552 -0.005034 -0.001027
v -0.007552 -0.004652 -0.002003
v -0.007552 -0.004037 -0.002878
v -0.007552 -0.003219 -0.003609
v -0.007552 -0.002240 -0.004159
v -0.007552 -0.001149 -0.004500
v -0.007552 -0.000000 -0.004616
v -0.007552 0.001149 -0.004500
v -0.007552 0.002240 -0.004159
v -0.007552 0.003219 -0.003609
v -0.007552 0.004037 -0.002878
v -0.007552 0.004652 -0.002003
v -0.007552 0.005034 -0.001027
v -0.007552 0.005163 0.000000
v -0.008486 0.004968 0.000000
v -0.008486 0.004852 0.001097
v -0.008486 0.004509 0.002043
v -0.008486 0.003951 0.002862
v -0.008486 0.003201 0.003532
v -0.008486 0.002285 0.004031
v -0.008486 0.001228 0.004337
v -0.008486 0.000000 0.004441
v -0.008486 -0.001228 0.004337
v -0.008486 -0.002285 0.004031
v -0.008486 -0.003201 0.003532
v -0.008486 -0.003951 0.002862
v -0.008486 -0.004509 0.002043
v -0.008486 -0.004852 0.001097
v -0.008486 -0.004968 0.000000
v -0.008486 -0.004844 -0.000988
v -0.008486 -0.004476 -0.001927
v -0.008486 -0.003884 -0.002769
v -0.008486 -0.003098 -0.003472
v -0.008486 -0.002156 -0.004001
v -0.008486 -0.001106 -0.004330
v -0.008486 -0.000000 -0.004441
v -0.008486 0.001106 -0.004330
v -0.008486 0.002156 -0.004001
v -0.008486 0.003098 -0.003472
v -0.008486 0.003884 -0.002769
v -0.008486 0.004476 -0.001927
v -0.008486 0.004844 -0.000988
v -0.008486 0.004968 0.000000
v -0.009420 0.004743 0.000000
v -0.009420 0.004633 0.001048
v -0.009420 0.004305 0.001950
v -0.009420 0.003773 0.002732
v -0.009420 0.003057 0.003373
v -0.009420 0.002182 0.003848
v -0.009420 0.001172 0.004141
v -0.009420 0.000000 0.004240
v -0.009420 -0.001172 0.004141
v -0.009420 -0.002182 0.003848
v -0.009420 -0.003057 0.003373
v -0.009420 -0.003773 0.002732
v -0.009420 -0.004305 0.001950
v -0.009420 -0.004633 0.001048
v -0.009420 -0.004743 0.000000
v -0.009420 -0.004624 -0.000944
v -0.009420 -0.004274 -0.001840
v -0.009420 -0.003708 -0.002644
v -0.009420 -0.002957 -0.003315
v -0.009420 -0.002058 -0.003820
v -0.009420 -0.001055 -0.004134
v -0.009420 -0.000000 -0.004240
v -0.009420 0.001055 -0.004134
v -0.009420 0.002058 -0.003820
v -0.009420 0.002957 -0.003315
v -0.009420 0.003708 -0.002644
v -0.009420 0.004274 -0.001840
v -0.009420 0.004624 -0.000944
v -0.009420 0.004743 0.000000
v -0.010354 0.004462 0.000000
v -0.010354 0.004358 0.000986
v -0.010354 0.004050 0.001835
v -0.010354 0.003549 0.002571
v -0.010354 0.002876 0.003173
v -0.010354 0.002052 0.003620
v -0.010354 0.001103 0.003896
v -0.010354 0.000000 0.003989
v -0.010354 -0.001103 0.003896
v -0.010354 -0.002052 0.003620
v -0.010354 -0.002876 0.003173
v -0.010354 -0.003549 0.002571
v -0.010354 -0.004050 0.001835
v -0.010354 -0.004358 0.000986
v -0.010354 -0.004462 0.000000
v -0.010354 -0.004351 -0.000888
v -0.010354 -0.004021 -0.001731
v -0.010354 -0.003489 -0.002487
v -0.010354 -0.002782 -0.003119
v -0.010354 -0.001936 -0.003594
v -0.010354 -0.000993 -0.003889
v -0.010354 -0.000000 -0.003989
v -0.010354 0.000993 -0.003889
v -0.010354 0.001936 -0.003594
v -0.010354 0.002782 -0.003119
v -0.010354 0.003489 -0.002487
v -0.010354 0.004021 -0.001731
v -0.010354 0.004351 -0.000888
v -0.010354 0.004462 0.000000
v -0.011288 0.004145 0.000000
v -0.011288 0.004049 0.000916
v -0.011288 0.003762 0.001704
v -0.011288 0.003297 0.002388
v -0.011288 0.002671 0.002947
v -0.011288 0.001906 0.003363
v -0.011288 0.001024 0.003619
v -0.011288 0.000000 0.003706
v -0.011288 -0.001024 0.003619
v -0.011288 -0.001906 0.003363
v -0.011288 -0.002671 0.002947
v -0.011288 -0.003297 0.002388
v -0.011288 -0.003762 0.001704
v -0.011288 -0.004049 0.000916
v -0.011288 -0.004145 0.000000
v -0.011288 -0.004041 -0.000825
v -0.011288 -0.003735 -0.001608
v -0.011288 -0.003241 -0.002310
v -0.011288 -0.002585 -0.002897
v -0.011288 -0.001799 -0.003339
v -0.011288 -0.000922 -0.003613
v -0.011288 -0.000000 -0.003706
v -0.011288 0.000922 -0.003613
v -0.011288 0.001799 -0.003339
v -0.011288 0.002585 -0.002897
v -0.011288 0.003241 -0.002310
v -0.011288 0.003735 -0.001608
v -0.011288 0.004041 -0.000825
v -0.011288 0.004145 0.000000
v -0.012222 0.003827 0.000000
v -0.012222 0.003738 0.000845
v -0.012222 0.003473 0.001573
v -0.012222 0.003044 0.002205
v -0.012222 0.002466 0.002721
v -0.012222 0.001760 0.003105
v -0.012222 0.000946 0.003341
v -0.012222 0.000000 0.003421
v -0.012222 -0.000946 0.003341
v -0.012222 -0.001760 0.003105
v -0.012222 -0.002466 0.002721
v -0.012222 -0.003044 0.002205
v -0.012222 -0.003473 0.001573
v -0.012222 -0.003738 0.000845
v -0.012222 -0.003827 0.000000
v -0.012222 -0.003731 -0.000761
v -0.012222 -0.003448 -0.001484
v -0.012222 -0.002992 -0.002133
v -0.012222 -0.002386 -0.002675
v -0.012222 -0.001661 -0.003082
v -0.012222 -0.000852 -0.003335
v -0.012222 -0.000000 -0.003421
v -0.012222 0.000852 -0.003335
v -0.012222 0.001661 -0.003082
v -0.012222 0.002386 -0.002675
v -0.012222 0.002992 -0.002133
v -0.012222 0.003448 -0.001484
v -0.012222 0.003731 -0.000761
v -0.012222 0.003827 0.000000
v -0.013156 0.003516 0.000000
v -0.013156 0.003434 0.000777
v -0.013156 0.003191 0.001445
v -0.013156 0.002796 0.002025
v -0.013156 0.002265 0.002500
v -0.013156 0.001617 0.002852
v -0.013156 0.000869 0.003069
v -0.013156 0.000000 0.003143
v -0.013156 -0.000869 0.003069
v -0.013156 -0.001617 0.002852
v -0.013156 -0.002265 0.002500
v -0.013156 -0.002796 0.002025
v -0.013156 -0.003191 0.001445
v -0.013156 -0.003434 0.000777
v -0.013156 -0.003516 0.000000
v -0.013156 -0.003428 -0.000699
v -0.013156 -0.003168 -0.001364
v -0.013156 -0.002749 -0.001960
v -0.013156 -0.002192 -0.002457
v -0.013156 -0.001525 -0.002832
v -0.013156 -0.000782 -0.003064
v -0.013156 -0.000000 -0.003143
v -0.013156 0.000782 -0.003064
v -0.013156 0.001525 -0.002832
v -0.013156 0.002192 -0.002457
v -0.013156 0.002749 -0.001960
v -0.013156 0.003168 -0.001364
v -0.013156 0.003428 -0.000699
v -0.013156 0.003516 0.000000
v -0.014090 0.003224 0.000000
v -0.014090 0.003149 0.000712
v -0.014090 0.002926 0.001325
v -0.014090 0.002564 0.001857
v -0.014090 0.002077 0.002292
v -0.014090 0.001483 0.002616
v -0.014090 0.000797 0.002815
v -0.014090 0.000000 0.002882
v -0.014090 -0.000797 0.002815
v -0.014090 -0.001483 0.002616
v -0.014090 -0.002077 0.002292
v -0.014090 -0.002564 0.001857
v -0.014090 -0.002926 0.001325
v -0.014090 -0.003149 0.000712
v -0.014090 -0.003224 0.000000
v -0.014090 -0.003143 -0.000641
v -0.014090 -0.002905 -0.001250
v -0.014090 -0.002521 -0.001797
v -0.014090 -0.002010 -0.002253
v -0.014090 -0.001399 -0.002597
v -0.014090 -0.000717 -0.002810
v -0.014090 -0.000000 -0.002882
v -0.014090 0.000717 -0.002810
v -0.014090 0.001399 -0.002597
v -0.014090 0.002010 -0.002253
v -0.014090 0.002521 -0.001797
v -0.014090 0.002905 -0.001250
v -0.014090 0.003143 -0.000641
v -0.014090 0.003224 0.000000
vt 0.00000 5.10019
vt 0.07143 5.10019
vt 0.14286 5.10019
vt 0.21429 5.10019
vt 0.28571 5.10019
vt 0.35714 5.10019
vt 0.42857 5.10019
vt 0.50000 5.10019
vt 0.57143 5.10019
vt 0.64286 5.10019
vt 0.71429 5.10019
vt 0.78571 5.10019
vt 0.85714 5.10019
vt 0.92857 5.10019
vt 1.00000 5.10019
vt 1.07143 5.10019
vt 1.14286 5.10019
vt 1.21429 5.10019
vt 1.28571 5.10019
vt 1.35714 5.10019
vt 1.42857 5.10019
vt 1.50000 5.10019
vt 1.57143 5.10019
vt 1.64286 5.10019
vt 1.71429 5.10019
vt 1.78571 5.10019
vt 1.85714 5.10019
vt 1.92857 5.10019
vt 2.00000 5.10019
vt 0.00000 5.13133
vt 0.07143 5.13133
vt 0.14286 5.13133
vt 0.21429 5.13133
vt 0.28571 5.13133
vt 0.35714 5.13133
vt 0.42857 5.13133
vt 0.50000 5.13133
vt 0.57143 5.13133
vt 0.64286 5.13133
vt 0.71429 5.13133
vt 0.78571 5.13133
vt 0.85714 5.13133
vt 0.92857 5.13133
vt 1.00000 5.13133
vt 1.07143 5.13133
vt 1.14286 5.13133
vt 1.21429 5.13133
vt 1.28571 5.13133
vt 1.35714 5.13133
vt 1.42857 5.13133
vt 1.50000 5.13133
vt 1.57143 5.13133
vt 1.64286 5.13133
vt 1.71429 5.13133
vt 1.78571 5.13133
vt 1.85714 5.13133
vt 1.92857 5.13133
vt 2.00000 5.13133
vt 0.00000 5.16247
vt 0.07143 5.16247
vt 0.14286 5.16247
vt 0.21429 5.16247
vt 0.28571 5.16247
vt 0.35714 5.16247
vt 0.42857 5.16247
vt 0.50000 5.16247
vt 0.57143 5.16247
vt 0.64286 5.16247
vt 0.71429 5.16247
vt 0.78571 5.16247
vt 0.85714 5.16247
vt 0.92857 5.16247
vt 1.00000 5.16247
vt 1.07143 5.16247
vt 1.14286 5.16247
vt 1.21429 5.16247
vt 1.28571 5.16247
vt 1.35714 5.16247
vt 1.42857 5.16247
vt 1.50000 5.16247
vt 1.57143 5.16247
vt 1.64286 5.16247
vt 1.71429 5.16247
vt 1.78571 5.16247
vt 1.85714 5.16247
vt 1.92857 5.16247
vt 2.00000 5.16247
vt 0.00000 5.19360
vt 0.07143 5.19360
vt 0.14286 5.19360
vt 0.21429 5.19360
vt 0.28571 5.19360
vt 0.35714 5.19360
vt 0.42857 5.19360
vt 0.50000 5.19360
vt 0.57143 5.19360
vt 0.64286 5.19360
vt 0.71429 5.19360
vt 0.78571 5.19360
vt 0.85714 5.19360
vt 0.92857 5.19360
vt 1.00000 5.19360
vt 1.07143 5.19360
vt 1.14286 5.19360
vt 1.21429 5.19360
vt 1.28571 5.19360
vt 1.35714 5.19360
vt 1.42857 5.19360
vt 1.50000 5.19360
vt 1.57143 5.19360
vt 1.64286 5.19360
vt 1.71429 5.19360
vt 1.78571 5.19360
vt 1.85714 5.19360
vt 1.92857 5.19360
vt 2.00000 5.19360
vt 0.00000 5.22474
vt 0.07143 5.22474
vt 0.14286 5.22474
vt 0.21429 5.22474
vt 0.28571 5.22474
vt 0.35714 5.22474
vt 0.42857 5.22474
vt 0.50000 5.22474
vt 0.57143 5.22474
vt 0.64286 5.22474
vt 0.71429 5.22474
vt 0.78571 5.22474
vt 0.85714 5.22474
vt 0.92857 5.22474
vt 1.00000 5.22474
vt 1.07143 5.22474
vt 1.14286 5.22474
vt 1.21429 5.22474
vt 1.28571 5.22474
vt 1.35714 5.22474
vt 1.42857 5.22474
vt 1.50000 5.22474
vt 1.57143 5.22474
vt 1.64286 5.22474
vt 1.71429 5.22474
vt 1.78571 5.22474
vt 1.85714 5.22474
vt 1.92857 5.22474
vt 2.00000 5.22474
vt 0.00000 5.25588
vt 0.07143 5.25588
vt 0.14286 5.25588
vt 0.21429 5.25588
vt 0.28571 5.25588
vt 0.35714 5.25588
vt 0.42857 5.25588
vt 0.50000 5.25588
vt 0.57143 5.25588
vt 0.64286 5.25588
vt 0.71429 5.25588
vt 0.78571 5.25588
vt 0.85714 5.25588
vt 0.92857 5.25588
vt 1.00000 5.25588
vt 1.07143 5.25588
vt 1.14286 5.25588
vt 1.21429 5.25588
vt 1.28571 5.25588
vt 1.35714 5.25588
vt 1.42857 5.25588
vt 1.50000 5.25588
vt 1.57143 5.25588
vt 1.64286 5.25588
vt 1.71429 5.25588
vt 1.78571 5.25588
vt 1.85714 5.25588
vt 1.92857 5.25588
vt 2.00000 5.25588
vt 0.00000 5.28701
vt 0.07143 5.28701
vt 0.14286 5.28701
vt 0.21429 5.28701
vt 0.28571 5.28701
vt 0.35714 5.28701
vt 0.42857 5.28701
vt 0.50000 5.28701
vt 0.57143 5.28701
vt 0.64286 5.28701
vt 0.71429 5.28701
vt 0.78571 5.28701
vt 0.85714 5.28701
vt 0.92857 5.28701
vt 1.00000 5.28701
vt 1.07143 5.28701
vt 1.14286 5.28701
vt 1.21429 5.28701
vt 1.28571 5.28701
vt 1.35714 5.28701
vt 1.42857 5.28701
vt 1.50000 5.28701
vt 1.57143 5.28701
vt 1.64286 5.28701
vt 1.71429 5.28701
vt 1.78571 5.28701
vt 1.85714 5.28701
vt 1.92857 5.28701
vt 2.00000 5.28701
vt 0.00000 5.31815
vt 0.07143 5.31815
vt 0.14286 5.31815
vt 0.21429 5.31815
vt 0.28571 5.31815
vt 0.35714 5.31815
vt 0.42857 5.31815
vt 0.50000 5.31815
vt 0.57143 5.31815
vt 0.64286 5.31815
vt 0.71429 5.31815
vt 0.78571 5.31815
vt 0.85714 5.31815
vt 0.92857 5.31815
vt 1.00000 5.31815
vt 1.07143 5.31815
vt 1.14286 5.31815
vt 1.21429 5.31815
vt 1.28571 5.31815
vt 1.35714 5.31815
vt 1.42857 5.31815
vt 1.50000 5.31815
vt 1.57143 5.31815
vt 1.64286 5.31815
vt 1.71429 5.31815
vt 1.78571 5.31815
vt 1.85714 5.31815
vt 1.92857 5.31815
vt 2.00000 5.31815
vt 0.00000 5.34929
vt 0.07143 5.34929
vt 0.14286 5.34929
vt 0.21429 5.34929
vt 0.28571 5.34929
vt 0.35714 5.34929
vt 0.42857 5.34929
vt 0.50000 5.34929
vt 0.57143 5.34929
vt 0.64286 5.34929
vt 0.71429 5.34929
vt 0.78571 5.34929
vt 0.85714 5.34929
vt 0.92857 5.34929
vt 1.00000 5.34929
vt 1.07143 5.34929
vt 1.14286 5.34929
vt 1.21429 5.34929
vt 1.28571 5.34929
vt 1.35714 5.34929
vt 1.42857 5.34929
vt 1.50000 5.34929
vt 1.57143 5.34929
vt 1.64286 5.34929
vt 1.71429 5.34929
vt 1.78571 5.34929
vt 1.85714 5.34929
vt 1.92857 5.34929
vt 2.00000 5.34929
vt 0.00000 5.38042
vt 0.07143 5.38042
vt 0.14286 5.38042
vt 0.21429 5.38042
vt 0.28571 5.38042
vt 0.35714 5.38042
vt 0.42857 5.38042
vt 0.50000 5.38042
vt 0.57143 5.38042
vt 0.64286 5.38042
vt 0.71429 5.38042
vt 0.78571 5.38042
vt 0.85714 5.38042
vt 0.92857 5.38042
vt 1.00000 5.38042
vt 1.07143 5.38042
vt 1.14286 5.38042
vt 1.21429 5.38042
vt 1.28571 5.38042
vt 1.35714 5.38042
vt 1.42857 5.38042
vt 1.50000 5.38042
vt 1.57143 5.38042
vt 1.64286 5.38042
vt 1.71429 5.38042
vt 1.78571 5.38042
vt 1.85714 5.38042
vt 1.92857 5.38042
vt 2.00000 5.38042
vt 0.00000 5.41156
vt 0.07143 5.41156
vt 0.14286 5.41156
vt 0.21429 5.41156
vt 0.28571 5.41156
vt 0.35714 5.41156
vt 0.42857 5.41156
vt 0.50000 5.41156
vt 0.57143 5.41156
vt 0.64286 5.41156
vt 0.71429 5.41156
vt 0.78571 5.41156
vt 0.85714 5.41156
vt 0.92857 5.41156
vt 1.00000 5.41156
vt 1.07143 5.41156
vt 1.14286 5.41156
vt 1.21429 5.41156
vt 1.28571 5.41156
vt 1.35714 5.41156
vt 1.42857 5.41156
vt 1.50000 5.41156
vt 1.57143 5.41156
vt 1.64286 5.41156
vt 1.71429 5.41156
vt 1.78571 5.41156
vt 1.85714 5.41156
vt 1.92857 5.41156
vt 2.00000 5.41156
vt 0.00000 5.44270
vt 0.07143 5.44270
vt 0.14286 5.44270
vt 0.21429 5.44270
vt 0.28571 5.44270
vt 0.35714 5.44270
vt 0.42857 5.44270
vt 0.50000 5.44270
vt 0.57143 5.44270
vt 0.64286 5.44270
vt 0.71429 5.44270
vt 0.78571 5.44270
vt 0.85714 5.44270
vt 0.92857 5.44270
vt 1.00000 5.44270
vt 1.07143 5.44270
vt 1.14286 5.44270
vt 1.21429 5.44270
vt 1.28571 5.44270
vt 1.35714 5.44270
vt 1.42857 5.44270
vt 1.50000 5.44270
vt 1.57143 5.44270
vt 1.64286 5.44270
vt 1.71429 5.44270
vt 1.78571 5.44270
vt 1.85714 5.44270
vt 1.92857 5.44270
vt 2.00000 5.44270
vt 0.00000 5.47383
vt 0.07143 5.47383
vt 0.14286 5.47383
vt 0.21429 5.47383
vt 0.28571 5.47383
vt 0.35714 5.47383
vt 0.42857 5.47383
vt 0.50000 5.47383
vt 0.57143 5.47383
vt 0.64286 5.47383
vt 0.71429 5.47383
vt 0.78571 5.47383
vt 0.85714 5.47383
vt 0.92857 5.47383
vt 1.00000 5.47383
vt 1.07143 5.47383
vt 1.14286 5.47383
vt 1.21429 5.47383
vt 1.28571 5.47383
vt 1.35714 5.47383
vt 1.42857 5.47383
vt 1.50000 5.47383
vt 1.57143 5.47383
vt 1.64286 5.47383
vt 1.71429 5.47383
vt 1.78571 5.47383
vt 1.85714 5.47383
vt 1.92857 5.47383
vt 2.00000 5.47383
vt 0.00000 5.50497
vt 0.07143 5.50497
vt 0.14286 5.50497
vt 0.21429 5.50497
vt 0.28571 5.50497
vt 0.35714 5.50497
vt 0.42857 5.50497
vt 0.50000 5.50497
vt 0.57143 5.50497
vt 0.64286 5.50497
vt 0.71429 5.50497
vt 0.78571 5.50497
vt 0.85714 5.50497
vt 0.92857 5.50497
vt 1.00000 5.50497
vt 1.07143 5.50497
vt 1.14286 5.50497
vt 1.21429 5.50497
vt 1.28571 5.50497
vt 1.35714 5.50497
vt 1.42857 5.50497
vt 1.50000 5.50497
vt 1.57143 5.50497
vt 1.64286 5.50497
vt 1.71429 5.50497
vt 1.78571 5.50497
vt 1.85714 5.50497
vt 1.92857 5.50497
vt 2.00000 5.50497
vt 0.00000 5.53611
vt 0.07143 5.53611
vt 0.14286 5.53611
vt 0.21429 5.53611
vt 0.28571 5.53611
vt 0.35714 5.53611
vt 0.42857 5.53611
vt 0.50000 5.53611
vt 0.57143 5.53611
vt 0.64286 5.53611
vt 0.71429 5.53611
vt 0.78571 5.53611
vt 0.85714 5.53611
vt 0.92857 5.53611
vt 1.00000 5.53611
vt 1.07143 5.53611
vt 1.14286 5.53611
vt 1.21429 5.53611
vt 1.28571 5.53611
vt 1.35714 5.53611
vt 1.42857 5.53611
vt 1.50000 5.53611
vt 1.57143 5.53611
vt 1.64286 5.53611
vt 1.71429 5.53611
vt 1.78571 5.53611
vt 1.85714 5.53611
vt 1.92857 5.53611
vt 2.00000 5.53611
vt 0.00000 5.56725
vt 0.07143 5.56725
vt 0.14286 5.56725
vt 0.21429 5.56725
vt 0.28571 5.56725
vt 0.35714 5.56725
vt 0.42857 5.56725
vt 0.50000 5.56725
vt 0.57143 5.56725
vt 0.64286 5.56725
vt 0.71429 5.56725
vt 0.78571 5.56725
vt 0.85714 5.56725
vt 0.92857 5.56725
vt 1.00000 5.56725
vt 1.07143 5.56725
vt 1.14286 5.56725
vt 1.21429 5.56725
vt 1.28571 5.56725
vt 1.35714 5.56725
vt 1.42857 5.56725
vt 1.50000 5.56725
vt 1.57143 5.56725
vt 1.64286 5.56725
vt 1.71429 5.56725
vt 1.78571 5.56725
vt 1.85714 5.56725
vt 1.92857 5.56725
vt 2.00000 5.56725
vt 0.00000 5.59838
vt 0.07143 5.59838
vt 0.14286 5.59838
vt 0.21429 5.59838
vt 0.28571 5.59838
vt 0.35714 5.59838
vt 0.42857 5.59838
vt 0.50000 5.59838
vt 0.57143 5.59838
vt 0.64286 5.59838
vt 0.71429 5.59838
vt 0.78571 5.59838
vt 0.85714 5.59838
vt 0.92857 5.59838
vt 1.00000 5.59838
vt 1.07143 5.59838
vt 1.14286 5.59838
vt 1.21429 5.59838
vt 1.28571 5.59838
vt 1.35714 5.59838
vt 1.42857 5.59838
vt 1.50000 5.59838
vt 1.57143 5.59838
vt 1.64286 5.59838
vt 1.71429 5.59838
vt 1.78571 5.59838
vt 1.85714 5.59838
vt 1.92857 5.59838
vt 2.00000 5.59838
vt 0.00000 5.62952
vt 0.07143 5.62952
vt 0.14286 5.62952
vt 0.21429 5.62952
vt 0.28571 5.62952
vt 0.35714 5.62952
vt 0.42857 5.62952
vt 0.50000 5.62952
vt 0.57143 5.62952
vt 0.64286 5.62952
vt 0.71429 5.62952
vt 0.78571 5.62952
vt 0.85714 5.62952
vt 0.92857 5.62952
vt 1.00000 5.62952
vt 1.07143 5.62952
vt 1.14286 5.62952
vt 1.21429 5.62952
vt 1.28571 5.62952
vt 1.35714 5.62952
vt 1.42857 5.62952
vt 1.50000 5.62952
vt 1.57143 5.62952
vt 1.64286 5.62952
vt 1.71429 5.62952
vt 1.78571 5.62952
vt 1.85714 5.62952
vt 1.92857 5.62952
vt 2.00000 5.62952
vt 0.00000 5.66066
vt 0.07143 5.66066
vt 0.14286 5.66066
vt 0.21429 5.66066
vt 0.28571 5.66066
vt 0.35714 5.66066
vt 0.42857 5.66066
vt 0.50000 5.66066
vt 0.57143 5.66066
vt 0.64286 5.66066
vt 0.71429 5.66066
vt 0.78571 5.66066
vt 0.85714 5.66066
vt 0.92857 5.66066
vt 1.00000 5.66066
vt 1.07143 5.66066
vt 1.14286 5.66066
vt 1.21429 5.66066
vt 1.28571 5.66066
vt 1.35714 5.66066
vt 1.42857 5.66066
vt 1.50000 5.66066
vt 1.57143 5.66066
vt 1.64286 5.66066
vt 1.71429 5.66066
vt 1.78571 5.66066
vt 1.85714 5.66066
vt 1.92857 5.66066
vt 2.00000 5.66066
vt 0.00000 5.69179
vt 0.07143 5.69179
vt 0.14286 5.69179
vt 0.21429 5.69179
vt 0.28571 5.69179
vt 0.35714 5.69179
vt 0.42857 5.69179
vt 0.50000 5.69179
vt 0.57143 5.69179
vt 0.64286 5.69179
vt 0.71429 5.69179
vt 0.78571 5.69179
vt 0.85714 5.69179
vt 0.92857 5.69179
vt 1.00000 5.69179
vt 1.07143 5.69179
vt 1.14286 5.69179
vt 1.21429 5.69179
vt 1.28571 5.69179
vt 1.35714 5.69179
vt 1.42857 5.69179
vt 1.50000 5.69179
vt 1.57143 5.69179
vt 1.64286 5.69179
vt 1.71429 5.69179
vt 1.78571 5.69179
vt 1.85714 5.69179
vt 1.92857 5.69179
vt 2.00000 5.69179
vt 0.00000 5.72293
vt 0.07143 5.72293
vt 0.14286 5.72293
vt 0.21429 5.72293
vt 0.28571 5.72293
vt 0.35714 5.72293
vt 0.42857 5.72293
vt 0.50000 5.72293
vt 0.57143 5.72293
vt 0.64286 5.72293
vt 0.71429 5.72293
vt 0.78571 5.72293
vt 0.85714 5.72293
vt 0.92857 5.72293
vt 1.00000 5.72293
vt 1.07143 5.72293
vt 1.14286 5.72293
vt 1.21429 5.72293
vt 1.28571 5.72293
vt 1.35714 5.72293
vt 1.42857 5.72293
vt 1.50000 5.72293
vt 1.57143 5.72293
vt 1.64286 5.72293
vt 1.71429 5.72293
vt 1.78571 5.72293
vt 1.85714 5.72293
vt 1.92857 5.72293
vt 2.00000 5.72293
vt 0.00000 5.75407
vt 0.07143 5.75407
vt 0.14286 5.75407
vt 0.21429 5.75407
vt 0.28571 5.75407
vt 0.35714 5.75407
vt 0.42857 5.75407
vt 0.50000 5.75407
vt 0.57143 5.75407
vt 0.64286 5.75407
vt 0.71429 5.75407
vt 0.78571 5.75407
vt 0.85714 5.75407
vt 0.92857 5.75407
vt 1.00000 5.75407
vt 1.07143 5.75407
vt 1.14286 5.75407
vt 1.21429 5.75407
vt 1.28571 5.75407
vt 1.35714 5.75407
vt 1.42857 5.75407
vt 1.50000 5.75407
vt 1.57143 5.75407
vt 1.64286 5.75407
vt 1.71429 5.75407
vt 1.78571 5.75407
vt 1.85714 5.75407
vt 1.92857 5.75407
vt 2.00000 5.75407
vt 0.00000 5.78520
vt 0.07143 5.78520
vt 0.14286 5.78520
vt 0.21429 5.78520
vt 0.28571 5.78520
vt 0.35714 5.78520
vt 0.42857 5.78520
vt 0.50000 5.78520
vt 0.57143 5.78520
vt 0.64286 5.78520
vt 0.71429 5.78520
vt 0.78571 5.78520
vt 0.85714 5.78520
vt 0.92857 5.78520
vt 1.00000 5.78520
vt 1.07143 5.78520
vt 1.14286 5.78520
vt 1.21429 5.78520
vt 1.28571 5.78520
vt 1.35714 5.78520
vt 1.42857 5.78520
vt 1.50000 5.78520
vt 1.57143 5.78520
vt 1.64286 5.78520
vt 1.71429 5.78520
vt 1.78571 5.78520
vt 1.85714 5.78520
vt 1.92857 5.78520
vt 2.00000 5.78520
vt 0.00000 5.81634
vt 0.07143 5.81634
vt 0.14286 5.81634
vt 0.21429 5.81634
vt 0.28571 5.81634
vt 0.35714 5.81634
vt 0.42857 5.81634
vt 0.50000 5.81634
vt 0.57143 5.81634
vt 0.64286 5.81634
vt 0.71429 5.81634
vt 0.78571 5.81634
vt 0.85714 5.81634
vt 0.92857 5.81634
vt 1.00000 5.81634
vt 1.07143 5.81634
vt 1.14286 5.81634
vt 1.21429 5.81634
vt 1.28571 5.81634
vt 1.35714 5.81634
vt 1.42857 5.81634
vt 1.50000 5.81634
vt 1.57143 5.81634
vt 1.64286 5.81634
vt 1.71429 5.81634
vt 1.78571 5.81634
vt 1.85714 5.81634
vt 1.92857 5.81634
vt 2.00000 5.81634
vt 0.00000 5.84748
vt 0.07143 5.84748
vt 0.14286 5.84748
vt 0.21429 5.84748
vt 0.28571 5.84748
vt 0.35714 5.84748
vt 0.42857 5.84748
vt 0.50000 5.84748
vt 0.57143 5.84748
vt 0.64286 5.84748
vt 0.71429 5.84748
vt 0.78571 5.84748
vt 0.85714 5.84748
vt 0.92857 5.84748
vt 1.00000 5.84748
vt 1.07143 5.84748
vt 1.14286 5.84748
vt 1.21429 5.84748
vt 1.28571 5.84748
vt 1.35714 5.84748
vt 1.42857 5.84748
vt 1.50000 5.84748
vt 1.57143 5.84748
vt 1.64286 5.84748
vt 1.71429 5.84748
vt 1.78571 5.84748
vt 1.85714 5.84748
vt 1.92857 5.84748
vt 2.00000 5.84748
vt 0.00000 5.87861
vt 0.07143 5.87861
vt 0.14286 5.87861
vt 0.21429 5.87861
vt 0.28571 5.87861
vt 0.35714 5.87861
vt 0.42857 5.87861
vt 0.50000 5.87861
vt 0.57143 5.87861
vt 0.64286 5.87861
vt 0.71429 5.87861
vt 0.78571 5.87861
vt 0.85714 5.87861
vt 0.92857 5.87861
vt 1.00000 5.87861
vt 1.07143 5.87861
vt 1.14286 5.87861
vt 1.21429 5.87861
vt 1.28571 5.87861
vt 1.35714 5.87861
vt 1.42857 5.87861
vt 1.50000 5.87861
vt 1.57143 5.87861
vt 1.64286 5.87861
vt 1.71429 5.87861
vt 1.78571 5.87861
vt 1.85714 5.87861
vt 1.92857 5.87861
vt 2.00000 5.87861
vn 0.11998 0.99220 0.03378
vn 0.12011 0.95867 0.25791
vn 0.11915 0.86453 0.48825
vn 0.11687 0.71894 0.68517
vn 0.11374 0.53845 0.83495
vn 0.11057 0.34207 0.93315
vn 0.10815 0.14376 0.98369
vn 0.10743 -0.02821 0.99381
vn 0.10885 -0.20894 0.97185
vn 0.11159 -0.40879 0.90578
vn 0.11485 -0.60188 0.79029
vn 0.11777 -0.77279 0.62364
vn 0.11961 -0.90240 0.41395
vn 0.12010 -0.97657 0.17859
vn 0.11994 -0.99184 -0.04329
vn 0.11898 -0.95095 -0.28555
vn 0.11684 -0.85467 -0.50585
vn 0.11409 -0.71541 -0.68933
vn 0.11136 -0.54692 -0.82975
vn 0.10914 -0.36081 -0.92623
vn 0.10776 -0.16541 -0.98032
vn 0.10741 0.03364 -0.99365
vn 0.10812 0.23197 -0.96670
vn 0.10981 0.42498 -0.89852
vn 0.11225 0.60624 -0.78732
vn 0.11505 0.76632 -0.63207
vn 0.11766 0.89265 -0.43513
vn 0.11946 0.97142 -0.20510
vn 0.11998 0.99220 0.03378
vn -0.07775 0.99696 -0.00440
vn -0.07149 0.97321 0.21853
vn -0.07321 0.88842 0.45316
vn -0.07253 0.74985 0.65762
vn -0.07109 0.57296 0.81650
vn -0.06963 0.37705 0.92357
vn -0.06995 0.17668 0.98178
vn -0.06655 0.00022 0.99778
vn -0.06450 -0.17625 0.98223
vn -0.06806 -0.37658 0.92388
vn -0.07063 -0.57249 0.81686
vn -0.07299 -0.74941 0.65807
vn -0.07490 -0.88802 0.45367
vn -0.07751 -0.97263 0.21904
vn -0.07105 -0.99747 -0.00381
vn -0.07395 -0.96634 -0.24640
vn -0.07272 -0.87819 -0.47274
vn -0.07104 -0.74453 -0.66380
vn -0.06930 -0.57932 -0.81215
vn -0.06784 -0.39475 -0.91628
vn -0.06688 -0.19972 -0.97757
vn -0.06655 -0.00026 -0.99778
vn -0.06688 0.19921 -0.97767
vn -0.06784 0.39426 -0.91649
vn -0.06930 0.57886 -0.81247
vn -0.07103 0.74414 -0.66423
vn -0.07271 0.87790 -0.47329
vn -0.07395 0.96619 -0.24702
vn -0.07775 0.99696 -0.00440
vn -0.36697 0.93022 -0.00531
vn -0.36413 0.90900 0.20280
vn -0.36334 0.83052 0.42215
vn -0.35812 0.70281 0.61466
vn -0.35014 0.53905 0.76605
vn -0.34161 0.35629 0.86969
vn -0.33545 0.16789 0.92698
vn -0.33098 0.00110 0.94364
vn -0.33248 -0.16554 0.92847
vn -0.34066 -0.35382 0.87107
vn -0.34978 -0.53667 0.76788
vn -0.35826 -0.70069 0.61700
vn -0.36416 -0.82878 0.42487
vn -0.36722 -0.90713 0.20559
vn -0.36354 -0.93158 -0.00235
vn -0.36333 -0.90310 -0.22893
vn -0.35803 -0.82275 -0.44146
vn -0.35076 -0.69980 -0.62229
vn -0.34318 -0.54639 -0.76400
vn -0.33674 -0.37357 -0.86432
vn -0.33248 -0.18984 -0.92381
vn -0.33098 -0.00131 -0.94364
vn -0.33244 0.18725 -0.92435
vn -0.33666 0.37108 -0.86542
vn -0.34308 0.54410 -0.76567
vn -0.35066 0.69785 -0.62453
vn -0.35794 0.82131 -0.44421
vn -0.36328 0.90233 -0.23204
vn -0.36697 0.93022 -0.00531
vn -0.40338 0.91501 -0.00548
vn -0.40577 0.89210 0.19876
vn -0.40309 0.81594 0.41443
vn -0.39698 0.69106 0.60402
vn -0.38803 0.53060 0.75359
vn -0.37837 0.35113 0.85647
vn -0.37001 0.16579 0.91412
vn -0.36761 0.00127 0.92998
vn -0.37164 -0.16273 0.91400
vn -0.37872 -0.34808 0.85756
vn -0.38802 -0.52776 0.75559
vn -0.39672 -0.68874 0.60684
vn -0.40251 -0.81448 0.41785
vn -0.40394 -0.89210 0.20246
vn -0.40543 -0.91412 -0.00205
vn -0.40235 -0.88748 -0.22469
vn -0.39669 -0.80899 -0.43378
vn -0.38890 -0.68862 -0.61201
vn -0.38075 -0.53810 -0.75199
vn -0.37382 -0.36819 -0.85129
vn -0.36922 -0.18729 -0.91027
vn -0.36761 -0.00152 -0.92998
vn -0.36917 0.18429 -0.91090
vn -0.37372 0.36532 -0.85257
vn -0.38062 0.53546 -0.75393
vn -0.38876 0.68638 -0.61461
vn -0.39658 0.80734 -0.43695
vn -0.40229 0.88660 -0.22827
vn -0.40338 0.91501 -0.00548
vn -0.23693 0.97151 -0.00505
vn -0.24091 0.94714 0.21185
vn -0.23830 0.86552 0.44055
vn -0.23401 0.73149 0.64044
vn -0.22794 0.55992 0.79658
vn -0.22141 0.36925 0.90257
vn -0.21527 0.17361 0.96100
vn -0.21477 0.00077 0.97667
vn -0.21842 -0.17171 0.96063
vn -0.22228 -0.36735 0.90313
vn -0.22814 -0.55816 0.79775
vn -0.23369 -0.73007 0.64217
vn -0.23729 -0.86471 0.44269
vn -0.23742 -0.94750 0.21420
vn -0.24080 -0.97057 -0.00295
vn -0.23749 -0.94148 -0.23921
vn -0.23373 -0.85651 -0.46017
vn -0.22859 -0.72716 -0.64729
vn -0.22327 -0.56665 -0.79314
vn -0.21877 -0.38671 -0.89588
vn -0.21580 -0.19612 -0.95654
vn -0.21477 -0.00092 -0.97666
vn -0.21578 0.19430 -0.95692
vn -0.21873 0.38496 -0.89664
vn -0.22322 0.56503 -0.79430
vn -0.22854 0.72578 -0.64886
vn -0.23369 0.85548 -0.46210
vn -0.23746 0.94092 -0.24141
vn -0.23693 0.97151 -0.00505
vn -0.14636 0.98922 -0.00473
vn -0.14582 0.96536 0.21637
vn -0.14520 0.88155 0.44921
vn -0.14278 0.74438 0.65231
vn -0.13916 0.56912 0.81039
vn -0.13532 0.37481 0.91717
vn -0.13240 0.17587 0.97547
vn -0.13077 0.00048 0.99141
vn -0.13176 -0.17477 0.97575
vn -0.13512 -0.37368 0.91766
vn -0.13909 -0.56804 0.81116
vn -0.14281 -0.74346 0.65336
vn -0.14539 -0.88088 0.45046
vn -0.14651 -0.96496 0.21770
vn -0.14559 -0.98934 -0.00342
vn -0.14510 -0.95884 -0.24408
vn -0.14272 -0.87169 -0.46881
vn -0.13947 -0.73936 -0.65870
vn -0.13611 -0.57559 -0.80633
vn -0.13328 -0.39244 -0.91007
vn -0.13142 -0.19875 -0.97120
vn -0.13077 -0.00058 -0.99141
vn -0.13141 0.19761 -0.97143
vn -0.13327 0.39134 -0.91055
vn -0.13609 0.57458 -0.80706
vn -0.13945 0.73850 -0.65968
vn -0.14270 0.87104 -0.47002
vn -0.14509 0.95849 -0.24546
vn -0.14636 0.98922 -0.00473
vn -0.28519 0.95846 -0.00526
vn -0.28188 0.93638 0.20914
vn -0.28156 0.85528 0.43500
vn -0.27736 0.72305 0.63266
vn -0.27090 0.55378 0.78736
vn -0.26403 0.36545 0.89260
vn -0.25934 0.17194 0.95036
vn -0.25529 0.00097 0.96686
vn -0.25609 -0.16985 0.95161
vn -0.26303 -0.36327 0.89378
vn -0.27055 -0.55167 0.78897
vn -0.27756 -0.72117 0.63473
vn -0.28250 -0.85374 0.43741
vn -0.28535 -0.93477 0.21162
vn -0.28134 -0.95960 -0.00264
vn -0.28168 -0.93003 -0.23600
vn -0.27733 -0.84650 -0.45446
vn -0.27138 -0.71909 -0.63974
vn -0.26519 -0.56072 -0.78439
vn -0.25995 -0.38292 -0.88645
vn -0.25650 -0.19437 -0.94680
vn -0.25529 -0.00115 -0.96686
vn -0.25647 0.19209 -0.94727
vn -0.25990 0.38072 -0.88741
vn -0.26512 0.55870 -0.78586
vn -0.27130 0.71736 -0.64171
vn -0.27727 0.84521 -0.45688
vn -0.28164 0.92934 -0.23874
vn -0.28519 0.95846 -0.00526
vn -0.42937 0.90311 -0.00580
vn -0.42857 0.88198 0.19608
vn -0.42691 0.80645 0.40914
vn -0.42091 0.68326 0.59665
vn -0.41188 0.52493 0.74485
vn -0.40215 0.34765 0.84700
vn -0.39450 0.16431 0.90408
vn -0.39051 0.00155 0.92060
vn -0.39323 -0.16083 0.90527
vn -0.40163 -0.34408 0.84870
vn -0.41158 -0.52155 0.74739
vn -0.42085 -0.68035 0.60000
vn -0.42717 -0.80429 0.41310
vn -0.42977 -0.88045 0.20024
vn -0.42804 -0.90376 -0.00164
vn -0.42659 -0.87689 -0.22157
vn -0.42073 -0.79970 -0.42833
vn -0.41265 -0.68111 -0.60482
vn -0.40419 -0.53258 -0.74363
vn -0.39699 -0.36468 -0.84226
vn -0.39220 -0.18573 -0.90093
vn -0.39051 -0.00185 -0.92060
vn -0.39214 0.18208 -0.90171
vn -0.39686 0.36118 -0.84383
vn -0.40403 0.52937 -0.74600
vn -0.41248 0.67839 -0.60798
vn -0.42059 0.79769 -0.43220
vn -0.42650 0.87581 -0.22593
vn -0.42937 0.90311 -0.00580
vn -0.41193 0.91120 -0.00588
vn -0.41430 0.88845 0.19749
vn -0.41161 0.81276 0.41231
vn -0.40544 0.68857 0.60125
vn -0.39637 0.52890 0.75044
vn -0.38658 0.35021 0.85318
vn -0.37811 0.16556 0.91084
vn -0.37564 0.00158 0.92677
vn -0.37970 -0.16180 0.91085
vn -0.38688 -0.34644 0.85458
vn -0.39631 -0.52539 0.75293
vn -0.40514 -0.68568 0.60474
vn -0.41102 -0.81091 0.41653
vn -0.41249 -0.88827 0.20205
vn -0.41395 -0.91030 -0.00163
vn -0.41087 -0.88392 -0.22332
vn -0.40514 -0.80594 -0.43165
vn -0.39725 -0.68623 -0.60933
vn -0.38898 -0.53642 -0.74896
vn -0.38195 -0.36723 -0.84809
vn -0.37728 -0.18701 -0.90702
vn -0.37564 -0.00188 -0.92677
vn -0.37722 0.18328 -0.90781
vn -0.38183 0.36366 -0.84968
vn -0.38882 0.53315 -0.75137
vn -0.39708 0.68345 -0.61255
vn -0.40500 0.80389 -0.43559
vn -0.41079 0.88282 -0.22777
vn -0.41193 0.91120 -0.00588
vn -0.27762 0.96067 -0.00547
vn -0.28052 0.93681 0.20903
vn -0.27811 0.85627 0.43527
vn -0.27337 0.72405 0.63326
vn -0.26655 0.55464 0.78824
vn -0.25921 0.36612 0.89374
vn -0.25266 0.17242 0.95207
vn -0.25136 0.00111 0.96789
vn -0.25483 -0.16975 0.95197
vn -0.25976 -0.36343 0.89467
vn -0.26663 -0.55213 0.78997
vn -0.27311 -0.72199 0.63572
vn -0.27739 -0.85497 0.43827
vn -0.27810 -0.93680 0.21229
vn -0.28032 -0.95990 -0.00244
vn -0.27741 -0.93129 -0.23610
vn -0.27312 -0.84765 -0.45485
vn -0.26724 -0.72008 -0.64036
vn -0.26113 -0.56151 -0.78518
vn -0.25596 -0.38351 -0.88736
vn -0.25255 -0.19475 -0.94778
vn -0.25136 -0.00133 -0.96789
vn -0.25252 0.19213 -0.94833
vn -0.25590 0.38098 -0.88846
vn -0.26105 0.55919 -0.78687
vn -0.26715 0.71810 -0.64262
vn -0.27304 0.84618 -0.45763
vn -0.27737 0.93050 -0.23926
vn -0.27762 0.96067 -0.00547
vn -0.20398 0.97896 -0.00518
vn -0.20407 0.95537 0.21360
vn -0.20295 0.87269 0.44409
vn -0.19956 0.73731 0.64541
vn -0.19454 0.56414 0.80243
vn -0.18920 0.37189 0.90879
vn -0.18492 0.17479 0.96709
vn -0.18303 0.00084 0.98311
vn -0.18474 -0.17285 0.96747
vn -0.18910 -0.36990 0.90962
vn -0.19447 -0.56226 0.80377
vn -0.19952 -0.73571 0.64725
vn -0.20297 -0.87156 0.44630
vn -0.20423 -0.95481 0.21595
vn -0.20380 -0.97901 -0.00289
vn -0.20270 -0.94911 -0.24105
vn -0.19944 -0.86326 -0.46369
vn -0.19499 -0.73266 -0.65207
vn -0.19038 -0.57075 -0.79875
vn -0.18649 -0.38943 -0.90198
vn -0.18393 -0.19750 -0.96289
vn -0.18303 -0.00100 -0.98311
vn -0.18391 0.19551 -0.96330
vn -0.18645 0.38752 -0.90281
vn -0.19033 0.56899 -0.80001
vn -0.19494 0.73115 -0.65378
vn -0.19940 0.86213 -0.46580
vn -0.20267 0.94850 -0.24345
vn -0.20398 0.97896 -0.00518
vn -0.25803 0.96612 -0.00548
vn -0.25677 0.94327 0.21049
vn -0.25587 0.86175 0.43808
vn -0.25183 0.72845 0.63714
vn -0.24575 0.55780 0.79276
vn -0.23927 0.36805 0.89849
vn -0.23440 0.17322 0.95658
vn -0.23147 0.00110 0.97284
vn -0.23297 -0.17073 0.95738
vn -0.23879 -0.36548 0.89967
vn -0.24554 -0.55535 0.79454
vn -0.25187 -0.72634 0.63953
vn -0.25625 -0.86019 0.44092
vn -0.25827 -0.94219 0.21349
vn -0.25637 -0.96658 -0.00248
vn -0.25574 -0.93709 -0.23759
vn -0.25173 -0.85277 -0.45762
vn -0.24625 -0.72424 -0.64408
vn -0.24056 -0.56460 -0.78953
vn -0.23575 -0.38552 -0.89207
vn -0.23258 -0.19574 -0.95268
vn -0.23147 -0.00132 -0.97284
vn -0.23255 0.19313 -0.95322
vn -0.23569 0.38302 -0.89317
vn -0.24049 0.56229 -0.79120
vn -0.24617 0.72226 -0.64632
vn -0.25167 0.85130 -0.46038
vn -0.25570 0.93631 -0.24073
vn -0.25803 0.96612 -0.00548
vn -0.30366 0.95276 -0.00577
vn -0.30407 0.92987 0.20710
vn -0.30241 0.84987 0.43159
vn -0.29760 0.71886 0.62823
vn -0.29047 0.55094 0.78236
vn -0.28283 0.36390 0.88746
vn -0.27663 0.17154 0.94554
vn -0.27403 0.00136 0.96172
vn -0.27657 -0.16839 0.94612
vn -0.28272 -0.36069 0.88880
vn -0.29034 -0.54790 0.78454
vn -0.29749 -0.71629 0.63121
vn -0.30234 -0.84807 0.43516
vn -0.30404 -0.92902 0.21091
vn -0.30371 -0.95276 -0.00208
vn -0.30201 -0.92416 -0.23390
vn -0.29742 -0.84145 -0.45111
vn -0.29111 -0.71513 -0.63549
vn -0.28455 -0.55792 -0.77959
vn -0.27899 -0.38126 -0.88136
vn -0.27532 -0.19380 -0.94162
vn -0.27403 -0.00163 -0.96172
vn -0.27528 0.19058 -0.94228
vn -0.27891 0.37817 -0.88272
vn -0.28444 0.55508 -0.78165
vn -0.29100 0.71270 -0.63826
vn -0.29732 0.83965 -0.45452
vn -0.30196 0.92319 -0.23777
vn -0.30366 0.95276 -0.00577
vn -0.23855 0.97112 -0.00553
vn -0.24104 0.94722 0.21136
vn -0.23894 0.86562 0.44002
vn -0.23479 0.73168 0.63994
vn -0.22880 0.56020 0.79613
vn -0.22240 0.36958 0.90219
vn -0.21669 0.17396 0.96062
vn -0.21553 0.00112 0.97650
vn -0.21853 -0.17130 0.96068
vn -0.22286 -0.36689 0.90318
vn -0.22888 -0.55767 0.79789
vn -0.23456 -0.72958 0.64241
vn -0.23832 -0.86425 0.44303
vn -0.23897 -0.94702 0.21461
vn -0.24085 -0.97056 -0.00247
vn -0.23833 -0.94140 -0.23867
vn -0.23456 -0.85657 -0.45964
vn -0.22941 -0.72733 -0.64681
vn -0.22406 -0.56691 -0.79273
vn -0.21955 -0.38704 -0.89554
vn -0.21657 -0.19650 -0.95629
vn -0.21553 -0.00134 -0.97650
vn -0.21654 0.19385 -0.95683
vn -0.21949 0.38450 -0.89665
vn -0.22399 0.56456 -0.79442
vn -0.22933 0.72532 -0.64909
vn -0.23450 0.85508 -0.46245
vn -0.23829 0.94060 -0.24185
vn -0.23855 0.97112 -0.00553
vn -0.10260 0.99471 -0.00478
vn -0.10506 0.97039 0.21748
vn -0.10365 0.88620 0.45156
vn -0.10163 0.74821 0.65564
vn -0.09883 0.57192 0.81434
vn -0.09582 0.37657 0.92142
vn -0.09286 0.17668 0.97988
vn -0.09291 0.00050 0.99567
vn -0.09483 -0.17550 0.97990
vn -0.09638 -0.37537 0.92185
vn -0.09898 -0.57079 0.81511
vn -0.10145 -0.74727 0.65673
vn -0.10302 -0.88559 0.45290
vn -0.10286 -0.97030 0.21893
vn -0.10504 -0.99446 -0.00341
vn -0.10319 -0.96393 -0.24536
vn -0.10148 -0.87617 -0.47120
vn -0.09915 -0.74300 -0.66191
vn -0.09674 -0.57829 -0.81008
vn -0.09471 -0.39420 -0.91413
vn -0.09338 -0.19963 -0.97541
vn -0.09291 -0.00059 -0.99567
vn -0.09337 0.19846 -0.97565
vn -0.09470 0.39307 -0.91462
vn -0.09673 0.57724 -0.81082
vn -0.09914 0.74210 -0.66292
vn -0.10147 0.87550 -0.47245
vn -0.10319 0.96356 -0.24678
vn -0.10260 0.99471 -0.00478
vn -0.01183 0.99992 -0.00420
vn -0.01255 0.97558 0.21929
vn -0.01224 0.89064 0.45455
vn -0.01196 0.75162 0.65948
vn -0.01159 0.57420 0.81864
vn -0.01120 0.37776 0.92584
vn -0.01072 0.17693 0.98417
vn -0.01091 0.00006 0.99994
vn -0.01132 -0.17679 0.98418
vn -0.01137 -0.37762 0.92589
vn -0.01164 -0.57406 0.81873
vn -0.01191 -0.75151 0.65961
vn -0.01205 -0.89056 0.45470
vn -0.01188 -0.97555 0.21946
vn -0.01258 -0.99991 -0.00404
vn -0.01213 -0.96887 -0.24728
vn -0.01192 -0.88036 -0.47416
vn -0.01165 -0.74623 -0.66559
vn -0.01136 -0.58051 -0.81417
vn -0.01112 -0.39546 -0.91842
vn -0.01096 -0.19997 -0.97974
vn -0.01091 -0.00007 -0.99994
vn -0.01096 0.19984 -0.97977
vn -0.01112 0.39532 -0.91848
vn -0.01136 0.58039 -0.81426
vn -0.01165 0.74612 -0.66571
vn -0.01192 0.88028 -0.47431
vn -0.01213 0.96882 -0.24745
vn -0.01183 0.99992 -0.00420
vn -0.04218 0.99910 -0.00439
vn -0.04057 0.97490 0.21893
vn -0.04089 0.89006 0.45401
vn -0.04033 0.75120 0.65884
vn -0.03939 0.57395 0.81794
vn -0.03841 0.37767 0.92514
vn -0.03801 0.17697 0.98348
vn -0.03693 0.00020 0.99932
vn -0.03659 -0.17652 0.98362
vn -0.03800 -0.37720 0.92535
vn -0.03927 -0.57350 0.81827
vn -0.04045 -0.75081 0.65927
vn -0.04133 -0.88977 0.45454
vn -0.04215 -0.97471 0.21948
vn -0.04043 -0.99918 -0.00384
vn -0.04105 -0.96817 -0.24689
vn -0.04036 -0.87980 -0.47363
vn -0.03943 -0.74582 -0.66497
vn -0.03846 -0.58027 -0.81352
vn -0.03765 -0.39536 -0.91775
vn -0.03711 -0.20002 -0.97909
vn -0.03693 -0.00024 -0.99932
vn -0.03711 0.19954 -0.97919
vn -0.03764 0.39490 -0.91795
vn -0.03846 0.57985 -0.81382
vn -0.03942 0.74546 -0.66538
vn -0.04036 0.87953 -0.47414
vn -0.04105 0.96803 -0.24747
vn -0.04218 0.99910 -0.00439
vn -0.13855 0.99034 -0.00501
vn -0.13721 0.96662 0.21636
vn -0.13692 0.88274 0.44948
vn -0.13471 0.74542 0.65284
vn -0.13134 0.56996 0.81110
vn -0.12779 0.37543 0.91800
vn -0.12527 0.17627 0.97634
vn -0.12338 0.00068 0.99236
vn -0.12395 -0.17471 0.97679
vn -0.12738 -0.37383 0.91871
vn -0.13121 -0.56843 0.81220
vn -0.13479 -0.74411 0.65432
vn -0.13731 -0.88177 0.45125
vn -0.13865 -0.96600 0.21824
vn -0.13695 -0.99057 -0.00315
vn -0.13693 -0.96004 -0.24408
vn -0.13468 -0.87282 -0.46909
vn -0.13160 -0.74035 -0.65921
vn -0.12843 -0.57640 -0.80701
vn -0.12575 -0.39305 -0.91088
vn -0.12399 -0.19918 -0.97209
vn -0.12338 -0.00082 -0.99236
vn -0.12398 0.19757 -0.97242
vn -0.12573 0.39150 -0.91155
vn -0.12840 0.57496 -0.80804
vn -0.13158 0.73912 -0.66060
vn -0.13465 0.87190 -0.47081
vn -0.13691 0.95954 -0.24603
vn -0.13855 0.99034 -0.00501
vn -0.19419 0.98095 -0.00539
vn -0.19410 0.95739 0.21383
vn -0.19309 0.87457 0.44480
vn -0.18987 0.73890 0.64651
vn -0.18510 0.56536 0.80381
vn -0.18001 0.37272 0.91032
vn -0.17598 0.17526 0.96867
vn -0.17410 0.00099 0.98473
vn -0.17564 -0.17297 0.96914
vn -0.17987 -0.37038 0.91130
vn -0.18501 -0.56314 0.80539
vn -0.18985 -0.73700 0.64868
vn -0.19316 -0.87322 0.44740
vn -0.19443 -0.95670 0.21660
vn -0.19383 -0.98103 -0.00269
vn -0.19288 -0.95108 -0.24133
vn -0.18977 -0.86505 -0.46441
vn -0.18552 -0.73417 -0.65313
vn -0.18111 -0.57193 -0.80006
vn -0.17740 -0.39027 -0.90345
vn -0.17495 -0.19801 -0.96446
vn -0.17410 -0.00118 -0.98473
vn -0.17493 0.19566 -0.96494
vn -0.17736 0.38801 -0.90443
vn -0.18106 0.56985 -0.80155
vn -0.18546 0.73238 -0.65515
vn -0.18972 0.86372 -0.46690
vn -0.19285 0.95037 -0.24416
vn -0.19419 0.98095 -0.00539
vn -0.21935 0.97563 -0.00561
vn -0.21914 0.95229 0.21242
vn -0.21806 0.87001 0.44219
vn -0.21447 0.73525 0.64298
vn -0.20913 0.56278 0.79971
vn -0.20345 0.37120 0.90599
vn -0.19897 0.17468 0.96431
vn -0.19681 0.00117 0.98044
vn -0.19849 -0.17200 0.96489
vn -0.20325 -0.36845 0.90716
vn -0.20902 -0.56017 0.80157
vn -0.21444 -0.73302 0.64552
vn -0.21815 -0.86843 0.44524
vn -0.21960 -0.95145 0.21568
vn -0.21884 -0.97576 -0.00243
vn -0.21783 -0.94607 -0.23979
vn -0.21435 -0.86070 -0.46179
vn -0.20960 -0.73070 -0.64973
vn -0.20467 -0.56943 -0.79616
vn -0.20051 -0.38871 -0.89928
vn -0.19777 -0.19735 -0.96018
vn -0.19681 -0.00139 -0.98044
vn -0.19774 0.19459 -0.96075
vn -0.20046 0.38606 -0.90043
vn -0.20461 0.56698 -0.79792
vn -0.20953 0.72860 -0.65210
vn -0.21429 0.85914 -0.46471
vn -0.21779 0.94523 -0.24311
vn -0.21935 0.97563 -0.00561
vn -0.26124 0.96526 -0.00596
vn -0.26067 0.94236 0.20977
vn -0.25952 0.86112 0.43717
vn -0.25537 0.72809 0.63614
vn -0.24917 0.55770 0.79176
vn -0.24255 0.36816 0.89757
vn -0.23740 0.17350 0.95579
vn -0.23472 0.00146 0.97206
vn -0.23655 -0.17016 0.95660
vn -0.24222 -0.36474 0.89905
vn -0.24898 -0.55444 0.79410
vn -0.25534 -0.72531 0.63931
vn -0.25971 -0.85912 0.44097
vn -0.26152 -0.94122 0.21380
vn -0.26030 -0.96553 -0.00199
vn -0.25930 -0.93630 -0.23685
vn -0.25525 -0.85220 -0.45673
vn -0.24970 -0.72390 -0.64313
vn -0.24394 -0.56449 -0.78857
vn -0.23907 -0.38561 -0.89115
vn -0.23585 -0.19600 -0.95182
vn -0.23472 -0.00174 -0.97206
vn -0.23581 0.19255 -0.95253
vn -0.23899 0.38229 -0.89260
vn -0.24384 0.56143 -0.79078
vn -0.24960 0.72129 -0.64610
vn -0.25516 0.85025 -0.46039
vn -0.25925 0.93526 -0.24100
vn -0.26124 0.96526 -0.00596
vn -0.30479 0.95240 -0.00639
vn -0.30460 0.92984 0.20644
vn -0.30315 0.84996 0.43089
vn -0.29839 0.71911 0.62758
vn -0.29129 0.55130 0.78180
vn -0.28369 0.36434 0.88700
vn -0.27765 0.17201 0.94516
vn -0.27477 0.00182 0.96151
vn -0.27705 -0.16785 0.94608
vn -0.28339 -0.36008 0.88884
vn -0.29108 -0.54727 0.78471
vn -0.29829 -0.71568 0.63153
vn -0.30322 -0.84752 0.43563
vn -0.30513 -0.92854 0.21147
vn -0.30421 -0.95260 -0.00146
vn -0.30283 -0.92407 -0.23320
vn -0.29823 -0.84153 -0.45042
vn -0.29191 -0.71535 -0.63487
vn -0.28533 -0.55826 -0.77906
vn -0.27976 -0.38169 -0.88094
vn -0.27607 -0.19429 -0.94129
vn -0.27477 -0.00217 -0.96151
vn -0.27602 0.19001 -0.94218
vn -0.27965 0.37757 -0.88274
vn -0.28519 0.55447 -0.78181
vn -0.29176 0.71212 -0.63856
vn -0.29810 0.83913 -0.45497
vn -0.30276 0.92278 -0.23835
vn -0.30479 0.95240 -0.00639
vn -0.32195 0.94673 -0.00670
vn -0.32232 0.92421 0.20481
vn -0.32061 0.84502 0.42796
vn -0.31559 0.71517 0.62365
vn -0.30813 0.54854 0.77728
vn -0.30012 0.36274 0.88224
vn -0.29362 0.17146 0.94042
vn -0.29084 0.00206 0.95677
vn -0.29347 -0.16670 0.94132
vn -0.29993 -0.35789 0.88429
vn -0.30792 -0.54396 0.78058
vn -0.31542 -0.71129 0.62815
vn -0.32053 -0.84229 0.43336
vn -0.32234 -0.92291 0.21056
vn -0.32194 -0.94676 -0.00111
vn -0.32021 -0.91864 -0.23144
vn -0.31540 -0.83682 -0.44749
vn -0.30880 -0.71161 -0.63108
vn -0.30191 -0.55556 -0.77472
vn -0.29607 -0.38003 -0.87631
vn -0.29221 -0.19363 -0.93655
vn -0.29084 -0.00246 -0.95677
vn -0.29214 0.18876 -0.93756
vn -0.29595 0.37535 -0.87836
vn -0.30175 0.55126 -0.77786
vn -0.30862 0.70794 -0.63528
vn -0.31525 0.83410 -0.45265
vn -0.32012 0.91718 -0.23729
vn -0.32195 0.94673 -0.00670
vn -0.31938 0.94760 -0.00691
vn -0.31987 0.92507 0.20478
vn -0.31814 0.84586 0.42814
vn -0.31314 0.71592 0.62402
vn -0.30572 0.54916 0.77779
vn -0.29775 0.36320 0.88285
vn -0.29124 0.17176 0.94110
vn -0.28854 0.00222 0.95747
vn -0.29119 -0.16665 0.94204
vn -0.29757 -0.35799 0.88504
vn -0.30550 -0.54423 0.78133
vn -0.31295 -0.71176 0.62886
vn -0.31802 -0.84294 0.43395
vn -0.31978 -0.92371 0.21097
vn -0.31950 -0.94759 -0.00091
vn -0.31772 -0.91951 -0.23143
vn -0.31295 -0.83764 -0.44769
vn -0.30638 -0.71233 -0.63144
vn -0.29954 -0.55616 -0.77522
vn -0.29374 -0.38049 -0.87690
vn -0.28990 -0.19395 -0.93720
vn -0.28854 -0.00264 -0.95747
vn -0.28982 0.18872 -0.93829
vn -0.29360 0.37547 -0.87910
vn -0.29936 0.55154 -0.77858
vn -0.30619 0.70838 -0.63595
vn -0.31278 0.83472 -0.45323
vn -0.31763 0.91794 -0.23771
vn -0.31938 0.94760 -0.00691
vn -0.30735 0.95157 -0.00706
vn -0.30803 0.92892 0.20550
vn -0.30628 0.84940 0.42978
vn -0.30141 0.71887 0.62641
vn -0.29420 0.55135 0.78068
vn -0.28646 0.36462 0.88600
vn -0.28009 0.17247 0.94435
vn -0.27755 0.00232 0.96071
vn -0.28021 -0.16711 0.94528
vn -0.28632 -0.35916 0.88827
vn -0.29400 -0.54619 0.78437
vn -0.30121 -0.71451 0.63147
vn -0.30611 -0.84636 0.43586
vn -0.30775 -0.92755 0.21198
vn -0.30768 -0.95149 -0.00078
vn -0.30585 -0.92332 -0.23225
vn -0.30122 -0.84104 -0.44935
vn -0.29485 -0.71513 -0.63376
vn -0.28822 -0.55829 -0.77798
vn -0.28259 -0.38193 -0.87993
vn -0.27887 -0.19472 -0.94038
vn -0.27755 -0.00276 -0.96071
vn -0.27880 0.18925 -0.94152
vn -0.28246 0.37668 -0.88223
vn -0.28804 0.55345 -0.78149
vn -0.29466 0.71100 -0.63848
vn -0.30105 0.83798 -0.45515
vn -0.30575 0.92167 -0.23882
vn -0.30735 0.95157 -0.00706
vn -0.29785 0.95362 -0.04354
vn -0.29823 0.93926 0.16985
vn -0.29713 0.86871 0.39631
vn -0.29291 0.74531 0.59893
vn -0.28617 0.58205 0.76113
vn -0.27861 0.39669 0.87465
vn -0.27217 0.20388 0.94040
vn -0.26881 0.02869 0.96277
vn -0.27046 -0.13769 0.95283
vn -0.27610 -0.32920 0.90299
vn -0.28349 -0.51818 0.80692
vn -0.29075 -0.69128 0.66151
vn -0.29602 -0.83072 0.47147
vn -0.29825 -0.92119 0.24991
vn -0.29796 -0.95396 0.03426
vn -0.29677 -0.93476 -0.19532
vn -0.29266 -0.86038 -0.41724
vn -0.28664 -0.74025 -0.60817
vn -0.28012 -0.58707 -0.75953
vn -0.27442 -0.41268 -0.86856
vn -0.27045 -0.22624 -0.93577
vn -0.26876 -0.03421 -0.96260
vn -0.26957 0.15860 -0.94983
vn -0.27278 0.34765 -0.89707
vn -0.27795 0.52720 -0.80300
vn -0.28431 0.68912 -0.66654
vn -0.29067 0.82243 -0.48899
vn -0.29562 0.91438 -0.27664
vn -0.29785 0.95362 -0.04354
f 1/1/1 30/30/30 31/31/31
f 1/1/1 31/31/31 2/2/2
f 2/2/2 31/31/31 32/32/32
f 2/2/2 32/32/32 3/3/3
f 3/3/3 32/32/32 33/33/33
f 3/3/3 33/33/33 4/4/4
f 4/4/4 33/33/33 34/34/34
f 4/4/4 34/34/34 5/5/5
f 5/5/5 34/34/34 35/35/35
f 5/5/5 35/35/35 6/6/6
f 6/6/6 35/35/35 36/36/36
f 6/6/6 36/36/36 7/7/7
f 7/7/7 36/36/36 37/37/37
f 7/7/7 37/37/37 8/8/8
f 8/8/8 37/37/37 38/38/38
f 8/8/8 38/38/38 9/9/9
f 9/9/9 38/38/38 39/39/39
f 9/9/9 39/39/39 10/10/10
f 10/10/10 39/39/39 40/40/40
f 10/10/10 40/40/40 11/11/11
f 11/11/11 40/40/40 41/41/41
f 11/11/11 41/41/41 12/12/12
f 12/12/12 41/41/41 42/42/42
f 12/12/12 42/42/42 13/13/13
f 13/13/13 42/42/42 43/43/43
f 13/13/13 43/43/43 14/14/14
f 14/14/14 43/43/43 44/44/44
f 14/14/14 44/44/44 15/15/15
f 15/15/15 44/44/44 45/45/45
f 15/15/15 45/45/45 16/16/16
f 16/16/16 45/45/45 46/46/46
f 16/16/16 46/46/46 17/17/17
f 17/17/17 46/46/46 47/47/47
f 17/17/17 47/47/47 18/18/18
f 18/18/18 47/47/47 48/48/48
f 18/18/18 48/48/48 19/19/19
f 19/19/19 48/48/48 49/49/49
f 19/19/19 49/49/49 20/20/20
f 20/20/20 49/49/49 50/50/50
f 20/20/20 50/50/50 21/21/21
f 21/21/21 50/50/50 51/51/51
f 21/21/21 51/51/51 22/22/22
f 22/22/22 51/51/51 52/52/52
f 22/22/22 52/52/52 23/23/23
f 23/23/23 52/52/52 53/53/53
f 23/23/23 53/53/53 24/24/24
f 24/24/24 53/53/53 54/54/54
f 24/24/24 54/54/54 25/25/25
f 25/25/25 54/54/54 55/55/55
f 25/25/25 55/55/55 26/26/26
f 26/26/26 55/55/55 56/56/56
f 26/26/26 56/56/56 27/27/27
f 27/27/27 56/56/56 57/57/57
f 27/27/27 57/57/57 28/28/28
f 28/28/28 57/57/57 58/58/58
f 28/28/28 58/58/58 29/29/29
f 30/30/30 59/59/59 60/60/60
f 30/30/30 60/60/60 31/31/31
f 31/31/31 60/60/60 61/61/61
f 31/31/31 61/61/61 32/32/32
f 32/32/32 61/61/61 62/62/62
f 32/32/32 62/62/62 33/33/33
f 33/33/33 62/62/62 63/63/63
f 33/33/33 63/63/63 34/34/34
f 34/34/34 63/63/63 64/64/64
f 34/34/34 64/64/64 35/35/35
f 35/35/35 64/64/64 65/65/65
f 35/35/35 65/65/65 36/36/36
f 36/36/36 65/65/65 66/66/66
f 36/36/36 66/66/66 37/37/37
f 37/37/37 66/66/66 67/67/67
f 37/37/37 67/67/67 38/38/38
f 38/38/38 67/67/67 68/68/68
f 38/38/38 68/68/68 39/39/39
f 39/39/39 68/68/68 69/69/69
f 39/39/39 69/69/69 40/40/40
f 40/40/40 69/69/69 70/70/70
f 40/40/40 70/70/70 41/41/41
f 41/41/41 70/70/70 71/71/71
f 41/41/41 71/71/71 42/42/42
f 42/42/42 71/71/71 72/72/72
f 42/42/42 72/72/72 43/43/43
f 43/43/43 72/72/72 73/73/73
f 43/43/43 73/73/73 44/44/44
f 44/44/44 73/73/73 74/74/74
f 44/44/44 74/74/74 45/45/45
f 45/45/45 74/74/74 75/75/75
f 45/45/45 75/75/75 46/46/46
f 46/46/46 75/75/75 76/76/76
f 46/46/46 76/76/76 47/47/47
f 47/47/47 76/76/76 77/77/77
f 47/47/47 77/77/77 48/48/48
f 48/48/48 77/77/77 78/78/78
f 48/48/48 78/78/78 49/49/49
f 49/49/49 78/78/78 79/79/79
f 49/49/49 79/79/79 50/50/50
f 50/50/50 79/79/79 80/80/80
f 50/50/50 80/80/80 51/51/51
f 51/51/51 80/80/80 81/81/81
f 51/51/51 81/81/81 52/52/52
f 52/52/52 81/81/81 82/82/82
f 52/52/52 82/82/82 53/53/53
f 53/53/53 82/82/82 83/83/83
f 53/53/53 83/83/83 54/54/54
f 54/54/54 83/83/83 84/84/84
f 54/54/54 84/84/84 55/55/55
f 55/55/55 84/84/84 85/85/85
f 55/55/55 85/85/85 56/56/56
f 56/56/56 85/85/85 86/86/86
f 56/56/56 86/86/86 57/57/57
f 57/57/57 86/86/86 87/87/87
f 57/57/57 87/87/87 58/58/58
f 59/59/59 88/88/88 89/89/89
f 59/59/59 89/89/89 60/60/60
f 60/60/60 89/89/89 90/90/90
f 60/60/60 90/90/90 61/61/61
f 61/61/61 90/90/90 91/91/91
f 61/61/61 91/91/91 62/62/62
f 62/62/62 91/91/91 92/92/92
f 62/62/62 92/92/92 63/63/63
f 63/63/63 92/92/92 93/93/93
f 63/63/63 93/93/93 64/64/64
f 64/64/64 93/93/93 94/94/94
f 64/64/64 94/94/94 65/65/65
f 65/65/65 94/94/94 95/95/95
f 65/65/65 95/95/95 66/66/66
f 66/66/66 95/95/95 96/96/96
f 66/66/66 96/96/96 67/67/67
f 67/67/67 96/96/96 97/97/97
f 67/67/67 97/97/97 68/68/68
f 68/68/68 97/97/97 98/98/98
f 68/68/68 98/98/98 69/69/69
f 69/69/69 98/98/98 99/99/99
f 69/69/69 99/99/99 70/70/70
f 70/70/70 99/99/99 100/100/100
f 70/70/70 100/100/100 71/71/71
f 71/71/71 100/100/100 101/101/101
f 71/71/71 101/101/101 72/72/72
f 72/72/72 101/101/101 102/102/102
f 72/72/72 102/102/102 73/73/73
f 73/73/73 102/102/102 103/103/103
f 73/73/73 103/103/103 74/74/74
f 74/74/74 103/103/103 104/104/104
f 74/74/74 104/104/104 75/75/75
f 75/75/75 104/104/104 105/105/105
f 75/75/75 105/105/105 76/76/76
f 76/76/76 105/105/105 106/106/106
f 76/76/76 106/106/106 77/77/77
f 77/77/77 106/106/106 107/107/107
f 77/77/77 107/107/107 78/78/78
f 78/78/78 107/107/107 108/108/108
f 78/78/78 108/108/108 79/79/79
f 79/79/79 108/108/108 109/109/109
f 79/79/79 109/109/109 80/80/80
f 80/80/80 109/109/109 110/110/110
f 80/80/80 110/110/110 81/81/81
f 81/81/81 110/110/110 111/111/111
f 81/81/81 111/111/111 82/82/82
f 82/82/82 111/111/111 112/112/112
f 82/82/82 112/112/112 83/83/83
f 83/83/83 112/112/112 113/113/113
f 83/83/83 113/113/113 84/84/84
f 84/84/84 113/113/113 114/114/114
f 84/84/84 114/114/114 85/85/85
f 85/85/85 114/114/114 115/115/115
f 85/85/85 115/115/115 86/86/86
f 86/86/86 115/115/115 116/116/116
f 86/86/86 116/116/116 87/87/87
f 88/88/88 117/117/117 118/118/118
f 88/88/88 118/118/118 89/89/89
f 89/89/89 118/118/118 119/119/119
f 89/89/89 119/119/119 90/90/90
f 90/90/90 119/119/119 120/120/120
f 90/90/90 120/120/120 91/91/91
f 91/91/91 120/120/120 121/121/121
f 91/91/91 121/121/121 92/92/92
f 92/92/92 121/121/121 122/122/122
f 92/92/92 122/122/122 93/93/93
f 93/93/93 122/122/122 123/123/123
f 93/93/93 123/123/123 94/94/94
f 94/94/94 123/123/123 124/124/124
f 94/94/94 124/124/124 95/95/95
f 95/95/95 124/124/124 125/125/125
f 95/95/95 125/125/125 96/96/96
f 96/96/96 125/125/125 126/126/126
f 96/96/96 126/126/126 97/97/97
f 97/97/97 126/126/126 127/127/127
f 97/97/97 127/127/127 98/98/98
f 98/98/98 127/127/127 128/128/128
f 98/98/98 128/128/128 99/99/99
f 99/99/99 128/128/128 129/129/129
f 99/99/99 129/129/129 100/100/100
f 100/100/100 129/129/129 130/130/130
f 100/100/100 130/130/130 101/101/101
f 101/101/101 130/130/130 131/131/131
f 101/101/101 131/131/131 102/102/102
f 102/102/102 131/131/131 132/132/132
f 102/102/102 132/132/132 103/103/103
f 103/103/103 132/132/132 133/133/133
f 103/103/103 133/133/133 104/104/104
f 104/104/104 133/133/133 134/134/134
f 104/104/104 134/134/134 105/105/105
f 105/105/105 134/134/134 135/135/135
f 105/105/105 135/135/135 106/106/106
f 106/106/106 135/135/135 136/136/136
f 106/106/106 136/136/136 107/107/107
f 107/107/107 136/136/136 137/137/137
f 107/107/107 137/137/137 108/108/108
f 108/108/108 137/137/137 138/138/138
f 108/108/108 138/138/138 109/109/109
f 109/109/109 138/138/138 139/139/139
f 109/109/109 139/139/139 110/110/110
f 110/110/110 139/139/139 140/140/140
f 110/110/110 140/140/140 111/111/111
f 111/111/111 140/140/140 141/141/141
f 111/111/111 141/141/141 112/112/112
f 112/112/112 141/141/141 142/142/142
f 112/112/112 142/142/142 113/113/113
f 113/113/113 142/142/142 143/143/143
f 113/113/113 143/143/143 114/114/114
f 114/114/114 143/143/143 144/144/144
f 114/114/114 144/144/144 115/115/115
f 115/115/115 144/144/144 145/145/145
f 115/115/115 145/145/145 116/116/116
f 117/117/117 146/146/146 147/147/147
f 117/117/117 147/147/147 118/118/118
f 118/118/118 147/147/147 148/148/148
f 118/118/118 148/148/148 119/119/119
f 119/119/119 148/148/148 149/149/149
f 119/119/119 149/149/149 120/120/120
f 120/120/120 149/149/149 150/150/150
f 120/120/120 150/150/150 121/121/121
f 121/121/121 150/150/150 151/151/151
f 121/121/121 151/151/151 122/122/122
f 122/122/122 151/151/151 152/152/152
f 122/122/122 152/152/152 123/123/123
f 123/123/123 152/152/152 153/153/153
f 123/123/123 153/153/153 124/124/124
f 124/124/124 153/153/153 154/154/154
f 124/124/124 154/154/154 125/125/125
f 125/125/125 154/154/154 155/155/155
f 125/125/125 155/155/155 126/126/126
f 126/126/126 155/155/155 156/156/156
f 126/126/126 156/156/156 127/127/127
f 127/127/127 156/156/156 157/157/157
f 127/127/127 157/157/157 128/128/128
f 128/128/128 157/157/157 158/158/158
f 128/128/128 158/158/158 129/129/129
f 129/129/129 158/158/158 159/159/159
f 129/129/129 159/159/159 130/130/130
f 130/130/130 159/159/159 160/160/160
f 130/130/130 160/160/160 131/131/131
f 131/131/131 160/160/160 161/161/161
f 131/131/131 161/161/161 132/132/132
f 132/132/132 161/161/161 162/162/162
f 132/132/132 162/162/162 133/133/133
f 133/133/133 162/162/162 163/163/163
f 133/133/133 163/163/163 134/134/134
f 134/134/134 163/163/163 164/164/164
f 134/134/134 164/164/164 135/135/135
f 135/135/135 164/164/164 165/165/165
f 135/135/135 165/165/165 136/136/136
f 136/136/136 165/165/165 166/166/166
f 136/136/136 166/166/166 137/137/137
f 137/137/137 166/166/166 167/167/167
f 137/137/137 167/167/167 138/138/138
f 138/138/138 167/167/167 168/168/168
f 138/138/138 168/168/168 139/139/139
f 139/139/139 168/168/168 169/169/169
f 139/139/139 169/169/169 140/140/140
f 140/140/140 169/169/169 170/170/170
f 140/140/140 170/170/170 141/141/141
f 141/141/141 170/170/170 171/171/171
f 141/141/141 171/171/171 142/142/142
f 142/142/142 171/171/171 172/172/172
f 142/142/142 172/172/172 143/143/143
f 143/143/143 172/172/172 173/173/173
f 143/143/143 173/173/173 144/144/144
f 144/144/144 173/173/173 174/174/174
f 144/144/144 174/174/174 145/145/145
f 146/146/146 175/175/175 176/176/176
f 146/146/146 176/176/176 147/147/147
f 147/147/147 176/176/176 177/177/177
f 147/147/147 177/177/177 148/148/148
f 148/148/148 177/177/177 178/178/178
f 148/148/148 178/178/178 149/149/149
f 149/149/149 178/178/178 179/179/179
f 149/149/149 179/179/179 150/150/150
f 150/150/150 179/179/179 180/180/180
f 150/150/150 180/180/180 151/151/151
f 151/151/151 180/180/180 181/181/181
f 151/151/151 181/181/181 152/152/152
f 152/152/152 181/181/181 182/182/182
f 152/152/152 182/182/182 153/153/153
f 153/153/153 182/182/182 183/183/183
f 153/153/153 183/183/183 154/154/154
f 154/154/154 183/183/183 184/184/184
f 154/154/154 184/184/184 155/155/155
f 155/155/155 184/184/184 185/185/185
f 155/155/155 185/185/185 156/156/156
f 156/156/156 185/185/185 186/186/186
f 156/156/156 186/186/186 157/157/157
f 157/157/157 186/186/186 187/187/187
f 157/157/157 187/187/187 158/158/158
f 158/158/158 187/187/187 188/188/188
f 158/158/158 188/188/188 159/159/159
f 159/159/159 188/188/188 189/189/189
f 159/159/159 189/189/189 160/160/160
f 160/160/160 189/189/189 190/190/190
f 160/160/160 190/190/190 161/161/161
f 161/161/161 190/190/190 191/191/191
f 161/161/161 191/191/191 162/162/162
f 162/162/162 191/191/191 192/192/192
f 162/162/162 192/192/192 163/163/163
f 163/163/163 192/192/192 193/193/193
f 163/163/163 193/193/193 164/164/164
f 164/164/164 193/193/193 194/194/194
f 164/164/164 194/194/194 165/165/165
f 165/165/165 194/194/194 195/195/195
f 165/165/165 195/195/195 166/166/166
f 166/166/166 195/195/195 196/196/196
f 166/166/166 196/196/196 167/167/167
f 167/167/167 196/196/196 197/197/197
f 167/167/167 197/197/197 168/168/168
f 168/168/168 197/197/197 198/198/198
f 168/168/168 198/198/198 169/169/169
f 169/169/169 198/198/198 199/199/199
f 169/169/169 199/199/199 170/170/170
f 170/170/170 199/199/199 200/200/200
f 170/170/170 200/200/200 171/171/171
f 171/171/171 200/200/200 201/201/201
f 171/171/171 201/201/201 172/172/172
f 172/172/172 201/201/201 202/202/202
f 172/172/172 202/202/202 173/173/173
f 173/173/173 202/202/202 203/203/203
f 173/173/173 203/203/203 174/174/174
f 175/175/175 204/204/204 205/205/205
f 175/175/175 205/205/205 176/176/176
f 176/176/176 205/205/205 206/206/206
f 176/176/176 206/206/206 177/177/177
f 177/177/177 206/206/206 207/207/207
f 177/177/177 207/207/207 178/178/178
f 178/178/178 207/207/207 208/208/208
f 178/178/178 208/208/208 179/179/179
f 179/179/179 208/208/208 209/209/209
f 179/179/179 209/209/209 180/180/180
f 180/180/180 209/209/209 210/210/210
f 180/180/180 210/210/210 181/181/181
f 181/181/181 210/210/210 211/211/211
f 181/181/181 211/211/211 182/182/182
f 182/182/182 211/211/211 212/212/212
f 182/182/182 212/212/212 183/183/183
f 183/183/183 212/212/212 213/213/213
f 183/183/183 213/213/213 184/184/184
f 184/184/184 213/213/213 214/214/214
f 184/184/184 214/214/214 185/185/185
f 185/185/185 214/214/214 215/215/215
f 185/185/185 215/215/215 186/186/186
f 186/186/186 215/215/215 216/216/216
f 186/186/186 216/216/216 187/187/187
f 187/187/187 216/216/216 217/217/217
f 187/187/187 217/217/217 188/188/188
f 188/188/188 217/217/217 218/218/218
f 188/188/188 218/218/218 189/189/189
f 189/189/189 218/218/218 219/219/219
f 189/189/189 219/219/219 190/190/190
f 190/190/190 219/219/219 220/220/220
f 190/190/190 220/220/220 191/191/191
f 191/191/191 220/220/220 221/221/221
f 191/191/191 221/221/221 192/192/192
f 192/192/192 221/221/221 222/222/222
f 192/192/192 222/222/222 193/193/193
f 193/193/193 222/222/222 223/223/223
f 193/193/193 223/223/223 194/194/194
f 194/194/194 223/223/223 224/224/224
f 194/194/194 224/224/224 195/195/195
f 195/195/195 224/224/224 225/225/225
f 195/195/195 225/225/225 196/196/196
f 196/196/196 225/225/225 226/226/226
f 196/196/196 226/226/226 197/197/197
f 197/197/197 226/226/226 227/227/227
f 197/197/197 227/227/227 198/198/198
f 198/198/198 227/227/227 228/228/228
f 198/198/198 228/228/228 199/199/199
f 199/199/199 228/228/228 229/229/229
f 199/199/199 229/229/229 200/200/200
f 200/200/200 229/229/229 230/230/230
f 200/200/200 230/230/230 201/201/201
f 201/201/201 230/230/230 231/231/231
f 201/201/201 231/231/231 202/202/202
f 202/202/202 231/231/231 232/232/232
f 202/202/202 232/232/232 203/203/203
f 204/204/204 233/233/233 234/234/234
f 204/204/204 234/234/234 205/205/205
f 205/205/205 234/234/234 235/235/235
f 205/205/205 235/235/235 206/206/206
f 206/206/206 235/235/235 236/236/236
f 206/206/206 236/236/236 207/207/207
f 207/207/207 236/236/236 237/237/237
f 207/207/207 237/237/237 208/208/208
f 208/208/208 237/237/237 238/238/238
f 208/208/208 238/238/238 209/209/209
f 209/209/209 238/238/238 239/239/239
f 209/209/209 239/239/239 210/210/210
f 210/210/210 239/239/239 240/240/240
f 210/210/210 240/240/240 211/211/211
f 211/211/211 240/240/240 241/241/241
f 211/211/211 241/241/241 212/212/212
f 212/212/212 241/241/241 242/242/242
f 212/212/212 242/242/242 213/213/213
f 213/213/213 242/242/242 243/243/243
f 213/213/213 243/243/243 214/214/214
f 214/214/214 243/243/243 244/244/244
f 214/214/214 244/244/244 215/215/215
f 215/215/215 244/244/244 245/245/245
f 215/215/215 245/245/245 216/216/216
f 216/216/216 245/245/245 246/246/246
f 216/216/216 246/246/246 217/217/217
f 217/217/217 246/246/246 247/247/247
f 217/217/217 247/247/247 218/218/218
f 218/218/218 247/247/247 248/248/248
f 218/218/218 248/248/248 219/219/219
f 219/219/219 248/248/248 249/249/249
f 219/219/219 249/249/249 220/220/220
f 220/220/220 249/249/249 250/250/250
f 220/220/220 250/250/250 221/221/221
f 221/221/221 250/250/250 251/251/251
f 221/221/221 251/251/251 222/222/222
f 222/222/222 251/251/251 252/252/252
f 222/222/222 252/252/252 223/223/223
f 223/223/223 252/252/252 253/253/253
f 223/223/223 253/253/253 224/224/224
f 224/224/224 253/253/253 254/254/254
f 224/224/224 254/254/254 225/225/225
f 225/225/225 254/254/254 255/255/255
f 225/225/225 255/255/255 226/226/226
f 226/226/226 255/255/255 256/256/256
f 226/226/226 256/256/256 227/227/227
f 227/227/227 256/256/256 257/257/257
f 227/227/227 257/257/257 228/228/228
f 228/228/228 257/257/257 258/258/258
f 228/228/228 258/258/258 229/229/229
f 229/229/229 258/258/258 259/259/259
f 229/229/229 259/259/259 230/230/230
f 230/230/230 259/259/259 260/260/260
f 230/230/230 260/260/260 231/231/231
f 231/231/231 260/260/260 261/261/261
f 231/231/231 261/261/261 232/232/232
f 233/233/233 262/262/262 263/263/263
f 233/233/233 263/263/263 234/234/234
f 234/234/234 263/263/263 264/264/264
f 234/234/234 264/264/264 235/235/235
f 235/235/235 264/264/264 265/265/265
f 235/235/235 265/265/265 236/236/236
f 236/236/236 265/265/265 266/266/266
f 236/236/236 266/266/266 237/237/237
f 237/237/237 266/266/266 267/267/267
f 237/237/237 267/267/267 238/238/238
f 238/238/238 267/267/267 268/268/268
f 238/238/238 268/268/268 239/239/239
f 239/239/239 268/268/268 269/269/269
f 239/239/239 269/269/269 240/240/240
f 240/240/240 269/269/269 270/270/270
f 240/240/240 270/270/270 241/241/241
f 241/241/241 270/270/270 271/271/271
f 241/241/241 271/271/271 242/242/242
f 242/242/242 271/271/271 272/272/272
f 242/242/242 272/272/272 243/243/243
f 243/243/243 272/272/272 273/273/273
f 243/243/243 273/273/273 244/244/244
f 244/244/244 273/273/273 274/274/274
f 244/244/244 274/274/274 245/245/245
f 245/245/245 274/274/274 275/275/275
f 245/245/245 275/275/275 246/246/246
f 246/246/246 275/275/275 276/276/276
f 246/246/246 276/276/276 247/247/247
f 247/247/247 276/276/276 277/277/277
f 247/247/247 277/277/277 248/248/248
f 248/248/248 277/277/277 278/278/278
f 248/248/248 278/278/278 249/249/249
f 249/249/249 278/278/278 279/279/279
f 249/249/249 279/279/279 250/250/250
f 250/250/250 279/279/279 280/280/280
f 250/250/250 280/280/280 251/251/251
f 251/251/251 280/280/280 281/281/281
f 251/251/251 281/281/281 252/252/252
f 252/252/252 281/281/281 282/282/282
f 252/252/252 282/282/282 253/253/253
f 253/253/253 282/282/282 283/283/283
f 253/253/253 283/283/283 254/254/254
f 254/254/254 283/283/283 284/284/284
f 254/254/254 284/284/284 255/255/255
f 255/255/255 284/284/284 285/285/285
f 255/255/255 285/285/285 256/256/256
f 256/256/256 285/285/285 286/286/286
f 256/256/256 286/286/286 257/257/257
f 257/257/257 286/286/286 287/287/287
f 257/257/257 287/287/287 258/258/258
f 258/258/258 287/287/287 288/288/288
f 258/258/258 288/288/288 259/259/259
f 259/259/259 288/288/288 289/289/289
f 259/259/259 289/289/289 260/260/260
f 260/260/260 289/289/289 290/290/290
f 260/260/260 290/290/290 261/261/261
f 262/262/262 291/291/291 292/292/292
f 262/262/262 292/292/292 263/263/263
f 263/263/263 292/292/292 293/293/293
f 263/263/263 293/293/293 264/264/264
f 264/264/264 293/293/293 294/294/294
f 264/264/264 294/294/294 265/265/265
f 265/265/265 294/294/294 295/295/295
f 265/265/265 295/295/295 266/266/266
f 266/266/266 295/295/295 296/296/296
f 266/266/266 296/296/296 267/267/267
f 267/267/267 296/296/296 297/297/297
f 267/267/267 297/297/297 268/268/268
f 268/268/268 297/297/297 298/298/298
f 268/268/268 298/298/298 269/269/269
f 269/269/269 298/298/298 299/299/299
f 269/269/269 299/299/299 270/270/270
f 270/270/270 299/299/299 300/300/300
f 270/270/270 300/300/300 271/271/271
f 271/271/271 300/300/300 301/301/301
f 271/271/271 301/301/301 272/272/272
f 272/272/272 301/301/301 302/302/302
f 272/272/272 302/302/302 273/273/273
f 273/273/273 302/302/302 303/303/303
f 273/273/273 303/303/303 274/274/274
f 274/274/274 303/303/303 304/304/304
f 274/274/274 304/304/304 275/275/275
f 275/275/275 304/304/304 305/305/305
f 275/275/275 305/305/305 276/276/276
f 276/276/276 305/305/305 306/306/306
f 276/276/276 306/306/306 277/277/277
f 277/277/277 306/306/306 307/307/307
f 277/277/277 307/307/307 278/278/278
f 278/278/278 307/307/307 308/308/308
f 278/278/278 308/308/308 279/279/279
f 279/279/279 308/308/308 309/309/309
f 279/279/279 309/309/309 280/280/280
f 280/280/280 309/309/309 310/310/310
f 280/280/280 310/310/310 281/281/281
f 281/281/281 310/310/310 311/311/311
f 281/281/281 311/311/311 282/282/282
f 282/282/282 311/311/311 312/312/312
f 282/282/282 312/312/312 283/283/283
f 283/283/283 312/312/312 313/313/313
f 283/283/283 313/313/313 284/284/284
f 284/284/284 313/313/313 314/314/314
f 284/284/284 314/314/314 285/285/285
f 285/285/285 314/314/314 315/315/315
f 285/285/285 315/315/315 286/286/286
f 286/286/286 315/315/315 316/316/316
f 286/286/286 316/316/316 287/287/287
f 287/287/287 316/316/316 317/317/317
f 287/287/287 317/317/317 288/288/288
f 288/288/288 317/317/317 318/318/318
f 288/288/288 318/318/318 289/289/289
f 289/289/289 318/318/318 319/319/319
f 289/289/289 319/319/319 290/290/290
f 291/291/291 320/320/320 321/321/321
f 291/291/291 321/321/321 292/292/292
f 292/292/292 321/321/321 322/322/322
f 292/292/292 322/322/322 293/293/293
f 293/293/293 322/322/322 323/323/323
f 293/293/293 323/323/323 294/294/294
f 294/294/294 323/323/323 324/324/324
f 294/294/294 324/324/324 295/295/295
f 295/295/295 324/324/324 325/325/325
f 295/295/295 325/325/325 296/296/296
f 296/296/296 325/325/325 326/326/326
f 296/296/296 326/326/326 297/297/297
f 297/297/297 326/326/326 327/327/327
f 297/297/297 327/327/327 298/298/298
f 298/298/298 327/327/327 328/328/328
f 298/298/298 328/328/328 299/299/299
f 299/299/299 328/328/328 329/329/329
f 299/299/299 329/329/329 300/300/300
f 300/300/300 329/329/329 330/330/330
f 300/300/300 330/330/330 301/301/301
f 301/301/301 330/330/330 331/331/331
f 301/301/301 331/331/331 302/302/302
f 302/302/302 331/331/331 332/332/332
f 302/302/302 332/332/332 303/303/303
f 303/303/303 332/332/332 333/333/333
f 303/303/303 333/333/333 304/304/304
f 304/304/304 333/333/333 334/334/334
f 304/304/304 334/334/334 305/305/305
f 305/305/305 334/334/334 335/335/335
f 305/305/305 335/335/335 306/306/306
f 306/306/306 335/335/335 336/336/336
f 306/306/306 336/336/336 307/307/307
f 307/307/307 336/336/336 337/337/337
f 307/307/307 337/337/337 308/308/308
f 308/308/308 337/337/337 338/338/338
f 308/308/308 338/338/338 309/309/309
f 309/309/309 338/338/338 339/339/339
f 309/309/309 339/339/339 310/310/310
f 310/310/310 339/339/339 340/340/340
f 310/310/310 340/340/340 311/311/311
f 311/311/311 340/340/340 341/341/341
f 311/311/311 341/341/341 312/312/312
f 312/312/312 341/341/341 342/342/342
f 312/312/312 342/342/342 313/313/313
f 313/313/313 342/342/342 343/343/343
f 313/313/313 343/343/343 314/314/314
f 314/314/314 343/343/343 344/344/344
f 314/314/314 344/344/344 315/315/315
f 315/315/315 344/344/344 345/345/345
f 315/315/315 345/345/345 316/316/316
f 316/316/316 345/345/345 346/346/346
f 316/316/316 346/346/346 317/317/317
f 317/317/317 346/346/346 347/347/347
f 317/317/317 347/347/347 318/318/318
f 318/318/318 347/347/347 348/348/348
f 318/318/318 348/348/348 319/319/319
f 320/320/320 349/349/349 350/350/350
f 320/320/320 350/350/350 321/321/321
f 321/321/321 350/350/350 351/351/351
f 321/321/321 351/351/351 322/322/322
f 322/322/322 351/351/351 352/352/352
f 322/322/322 352/352/352 323/323/323
f 323/323/323 352/352/352 353/353/353
f 323/323/323 353/353/353 324/324/324
f 324/324/324 353/353/353 354/354/354
f 324/324/324 354/354/354 325/325/325
f 325/325/325 354/354/354 355/355/355
f 325/325/325 355/355/355 326/326/326
f 326/326/326 355/355/355 356/356/356
f 326/326/326 356/356/356 327/327/327
f 327/327/327 356/356/356 357/357/357
f 327/327/327 357/357/357 328/328/328
f 328/328/328 357/357/357 358/358/358
f 328/328/328 358/358/358 329/329/329
f 329/329/329 358/358/358 359/359/359
f 329/329/329 359/359/359 330/330/330
f 330/330/330 359/359/359 360/360/360
f 330/330/330 360/360/360 331/331/331
f 331/331/331 360/360/360 361/361/361
f 331/331/331 361/361/361 332/332/332
f 332/332/332 361/361/361 362/362/362
f 332/332/332 362/362/362 333/333/333
f 333/333/333 362/362/362 363/363/363
f 333/333/333 363/363/363 334/334/334
f 334/334/334 363/363/363 364/364/364
f 334/334/334 364/364/364 335/335/335
f 335/335/335 364/364/364 365/365/365
f 335/335/335 365/365/365 336/336/336
f 336/336/336 365/365/365 366/366/366
f 336/336/336 366/366/366 337/337/337
f 337/337/337 366/366/366 367/367/367
f 337/337/337 367/367/367 338/338/338
f 338/338/338 367/367/367 368/368/368
f 338/338/338 368/368/368 339/339/339
f 339/339/339 368/368/368 369/369/369
f 339/339/339 369/369/369 340/340/340
f 340/340/340 369/369/369 370/370/370
f 340/340/340 370/370/370 341/341/341
f 341/341/341 370/370/370 371/371/371
f 341/341/341 371/371/371 342/342/342
f 342/342/342 371/371/371 372/372/372
f 342/342/342 372/372/372 343/343/343
f 343/343/343 372/372/372 373/373/373
f 343/343/343 373/373/373 344/344/344
f 344/344/344 373/373/373 374/374/374
f 344/344/344 374/374/374 345/345/345
f 345/345/345 374/374/374 375/375/375
f 345/345/345 375/375/375 346/346/346
f 346/346/346 375/375/375 376/376/376
f 346/346/346 376/376/376 347/347/347
f 347/347/347 376/376/376 377/377/377
f 347/347/347 377/377/377 348/348/348
f 349/349/349 378/378/378 379/379/379
f 349/349/349 379/379/379 350/350/350
f 350/350/350 379/379/379 380/380/380
f 350/350/350 380/380/380 351/351/351
f 351/351/351 380/380/380 381/381/381
f 351/351/351 381/381/381 352/352/352
f 352/352/352 381/381/381 382/382/382
f 352/352/352 382/382/382 353/353/353
f 353/353/353 382/382/382 383/383/383
f 353/353/353 383/383/383 354/354/354
f 354/354/354 383/383/383 384/384/384
f 354/354/354 384/384/384 355/355/355
f 355/355/355 384/384/384 385/385/385
f 355/355/355 385/385/385 356/356/356
f 356/356/356 385/385/385 386/386/386
f 356/356/356 386/386/386 357/357/357
f 357/357/357 386/386/386 387/387/387
f 357/357/357 387/387/387 358/358/358
f 358/358/358 387/387/387 388/388/388
f 358/358/358 388/388/388 359/359/359
f 359/359/359 388/388/388 389/389/389
f 359/359/359 389/389/389 360/360/360
f 360/360/360 389/389/389 390/390/390
f 360/360/360 390/390/390 361/361/361
f 361/361/361 390/390/390 391/391/391
f 361/361/361 391/391/391 362/362/362
f 362/362/362 391/391/391 392/392/392
f 362/362/362 392/392/392 363/363/363
f 363/363/363 392/392/392 393/393/393
f 363/363/363 393/393/393 364/364/364
f 364/364/364 393/393/393 394/394/394
f 364/364/364 394/394/394 365/365/365
f 365/365/365 394/394/394 395/395/395
f 365/365/365 395/395/395 366/366/366
f 366/366/366 395/395/395 396/396/396
f 366/366/366 396/396/396 367/367/367
f 367/367/367 396/396/396 397/397/397
f 367/367/367 397/397/397 368/368/368
f 368/368/368 397/397/397 398/398/398
f 368/368/368 398/398/398 369/369/369
f 369/369/369 398/398/398 399/399/399
f 369/369/369 399/399/399 370/370/370
f 370/370/370 399/399/399 400/400/400
f 370/370/370 400/400/400 371/371/371
f 371/371/371 400/400/400 401/401/401
f 371/371/371 401/401/401 372/372/372
f 372/372/372 401/401/401 402/402/402
f 372/372/372 402/402/402 373/373/373
f 373/373/373 402/402/402 403/403/403
f 373/373/373 403/403/403 374/374/374
f 374/374/374 403/403/403 404/404/404
f 374/374/374 404/404/404 375/375/375
f 375/375/375 404/404/404 405/405/405
f 375/375/375 405/405/405 376/376/376
f 376/376/376 405/405/405 406/406/406
f 376/376/376 406/406/406 377/377/377
f 378/378/378 407/407/407 408/408/408
f 378/378/378 408/408/408 379/379/379
f 379/379/379 408/408/408 409/409/409
f 379/379/379 409/409/409 380/380/380
f 380/380/380 409/409/409 410/410/410
f 380/380/380 410/410/410 381/381/381
f 381/381/381 410/410/410 411/411/411
f 381/381/381 411/411/411 382/382/382
f 382/382/382 411/411/411 412/412/412
f 382/382/382 412/412/412 383/383/383
f 383/383/383 412/412/412 413/413/413
f 383/383/383 413/413/413 384/384/384
f 384/384/384 413/413/413 414/414/414
f 384/384/384 414/414/414 385/385/385
f 385/385/385 414/414/414 415/415/415
f 385/385/385 415/415/415 386/386/386
f 386/386/386 415/415/415 416/416/416
f 386/386/386 416/416/416 387/387/387
f 387/387/387 416/416/416 417/417/417
f 387/387/387 417/417/417 388/388/388
f 388/388/388 417/417/417 418/418/418
f 388/388/388 418/418/418 389/389/389
f 389/389/389 418/418/418 419/419/419
f 389/389/389 419/419/419 390/390/390
f 390/390/390 419/419/419 420/420/420
f 390/390/390 420/420/420 391/391/391
f 391/391/391 420/420/420 421/421/421
f 391/391/391 421/421/421 392/392/392
f 392/392/392 421/421/421 422/422/422
f 392/392/392 422/422/422 393/393/393
f 393/393/393 422/422/422 423/423/423
f 393/393/393 423/423/423 394/394/394
f 394/394/394 423/423/423 424/424/424
f 394/394/394 424/424/424 395/395/395
f 395/395/395 424/424/424 425/425/425
f 395/395/395 425/425/425 396/396/396
f 396/396/396 425/425/425 426/426/426
f 396/396/396 426/426/426 397/397/397
f 397/397/397 426/426/426 427/427/427
f 397/397/397 427/427/427 398/398/398
f 398/398/398 427/427/427 428/428/428
f 398/398/398 428/428/428 399/399/399
f 399/399/399 428/428/428 429/429/429
f 399/399/399 429/429/429 400/400/400
f 400/400/400 429/429/429 430/430/430
f 400/400/400 430/430/430 401/401/401
f 401/401/401 430/430/430 431/431/431
f 401/401/401 431/431/431 402/402/402
f 402/402/402 431/431/431 432/432/432
f 402/402/402 432/432/432 403/403/403
f 403/403/403 432/432/432 433/433/433
f 403/403/403 433/433/433 404/404/404
f 404/404/404 433/433/433 434/434/434
f 404/404/404 434/434/434 405/405/405
f 405/405/405 434/434/434 435/435/435
f 405/405/405 435/435/435 406/406/406
f 407/407/407 436/436/436 437/437/437
f 407/407/407 437/437/437 408/408/408
f 408/408/408 437/437/437 438/438/438
f 408/408/408 438/438/438 409/409/409
f 409/409/409 438/438/438 439/439/439
f 409/409/409 439/439/439 410/410/410
f 410/410/410 439/439/439 440/440/440
f 410/410/410 440/440/440 411/411/411
f 411/411/411 440/440/440 441/441/441
f 411/411/411 441/441/441 412/412/412
f 412/412/412 441/441/441 442/442/442
f 412/412/412 442/442/442 413/413/413
f 413/413/413 442/442/442 443/443/443
f 413/413/413 443/443/443 414/414/414
f 414/414/414 443/443/443 444/444/444
f 414/414/414 444/444/444 415/415/415
f 415/415/415 444/444/444 445/445/445
f 415/415/415 445/445/445 416/416/416
f 416/416/416 445/445/445 446/446/446
f 416/416/416 446/446/446 417/417/417
f 417/417/417 446/446/446 447/447/447
f 417/417/417 447/447/447 418/418/418
f 418/418/418 447/447/447 448/448/448
f 418/418/418 448/448/448 419/419/419
f 419/419/419 448/448/448 449/449/449
f 419/419/419 449/449/449 420/420/420
f 420/420/420 449/449/449 450/450/450
f 420/420/420 450/450/450 421/421/421
f 421/421/421 450/450/450 451/451/451
f 421/421/421 451/451/451 422/422/422
f 422/422/422 451/451/451 452/452/452
f 422/422/422 452/452/452 423/423/423
f 423/423/423 452/452/452 453/453/453
f 423/423/423 453/453/453 424/424/424
f 424/424/424 453/453/453 454/454/454
f 424/424/424 454/454/454 425/425/425
f 425/425/425 454/454/454 455/455/455
f 425/425/425 455/455/455 426/426/426
f 426/426/426 455/455/455 456/456/456
f 426/426/426 456/456/456 427/427/427
f 427/427/427 456/456/456 457/457/457
f 427/427/427 457/457/457 428/428/428
f 428/428/428 457/457/457 458/458/458
f 428/428/428 458/458/458 429/429/429
f 429/429/429 458/458/458 459/459/459
f 429/429/429 459/459/459 430/430/430
f 430/430/430 459/459/459 460/460/460
f 430/430/430 460/460/460 431/431/431
f 431/431/431 460/460/460 461/461/461
f 431/431/431 461/461/461 432/432/432
f 432/432/432 461/461/461 462/462/462
f 432/432/432 462/462/462 433/433/433
f 433/433/433 462/462/462 463/463/463
f 433/433/433 463/463/463 434/434/434
f 434/434/434 463/463/463 464/464/464
f 434/434/434 464/464/464 435/435/435
f 436/436/436 465/465/465 466/466/466
f 436/436/436 466/466/466 437/437/437
f 437/437/437 466/466/466 467/467/467
f 437/437/437 467/467/467 438/438/438
f 438/438/438 467/467/467 468/468/468
f 438/438/438 468/468/468 439/439/439
f 439/439/439 468/468/468 469/469/469
f 439/439/439 469/469/469 440/440/440
f 440/440/440 469/469/469 470/470/470
f 440/440/440 470/470/470 441/441/441
f 441/441/441 470/470/470 471/471/471
f 441/441/441 471/471/471 442/442/442
f 442/442/442 471/471/471 472/472/472
f 442/442/442 472/472/472 443/443/443
f 443/443/443 472/472/472 473/473/473
f 443/443/443 473/473/473 444/444/444
f 444/444/444 473/473/473 474/474/474
f 444/444/444 474/474/474 445/445/445
f 445/445/445 474/474/474 475/475/475
f 445/445/445 475/475/475 446/446/446
f 446/446/446 475/475/475 476/476/476
f 446/446/446 476/476/476 447/447/447
f 447/447/447 476/476/476 477/477/477
f 447/447/447 477/477/477 448/448/448
f 448/448/448 477/477/477 478/478/478
f 448/448/448 478/478/478 449/449/449
f 449/449/449 478/478/478 479/479/479
f 449/449/449 479/479/479 450/450/450
f 450/450/450 479/479/479 480/480/480
f 450/450/450 480/480/480 451/451/451
f 451/451/451 480/480/480 481/481/481
f 451/451/451 481/481/481 452/452/452
f 452/452/452 481/481/481 482/482/482
f 452/452/452 482/482/482 453/453/453
f 453/453/453 482/482/482 483/483/483
f 453/453/453 483/483/483 454/454/454
f 454/454/454 483/483/483 484/484/484
f 454/454/454 484/484/484 455/455/455
f 455/455/455 484/484/484 485/485/485
f 455/455/455 485/485/485 456/456/456
f 456/456/456 485/485/485 486/486/486
f 456/456/456 486/486/486 457/457/457
f 457/457/457 486/486/486 487/487/487
f 457/457/457 487/487/487 458/458/458
f 458/458/458 487/487/487 488/488/488
f 458/458/458 488/488/488 459/459/459
f 459/459/459 488/488/488 489/489/489
f 459/459/459 489/489/489 460/460/460
f 460/460/460 489/489/489 490/490/490
f 460/460/460 490/490/490 461/461/461
f 461/461/461 490/490/490 491/491/491
f 461/461/461 491/491/491 462/462/462
f 462/462/462 491/491/491 492/492/492
f 462/462/462 492/492/492 463/463/463
f 463/463/463 492/492/492 493/493/493
f 463/463/463 493/493/493 464/464/464
f 465/465/465 494/494/494 495/495/495
f 465/465/465 495/495/495 466/466/466
f 466/466/466 495/495/495 496/496/496
f 466/466/466 496/496/496 467/467/467
f 467/467/467 496/496/496 497/497/497
f 467/467/467 497/497/497 468/468/468
f 468/468/468 497/497/497 498/498/498
f 468/468/468 498/498/498 469/469/469
f 469/469/469 498/498/498 499/499/499
f 469/469/469 499/499/499 470/470/470
f 470/470/470 499/499/499 500/500/500
f 470/470/470 500/500/500 471/471/471
f 471/471/471 500/500/500 501/501/501
f 471/471/471 501/501/501 472/472/472
f 472/472/472 501/501/501 502/502/502
f 472/472/472 502/502/502 473/473/473
f 473/473/473 502/502/502 503/503/503
f 473/473/473 503/503/503 474/474/474
f 474/474/474 503/503/503 504/504/504
f 474/474/474 504/504/504 475/475/475
f 475/475/475 504/504/504 505/505/505
f 475/475/475 505/505/505 476/476/476
f 476/476/476 505/505/505 506/506/506
f 476/476/476 506/506/506 477/477/477
f 477/477/477 506/506/506 507/507/507
f 477/477/477 507/507/507 478/478/478
f 478/478/478 507/507/507 508/508/508
f 478/478/478 508/508/508 479/479/479
f 479/479/479 508/508/508 509/509/509
f 479/479/479 509/509/509 480/480/480
f 480/480/480 509/509/509 510/510/510
f 480/480/480 510/510/510 481/481/481
f 481/481/481 510/510/510 511/511/511
f 481/481/481 511/511/511 482/482/482
f 482/482/482 511/511/511 512/512/512
f 482/482/482 512/512/512 483/483/483
f 483/483/483 512/512/512 513/513/513
f 483/483/483 513/513/513 484/484/484
f 484/484/484 513/513/513 514/514/514
f 484/484/484 514/514/514 485/485/485
f 485/485/485 514/514/514 515/515/515
f 485/485/485 515/515/515 486/486/486
f 486/486/486 515/515/515 516/516/516
f 486/486/486 516/516/516 487/487/487
f 487/487/487 516/516/516 517/517/517
f 487/487/487 517/517/517 488/488/488
f 488/488/488 517/517/517 518/518/518
f 488/488/488 518/518/518 489/489/489
f 489/489/489 518/518/518 519/519/519
f 489/489/489 519/519/519 490/490/490
f 490/490/490 519/519/519 520/520/520
f 490/490/490 520/520/520 491/491/491
f 491/491/491 520/520/520 521/521/521
f 491/491/491 521/521/521 492/492/492
f 492/492/492 521/521/521 522/522/522
f 492/492/492 522/522/522 493/493/493
f 494/494/494 523/523/523 524/524/524
f 494/494/494 524/524/524 495/495/495
f 495/495/495 524/524/524 525/525/525
f 495/495/495 525/525/525 496/496/496
f 496/496/496 525/525/525 526/526/526
f 496/496/496 526/526/526 497/497/497
f 497/497/497 526/526/526 527/527/527
f 497/497/497 527/527/527 498/498/498
f 498/498/498 527/527/527 528/528/528
f 498/498/498 528/528/528 499/499/499
f 499/499/499 528/528/528 529/529/529
f 499/499/499 529/529/529 500/500/500
f 500/500/500 529/529/529 530/530/530
f 500/500/500 530/530/530 501/501/501
f 501/501/501 530/530/530 531/531/531
f 501/501/501 531/531/531 502/502/502
f 502/502/502 531/531/531 532/532/532
f 502/502/502 532/532/532 503/503/503
f 503/503/503 532/532/532 533/533/533
f 503/503/503 533/533/533 504/504/504
f 504/504/504 533/533/533 534/534/534
f 504/504/504 534/534/534 505/505/505
f 505/505/505 534/534/534 535/535/535
f 505/505/505 535/535/535 506/506/506
f 506/506/506 535/535/535 536/536/536
f 506/506/506 536/536/536 507/507/507
f 507/507/507 536/536/536 537/537/537
f 507/507/507 537/537/537 508/508/508
f 508/508/508 537/537/537 538/538/538
f 508/508/508 538/538/538 509/509/509
f 509/509/509 538/538/538 539/539/539
f 509/509/509 539/539/539 510/510/510
f 510/510/510 539/539/539 540/540/540
f 510/510/510 540/540/540 511/511/511
f 511/511/511 540/540/540 541/541/541
f 511/511/511 541/541/541 512/512/512
f 512/512/512 541/541/541 542/542/542
f 512/512/512 542/542/542 513/513/513
f 513/513/513 542/542/542 543/543/543
f 513/513/513 543/543/543 514/514/514
f 514/514/514 543/543/543 544/544/544
f 514/514/514 544/544/544 515/515/515
f 515/515/515 544/544/544 545/545/545
f 515/515/515 545/545/545 516/516/516
f 516/516/516 545/545/545 546/546/546
f 516/516/516 546/546/546 517/517/517
f 517/517/517 546/546/546 547/547/547
f 517/517/517 547/547/547 518/518/518
f 518/518/518 547/547/547 548/548/548
f 518/518/518 548/548/548 519/519/519
f 519/519/519 548/548/548 549/549/549
f 519/519/519 549/549/549 520/520/520
f 520/520/520 549/549/549 550/550/550
f 520/520/520 550/550/550 521/521/521
f 521/521/521 550/550/550 551/551/551
f 521/521/521 551/551/551 522/522/522
f 523/523/523 552/552/552 553/553/553
f 523/523/523 553/553/553 524/524/524
f 524/524/524 553/553/553 554/554/554
f 524/524/524 554/554/554 525/525/525
f 525/525/525 554/554/554 555/555/555
f 525/525/525 555/555/555 526/526/526
f 526/526/526 555/555/555 556/556/556
f 526/526/526 556/556/556 527/527/527
f 527/527/527 556/556/556 557/557/557
f 527/527/527 557/557/557 528/528/528
f 528/528/528 557/557/557 558/558/558
f 528/528/528 558/558/558 529/529/529
f 529/529/529 558/558/558 559/559/559
f 529/529/529 559/559/559 530/530/530
f 530/530/530 559/559/559 560/560/560
f 530/530/530 560/560/560 531/531/531
f 531/531/531 560/560/560 561/561/561
f 531/531/531 561/561/561 532/532/532
f 532/532/532 561/561/561 562/562/562
f 532/532/532 562/562/562 533/533/533
f 533/533/533 562/562/562 563/563/563
f 533/533/533 563/563/563 534/534/534
f 534/534/534 563/563/563 564/564/564
f 534/534/534 564/564/564 535/535/535
f 535/535/535 564/564/564 565/565/565
f 535/535/535 565/565/565 536/536/536
f 536/536/536 565/565/565 566/566/566
f 536/536/536 566/566/566 537/537/537
f 537/537/537 566/566/566 567/567/567
f 537/537/537 567/567/567 538/538/538
f 538/538/538 567/567/567 568/568/568
f 538/538/538 568/568/568 539/539/539
f 539/539/539 568/568/568 569/569/569
f 539/539/539 569/569/569 540/540/540
f 540/540/540 569/569/569 570/570/570
f 540/540/540 570/570/570 541/541/541
f 541/541/541 570/570/570 571/571/571
f 541/541/541 571/571/571 542/542/542
f 542/542/542 571/571/571 572/572/572
f 542/542/542 572/572/572 543/543/543
f 543/543/543 572/572/572 573/573/573
f 543/543/543 573/573/573 544/544/544
f 544/544/544 573/573/573 574/574/574
f 544/544/544 574/574/574 545/545/545
f 545/545/545 574/574/574 575/575/575
f 545/545/545 575/575/575 546/546/546
f 546/546/546 575/575/575 576/576/576
f 546/546/546 576/576/576 547/547/547
f 547/547/547 576/576/576 577/577/577
f 547/547/547 577/577/577 548/548/548
f 548/548/548 577/577/577 578/578/578
f 548/548/548 578/578/578 549/549/549
f 549/549/549 578/578/578 579/579/579
f 549/549/549 579/579/579 550/550/550
f 550/550/550 579/579/579 580/580/580
f 550/550/550 580/580/580 551/551/551
f 552/552/552 581/581/581 582/582/582
f 552/552/552 582/582/582 553/553/553
f 553/553/553 582/582/582 583/583/583
f 553/553/553 583/583/583 554/554/554
f 554/554/554 583/583/583 584/584/584
f 554/554/554 584/584/584 555/555/555
f 555/555/555 584/584/584 585/585/585
f 555/555/555 585/585/585 556/556/556
f 556/556/556 585/585/585 586/586/586
f 556/556/556 586/586/586 557/557/557
f 557/557/557 586/586/586 587/587/587
f 557/557/557 587/587/587 558/558/558
f 558/558/558 587/587/587 588/588/588
f 558/558/558 588/588/588 559/559/559
f 559/559/559 588/588/588 589/589/589
f 559/559/559 589/589/589 560/560/560
f 560/560/560 589/589/589 590/590/590
f 560/560/560 590/590/590 561/561/561
f 561/561/561 590/590/590 591/591/591
f 561/561/561 591/591/591 562/562/562
f 562/562/562 591/591/591 592/592/592
f 562/562/562 592/592/592 563/563/563
f 563/563/563 592/592/592 593/593/593
f 563/563/563 593/593/593 564/564/564
f 564/564/564 593/593/593 594/594/594
f 564/564/564 594/594/594 565/565/565
f 565/565/565 594/594/594 595/595/595
f 565/565/565 595/595/595 566/566/566
f 566/566/566 595/595/595 596/596/596
f 566/566/566 596/596/596 567/567/567
f 567/567/567 596/596/596 597/597/597
f 567/567/567 597/597/597 568/568/568
f 568/568/568 597/597/597 598/598/598
f 568/568/568 598/598/598 569/569/569
f 569/569/569 598/598/598 599/599/599
f 569/569/569 599/599/599 570/570/570
f 570/570/570 599/599/599 600/600/600
f 570/570/570 600/600/600 571/571/571
f 571/571/571 600/600/600 601/601/601
f 571/571/571 601/601/601 572/572/572
f 572/572/572 601/601/601 602/602/602
f 572/572/572 602/602/602 573/573/573
f 573/573/573 602/602/602 603/603/603
f 573/573/573 603/603/603 574/574/574
f 574/574/574 603/603/603 604/604/604
f 574/574/574 604/604/604 575/575/575
f 575/575/575 604/604/604 605/605/605
f 575/575/575 605/605/605 576/576/576
f 576/576/576 605/605/605 606/606/606
f 576/576/576 606/606/606 577/577/577
f 577/577/577 606/606/606 607/607/607
f 577/577/577 607/607/607 578/578/578
f 578/578/578 607/607/607 608/608/608
f 578/578/578 608/608/608 579/579/579
f 579/579/579 608/608/608 609/609/609
f 579/579/579 609/609/609 580/580/580
f 581/581/581 610/610/610 611/611/611
f 581/581/581 611/611/611 582/582/582
f 582/582/582 611/611/611 612/612/612
f 582/582/582 612/612/612 583/583/583
f 583/583/583 612/612/612 613/613/613
f 583/583/583 613/613/613 584/584/584
f 584/584/584 613/613/613 614/614/614
f 584/584/584 614/614/614 585/585/585
f 585/585/585 614/614/614 615/615/615
f 585/585/585 615/615/615 586/586/586
f 586/586/586 615/615/615 616/616/616
f 586/586/586 616/616/616 587/587/587
f 587/587/587 616/616/616 617/617/617
f 587/587/587 617/617/617 588/588/588
f 588/588/588 617/617/617 618/618/618
f 588/588/588 618/618/618 589/589/589
f 589/589/589 618/618/618 619/619/619
f 589/589/589 619/619/619 590/590/590
f 590/590/590 619/619/619 620/620/620
f 590/590/590 620/620/620 591/591/591
f 591/591/591 620/620/620 621/621/621
f 591/591/591 621/621/621 592/592/592
f 592/592/592 621/621/621 622/622/622
f 592/592/592 622/622/622 593/593/593
f 593/593/593 622/622/622 623/623/623
f 593/593/593 623/623/623 594/594/594
f 594/594/594 623/623/623 624/624/624
f 594/594/594 624/624/624 595/595/595
f 595/595/595 624/624/624 625/625/625
f 595/595/595 625/625/625 596/596/596
f 596/596/596 625/625/625 626/626/626
f 596/596/596 626/626/626 597/597/597
f 597/597/597 626/626/626 627/627/627
f 597/597/597 627/627/627 598/598/598
f 598/598/598 627/627/627 628/628/628
f 598/598/598 628/628/628 599/599/599
f 599/599/599 628/628/628 629/629/629
f 599/599/599 629/629/629 600/600/600
f 600/600/600 629/629/629 630/630/630
f 600/600/600 630/630/630 601/601/601
f 601/601/601 630/630/630 631/631/631
f 601/601/601 631/631/631 602/602/602
f 602/602/602 631/631/631 632/632/632
f 602/602/602 632/632/632 603/603/603
f 603/603/603 632/632/632 633/633/633
f 603/603/603 633/633/633 604/604/604
f 604/604/604 633/633/633 634/634/634
f 604/604/604 634/634/634 605/605/605
f 605/605/605 634/634/634 635/635/635
f 605/605/605 635/635/635 606/606/606
f 606/606/606 635/635/635 636/636/636
f 606/606/606 636/636/636 607/607/607
f 607/607/607 636/636/636 637/637/637
f 607/607/607 637/637/637 608/608/608
f 608/608/608 637/637/637 638/638/638
f 608/608/608 638/638/638 609/609/609
f 610/610/610 639/639/639 640/640/640
f 610/610/610 640/640/640 611/611/611
f 611/611/611 640/640/640 641/641/641
f 611/611/611 641/641/641 612/612/612
f 612/612/612 641/641/641 642/642/642
f 612/612/612 642/642/642 613/613/613
f 613/613/613 642/642/642 643/643/643
f 613/613/613 643/643/643 614/614/614
f 614/614/614 643/643/643 644/644/644
f 614/614/614 644/644/644 615/615/615
f 615/615/615 644/644/644 645/645/645
f 615/615/615 645/645/645 616/616/616
f 616/616/616 645/645/645 646/646/646
f 616/616/616 646/646/646 617/617/617
f 617/617/617 646/646/646 647/647/647
f 617/617/617 647/647/647 618/618/618
f 618/618/618 647/647/647 648/648/648
f 618/618/618 648/648/648 619/619/619
f 619/619/619 648/648/648 649/649/649
f 619/619/619 649/649/649 620/620/620
f 620/620/620 649/649/649 650/650/650
f 620/620/620 650/650/650 621/621/621
f 621/621/621 650/650/650 651/651/651
f 621/621/621 651/651/651 622/622/622
f 622/622/622 651/651/651 652/652/652
f 622/622/622 652/652/652 623/623/623
f 623/623/623 652/652/652 653/653/653
f 623/623/623 653/653/653 624/624/624
f 624/624/624 653/653/653 654/654/654
f 624/624/624 654/654/654 625/625/625
f 625/625/625 654/654/654 655/655/655
f 625/625/625 655/655/655 626/626/626
f 626/626/626 655/655/655 656/656/656
f 626/626/626 656/656/656 627/627/627
f 627/627/627 656/656/656 657/657/657
f 627/627/627 657/657/657 628/628/628
f 628/628/628 657/657/657 658/658/658
f 628/628/628 658/658/658 629/629/629
f 629/629/629 658/658/658 659/659/659
f 629/629/629 659/659/659 630/630/630
f 630/630/630 659/659/659 660/660/660
f 630/630/630 660/660/660 631/631/631
f 631/631/631 660/660/660 661/661/661
f 631/631/631 661/661/661 632/632/632
f 632/632/632 661/661/661 662/662/662
f 632/632/632 662/662/662 633/633/633
f 633/633/633 662/662/662 663/663/663
f 633/633/633 663/663/663 634/634/634
f 634/634/634 663/663/663 664/664/664
f 634/634/634 664/664/664 635/635/635
f 635/635/635 664/664/664 665/665/665
f 635/635/635 665/665/665 636/636/636
f 636/636/636 665/665/665 666/666/666
f 636/636/636 666/666/666 637/637/637
f 637/637/637 666/666/666 667/667/667
f 637/637/637 667/667/667 638/638/638
f 639/639/639 668/668/668 669/669/669
f 639/639/639 669/669/669 640/640/640
f 640/640/640 669/669/669 670/670/670
f 640/640/640 670/670/670 641/641/641
f 641/641/641 670/670/670 671/671/671
f 641/641/641 671/671/671 642/642/642
f 642/642/642 671/671/671 672/672/672
f 642/642/642 672/672/672 643/643/643
f 643/643/643 672/672/672 673/673/673
f 643/643/643 673/673/673 644/644/644
f 644/644/644 673/673/673 674/674/674
f 644/644/644 674/674/674 645/645/645
f 645/645/645 674/674/674 675/675/675
f 645/645/645 675/675/675 646/646/646
f 646/646/646 675/675/675 676/676/676
f 646/646/646 676/676/676 647/647/647
f 647/647/647 676/676/676 677/677/677
f 647/647/647 677/677/677 648/648/648
f 648/648/648 677/677/677 678/678/678
f 648/648/648 678/678/678 649/649/649
f 649/649/649 678/678/678 679/679/679
f 649/649/649 679/679/679 650/650/650
f 650/650/650 679/679/679 680/680/680
f 650/650/650 680/680/680 651/651/651
f 651/651/651 680/680/680 681/681/681
f 651/651/651 681/681/681 652/652/652
f 652/652/652 681/681/681 682/682/682
f 652/652/652 682/682/682 653/653/653
f 653/653/653 682/682/682 683/683/683
f 653/653/653 683/683/683 654/654/654
f 654/654/654 683/683/683 684/684/684
f 654/654/654 684/684/684 655/655/655
f 655/655/655 684/684/684 685/685/685
f 655/655/655 685/685/685 656/656/656
f 656/656/656 685/685/685 686/686/686
f 656/656/656 686/686/686 657/657/657
f 657/657/657 686/686/686 687/687/687
f 657/657/657 687/687/687 658/658/658
f 658/658/658 687/687/687 688/688/688
f 658/658/658 688/688/688 659/659/659
f 659/659/659 688/688/688 689/689/689
f 659/659/659 689/689/689 660/660/660
f 660/660/660 689/689/689 690/690/690
f 660/660/660 690/690/690 661/661/661
f 661/661/661 690/690/690 691/691/691
f 661/661/661 691/691/691 662/662/662
f 662/662/662 691/691/691 692/692/692
f 662/662/662 692/692/692 663/663/663
f 663/663/663 692/692/692 693/693/693
f 663/663/663 693/693/693 664/664/664
f 664/664/664 693/693/693 694/694/694
f 664/664/664 694/694/694 665/665/665
f 665/665/665 694/694/694 695/695/695
f 665/665/665 695/695/695 666/666/666
f 666/666/666 695/695/695 696/696/696
f 666/666/666 696/696/696 667/667/667
f 668/668/668 697/697/697 698/698/698
f 668/668/668 698/698/698 669/669/669
f 669/669/669 698/698/698 699/699/699
f 669/669/669 699/699/699 670/670/670
f 670/670/670 699/699/699 700/700/700
f 670/670/670 700/700/700 671/671/671
f 671/671/671 700/700/700 701/701/701
f 671/671/671 701/701/701 672/672/672
f 672/672/672 701/701/701 702/702/702
f 672/672/672 702/702/702 673/673/673
f 673/673/673 702/702/702 703/703/703
f 673/673/673 703/703/703 674/674/674
f 674/674/674 703/703/703 704/704/704
f 674/674/674 704/704/704 675/675/675
f 675/675/675 704/704/704 705/705/705
f 675/675/675 705/705/705 676/676/676
f 676/676/676 705/705/705 706/706/706
f 676/676/676 706/706/706 677/677/677
f 677/677/677 706/706/706 707/707/707
f 677/677/677 707/707/707 678/678/678
f 678/678/678 707/707/707 708/708/708
f 678/678/678 708/708/708 679/679/679
f 679/679/679 708/708/708 709/709/709
f 679/679/679 709/709/709 680/680/680
f 680/680/680 709/709/709 710/710/710
f 680/680/680 710/710/710 681/681/681
f 681/681/681 710/710/710 711/711/711
f 681/681/681 711/711/711 682/682/682
f 682/682/682 711/711/711 712/712/712
f 682/682/682 712/712/712 683/683/683
f 683/683/683 712/712/712 713/713/713
f 683/683/683 713/713/713 684/684/684
f 684/684/684 713/713/713 714/714/714
f 684/684/684 714/714/714 685/685/685
f 685/685/685 714/714/714 715/715/715
f 685/685/685 715/715/715 686/686/686
f 686/686/686 715/715/715 716/716/716
f 686/686/686 716/716/716 687/687/687
f 687/687/687 716/716/716 717/717/717
f 687/687/687 717/717/717 688/688/688
f 688/688/688 717/717/717 718/718/718
f 688/688/688 718/718/718 689/689/689
f 689/689/689 718/718/718 719/719/719
f 689/689/689 719/719/719 690/690/690
f 690/690/690 719/719/719 720/720/720
f 690/690/690 720/720/720 691/691/691
f 691/691/691 720/720/720 721/721/721
f 691/691/691 721/721/721 692/692/692
f 692/692/692 721/721/721 722/722/722
f 692/692/692 722/722/722 693/693/693
f 693/693/693 722/722/722 723/723/723
f 693/693/693 723/723/723 694/694/694
f 694/694/694 723/723/723 724/724/724
f 694/694/694 724/724/724 695/695/695
f 695/695/695 724/724/724 725/725/725
f 695/695/695 725/725/725 696/696/696
f 697/697/697 726/726/726 727/727/727
f 697/697/697 727/727/727 698/698/698
f 698/698/698 727/727/727 728/728/728
f 698/698/698 728/728/728 699/699/699
f 699/699/699 728/728/728 729/729/729
f 699/699/699 729/729/729 700/700/700
f 700/700/700 729/729/729 730/730/730
f 700/700/700 730/730/730 701/701/701
f 701/701/701 730/730/730 731/731/731
f 701/701/701 731/731/731 702/702/702
f 702/702/702 731/731/731 732/732/732
f 702/702/702 732/732/732 703/703/703
f 703/703/703 732/732/732 733/733/733
f 703/703/703 733/733/733 704/704/704
f 704/704/704 733/733/733 734/734/734
f 704/704/704 734/734/734 705/705/705
f 705/705/705 734/734/734 735/735/735
f 705/705/705 735/735/735 706/706/706
f 706/706/706 735/735/735 736/736/736
f 706/706/706 736/736/736 707/707/707
f 707/707/707 736/736/736 737/737/737
f 707/707/707 737/737/737 708/708/708
f 708/708/708 737/737/737 738/738/738
f 708/708/708 738/738/738 709/709/709
f 709/709/709 738/738/738 739/739/739
f 709/709/709 739/739/739 710/710/710
f 710/710/710 739/739/739 740/740/740
f 710/710/710 740/740/740 711/711/711
f 711/711/711 740/740/740 741/741/741
f 711/711/711 741/741/741 712/712/712
f 712/712/712 741/741/741 742/742/742
f 712/712/712 742/742/742 713/713/713
f 713/713/713 742/742/742 743/743/743
f 713/713/713 743/743/743 714/714/714
f 714/714/714 743/743/743 744/744/744
f 714/714/714 744/744/744 715/715/715
f 715/715/715 744/744/744 745/745/745
f 715/715/715 745/745/745 716/716/716
f 716/716/716 745/745/745 746/746/746
f 716/716/716 746/746/746 717/717/717
f 717/717/717 746/746/746 747/747/747
f 717/717/717 747/747/747 718/718/718
f 718/718/718 747/747/747 748/748/748
f 718/718/718 748/748/748 719/719/719
f 719/719/719 748/748/748 749/749/749
f 719/719/719 749/749/749 720/720/720
f 720/720/720 749/749/749 750/750/750
f 720/720/720 750/750/750 721/721/721
f 721/721/721 750/750/750 751/751/751
f 721/721/721 751/751/751 722/722/722
f 722/722/722 751/751/751 752/752/752
f 722/722/722 752/752/752 723/723/723
f 723/723/723 752/752/752 753/753/753
f 723/723/723 753/753/753 724/724/724
f 724/724/724 753/753/753 754/754/754
f 724/724/724 754/754/754 725/725/725
