# generated by tools/make_gecko_mesh.py -- do not hand-edit
v 0.010985 0.013835 0.000000
v 0.010985 0.013539 0.003216
v 0.010985 0.012660 0.005677
v 0.010985 0.011221 0.007730
v 0.010985 0.009255 0.009371
v 0.010985 0.006798 0.010574
v 0.010985 0.003851 0.011308
v 0.010985 0.000000 0.011555
v 0.010985 -0.003851 0.011308
v 0.010985 -0.006798 0.010574
v 0.010985 -0.009255 0.009371
v 0.010985 -0.011221 0.007730
v 0.010985 -0.012660 0.005677
v 0.010985 -0.013539 0.003216
v 0.010985 -0.013835 0.000000
v 0.010985 -0.013488 -0.002571
v 0.010985 -0.012465 -0.005014
v 0.010985 -0.010817 -0.007204
v 0.010985 -0.008626 -0.009034
v 0.010985 -0.006003 -0.010411
v 0.010985 -0.003079 -0.011265
v 0.010985 -0.000000 -0.011555
v 0.010985 0.003079 -0.011265
v 0.010985 0.006003 -0.010411
v 0.010985 0.008626 -0.009034
v 0.010985 0.010817 -0.007204
v 0.010985 0.012465 -0.005014
v 0.010985 0.013488 -0.002571
v 0.010985 0.013835 -0.000000
v 0.010051 0.013879 0.000000
v 0.010051 0.013582 0.003230
v 0.010051 0.012700 0.005702
v 0.010051 0.011256 0.007763
v 0.010051 0.009284 0.009411
v 0.010051 0.006819 0.010619
v 0.010051 0.003863 0.011356
v 0.010051 0.000000 0.011604
v 0.010051 -0.003863 0.011356
v 0.010051 -0.006819 0.010619
v 0.010051 -0.009284 0.009411
v 0.010051 -0.011256 0.007763
v 0.010051 -0.012700 0.005702
v 0.010051 -0.013582 0.003230
v 0.010051 -0.013879 0.000000
v 0.010051 -0.013531 -0.002582
v 0.010051 -0.012504 -0.005035
v 0.010051 -0.010851 -0.007235
v 0.010051 -0.008653 -0.009073
v 0.010051 -0.006022 -0.010455
v 0.010051 -0.003088 -0.011313
v 0.010051 -0.000000 -0.011604
v 0.010051 0.003088 -0.011313
v 0.010051 0.006022 -0.010455
v 0.010051 0.008653 -0.009073
v 0.010051 0.010851 -0.007235
v 0.010051 0.012504 -0.005035
v 0.010051 0.013531 -0.002582
v 0.010051 0.013879 0.000000
v 0.009117 0.013929 0.000000
v 0.009117 0.013631 0.003245
v 0.009117 0.012746 0.005729
v 0.009117 0.011296 0.007800
v 0.009117 0.009317 0.009457
v 0.009117 0.006844 0.010670
v 0.009117 0.003877 0.011411
v 0.009117 0.000000 0.011660
v 0.009117 -0.003877 0.011411
v 0.009117 -0.006844 0.010670
v 0.009117 -0.009317 0.009457
v 0.009117 -0.011296 0.007800
v 0.009117 -0.012746 0.005729
v 0.009117 -0.013631 0.003245
v 0.009117 -0.013929 0.000000
v 0.009117 -0.013579 -0.002595
v 0.009117 -0.012549 -0.005059
v 0.009117 -0.010890 -0.007270
v 0.009117 -0.008684 -0.009116
v 0.009117 -0.006043 -0.010505
v 0.009117 -0.003099 -0.011368
v 0.009117 -0.000000 -0.011660
v 0.009117 0.003099 -0.011368
v 0.009117 0.006043 -0.010505
v 0.009117 0.008684 -0.009116
v 0.009117 0.010890 -0.007270
v 0.009117 0.012549 -0.005059
v 0.009117 0.013579 -0.002595
v 0.009117 0.013929 0.000000
v 0.008183 0.013981 0.000000
v 0.008183 0.013683 0.003262
v 0.008183 0.012794 0.005758
v 0.008183 0.011339 0.007840
v 0.008183 0.009353 0.009505
v 0.008183 0.006870 0.010724
v 0.008183 0.003892 0.011469
v 0.008183 0.000000 0.011719
v 0.008183 -0.003892 0.011469
v 0.008183 -0.006870 0.010724
v 0.008183 -0.009353 0.009505
v 0.008183 -0.011339 0.007840
v 0.008183 -0.012794 0.005758
v 0.008183 -0.013683 0.003262
v 0.008183 -0.013981 0.000000
v 0.008183 -0.013631 -0.002608
v 0.008183 -0.012597 -0.005085
v 0.008183 -0.010931 -0.007307
v 0.008183 -0.008717 -0.009163
v 0.008183 -0.006066 -0.010559
v 0.008183 -0.003111 -0.011426
v 0.008183 -0.000000 -0.011719
v 0.008183 0.003111 -0.011426
v 0.008183 0.006066 -0.010559
v 0.008183 0.008717 -0.009163
v 0.008183 0.010931 -0.007307
v 0.008183 0.012597 -0.005085
v 0.008183 0.013631 -0.002608
v 0.008183 0.013981 0.000000
v 0.007249 0.014034 0.000000
v 0.007249 0.013734 0.003278
v 0.007249 0.012842 0.005787
v 0.007249 0.011382 0.007879
v 0.007249 0.009388 0.009553
v 0.007249 0.006896 0.010778
v 0.007249 0.003906 0.011527
v 0.007249 0.000000 0.011779
v 0.007249 -0.003906 0.011527
v 0.007249 -0.006896 0.010778
v 0.007249 -0.009388 0.009553
v 0.007249 -0.011382 0.007879
v 0.007249 -0.012842 0.005787
v 0.007249 -0.013734 0.003278
v 0.007249 -0.014034 0.000000
v 0.007249 -0.013682 -0.002621
v 0.007249 -0.012644 -0.005111
v 0.007249 -0.010972 -0.007344
v 0.007249 -0.008750 -0.009209
v 0.007249 -0.006089 -0.010612
v 0.007249 -0.003123 -0.011483
v 0.007249 -0.000000 -0.011779
v 0.007249 0.003123 -0.011483
v 0.007249 0.006089 -0.010612
v 0.007249 0.008750 -0.009209
v 0.007249 0.010972 -0.007344
v 0.007249 0.012644 -0.005111
v 0.007249 0.013682 -0.002621
v 0.007249 0.014034 0.000000
v 0.006315 0.014084 0.000000
v 0.006315 0.013783 0.003294
v 0.006315 0.012888 0.005815
v 0.006315 0.011422 0.007917
v 0.006315 0.009421 0.009598
v 0.006315 0.006920 0.010830
v 0.006315 0.003920 0.011582
v 0.006315 0.000000 0.011835
v 0.006315 -0.003920 0.011582
v 0.006315 -0.006920 0.010830
v 0.006315 -0.009421 0.009598
v 0.006315 -0.011422 0.007917
v 0.006315 -0.012888 0.005815
v 0.006315 -0.013783 0.003294
v 0.006315 -0.014084 0.000000
v 0.006315 -0.013731 -0.002633
v 0.006315 -0.012689 -0.005135
v 0.006315 -0.011011 -0.007379
v 0.006315 -0.008781 -0.009253
v 0.006315 -0.006111 -0.010663
v 0.006315 -0.003134 -0.011538
v 0.006315 -0.000000 -0.011835
v 0.006315 0.003134 -0.011538
v 0.006315 0.006111 -0.010663
v 0.006315 0.008781 -0.009253
v 0.006315 0.011011 -0.007379
v 0.006315 0.012689 -0.005135
v 0.006315 0.013731 -0.002633
v 0.006315 0.014084 0.000000
v 0.005381 0.014128 0.000000
v 0.005381 0.013826 0.003308
v 0.005381 0.012928 0.005839
v 0.005381 0.011458 0.007950
v 0.005381 0.009451 0.009638
v 0.005381 0.006942 0.010875
v 0.005381 0.003932 0.011630
v 0.005381 0.000000 0.011884
v 0.005381 -0.003932 0.011630
v 0.005381 -0.006942 0.010875
v 0.005381 -0.009451 0.009638
v 0.005381 -0.011458 0.007950
v 0.005381 -0.012928 0.005839
v 0.005381 -0.013826 0.003308
v 0.005381 -0.014128 0.000000
v 0.005381 -0.013774 -0.002644
v 0.005381 -0.012729 -0.005156
v 0.005381 -0.011046 -0.007409
v 0.005381 -0.008809 -0.009291
v 0.005381 -0.006130 -0.010707
v 0.005381 -0.003144 -0.011586
v 0.005381 -0.000000 -0.011884
v 0.005381 0.003144 -0.011586
v 0.005381 0.006130 -0.010707
v 0.005381 0.008809 -0.009291
v 0.005381 0.011046 -0.007409
v 0.005381 0.012729 -0.005156
v 0.005381 0.013774 -0.002644
v 0.005381 0.014128 0.000000
v 0.004447 0.014163 0.000000
v 0.004447 0.013860 0.003319
v 0.004447 0.012960 0.005858
v 0.004447 0.011486 0.007976
v 0.004447 0.009474 0.009670
v 0.004447 0.006959 0.010911
v 0.004447 0.003942 0.011668
v 0.004447 0.000000 0.011923
v 0.004447 -0.003942 0.011668
v 0.004447 -0.006959 0.010911
v 0.004447 -0.009474 0.009670
v 0.004447 -0.011486 0.007976
v 0.004447 -0.012960 0.005858
v 0.004447 -0.013860 0.003319
v 0.004447 -0.014163 0.000000
v 0.004447 -0.013808 -0.002653
v 0.004447 -0.012760 -0.005173
v 0.004447 -0.011073 -0.007434
v 0.004447 -0.008830 -0.009322
v 0.004447 -0.006145 -0.010742
v 0.004447 -0.003152 -0.011624
v 0.004447 -0.000000 -0.011923
v 0.004447 0.003152 -0.011624
v 0.004447 0.006145 -0.010742
v 0.004447 0.008830 -0.009322
v 0.004447 0.011073 -0.007434
v 0.004447 0.012760 -0.005173
v 0.004447 0.013808 -0.002653
v 0.004447 0.014163 0.000000
v 0.003513 0.014186 0.000000
v 0.003513 0.013883 0.003326
v 0.003513 0.012981 0.005871
v 0.003513 0.011505 0.007993
v 0.003513 0.009490 0.009691
v 0.003513 0.006970 0.010934
v 0.003513 0.003948 0.011694
v 0.003513 0.000000 0.011949
v 0.003513 -0.003948 0.011694
v 0.003513 -0.006970 0.010934
v 0.003513 -0.009490 0.009691
v 0.003513 -0.011505 0.007993
v 0.003513 -0.012981 0.005871
v 0.003513 -0.013883 0.003326
v 0.003513 -0.014186 0.000000
v 0.003513 -0.013830 -0.002659
v 0.003513 -0.012781 -0.005185
v 0.003513 -0.011091 -0.007450
v 0.003513 -0.008845 -0.009342
v 0.003513 -0.006155 -0.010766
v 0.003513 -0.003157 -0.011650
v 0.003513 -0.000000 -0.011949
v 0.003513 0.003157 -0.011650
v 0.003513 0.006155 -0.010766
v 0.003513 0.008845 -0.009342
v 0.003513 0.011091 -0.007450
v 0.003513 0.012781 -0.005185
v 0.003513 0.013830 -0.002659
v 0.003513 0.014186 0.000000
v 0.002578 0.014194 0.000000
v 0.002578 0.013891 0.003329
v 0.002578 0.012989 0.005876
v 0.002578 0.011512 0.008000
v 0.002578 0.009495 0.009699
v 0.002578 0.006974 0.010943
v 0.002578 0.003951 0.011703
v 0.002578 0.000000 0.011959
v 0.002578 -0.003951 0.011703
v 0.002578 -0.006974 0.010943
v 0.002578 -0.009495 0.009699
v 0.002578 -0.011512 0.008000
v 0.002578 -0.012989 0.005876
v 0.002578 -0.013891 0.003329
v 0.002578 -0.014194 0.000000
v 0.002578 -0.013838 -0.002661
v 0.002578 -0.012789 -0.005189
v 0.002578 -0.011098 -0.007456
v 0.002578 -0.008850 -0.009350
v 0.002578 -0.006159 -0.010774
v 0.002578 -0.003159 -0.011659
v 0.002578 -0.000000 -0.011959
v 0.002578 0.003159 -0.011659
v 0.002578 0.006159 -0.010774
v 0.002578 0.008850 -0.009350
v 0.002578 0.011098 -0.007456
v 0.002578 0.012789 -0.005189
v 0.002578 0.013838 -0.002661
v 0.002578 0.014194 0.000000
v 0.001644 0.014187 0.000000
v 0.001644 0.013884 0.003326
v 0.001644 0.012982 0.005871
v 0.001644 0.011506 0.007993
v 0.001644 0.009490 0.009691
v 0.001644 0.006971 0.010935
v 0.001644 0.003949 0.011694
v 0.001644 0.000000 0.011949
v 0.001644 -0.003949 0.011694
v 0.001644 -0.006971 0.010935
v 0.001644 -0.009490 0.009691
v 0.001644 -0.011506 0.007993
v 0.001644 -0.012982 0.005871
v 0.001644 -0.013884 0.003326
v 0.001644 -0.014187 0.000000
v 0.001644 -0.013831 -0.002659
v 0.001644 -0.012782 -0.005185
v 0.001644 -0.011092 -0.007450
v 0.001644 -0.008846 -0.009342
v 0.001644 -0.006156 -0.010766
v 0.001644 -0.003157 -0.011650
v 0.001644 -0.000000 -0.011949
v 0.001644 0.003157 -0.011650
v 0.001644 0.006156 -0.010766
v 0.001644 0.008846 -0.009342
v 0.001644 0.011092 -0.007450
v 0.001644 0.012782 -0.005185
v 0.001644 0.013831 -0.002659
v 0.001644 0.014187 0.000000
v 0.000710 0.014167 0.000000
v 0.000710 0.013864 0.003319
v 0.000710 0.012964 0.005859
v 0.000710 0.011490 0.007976
v 0.000710 0.009477 0.009670
v 0.000710 0.006961 0.010911
v 0.000710 0.003943 0.011669
v 0.000710 0.000000 0.011924
v 0.000710 -0.003943 0.011669
v 0.000710 -0.006961 0.010911
v 0.000710 -0.009477 0.009670
v 0.000710 -0.011490 0.007976
v 0.000710 -0.012964 0.005859
v 0.000710 -0.013864 0.003319
v 0.000710 -0.014167 0.000000
v 0.000710 -0.013812 -0.002653
v 0.000710 -0.012764 -0.005174
v 0.000710 -0.011076 -0.007434
v 0.000710 -0.008833 -0.009322
v 0.000710 -0.006147 -0.010743
v 0.000710 -0.003152 -0.011625
v 0.000710 -0.000000 -0.011924
v 0.000710 0.003152 -0.011625
v 0.000710 0.006147 -0.010743
v 0.000710 0.008833 -0.009322
v 0.000710 0.011076 -0.007434
v 0.000710 0.012764 -0.005174
v 0.000710 0.013812 -0.002653
v 0.000710 0.014167 0.000000
v -0.000224 0.014135 0.000000
v -0.000224 0.013833 0.003308
v -0.000224 0.012935 0.005839
v -0.000224 0.011464 0.007950
v -0.000224 0.009456 0.009638
v -0.000224 0.006945 0.010875
v -0.000224 0.003934 0.011630
v -0.000224 0.000000 0.011884
v -0.000224 -0.003934 0.011630
v -0.000224 -0.006945 0.010875
v -0.000224 -0.009456 0.009638
v -0.000224 -0.011464 0.007950
v -0.000224 -0.012935 0.005839
v -0.000224 -0.013833 0.003308
v -0.000224 -0.014135 0.000000
v -0.000224 -0.013781 -0.002644
v -0.000224 -0.012735 -0.005156
v -0.000224 -0.011051 -0.007410
v -0.000224 -0.008813 -0.009291
v -0.000224 -0.006133 -0.010707
v -0.000224 -0.003145 -0.011586
v -0.000224 -0.000000 -0.011884
v -0.000224 0.003145 -0.011586
v -0.000224 0.006133 -0.010707
v -0.000224 0.008813 -0.009291
v -0.000224 0.011051 -0.007410
v -0.000224 0.012735 -0.005156
v -0.000224 0.013781 -0.002644
v -0.000224 0.014135 0.000000
v -0.001158 0.014095 0.000000
v -0.001158 0.013793 0.003293
v -0.001158 0.012898 0.005814
v -0.001158 0.011431 0.007915
v -0.001158 0.009429 0.009597
v -0.001158 0.006925 0.010828
v -0.001158 0.003923 0.011580
v -0.001158 0.000000 0.011833
v -0.001158 -0.003923 0.011580
v -0.001158 -0.006925 0.010828
v -0.001158 -0.009429 0.009597
v -0.001158 -0.011431 0.007915
v -0.001158 -0.012898 0.005814
v -0.001158 -0.013793 0.003293
v -0.001158 -0.014095 0.000000
v -0.001158 -0.013741 -0.002633
v -0.001158 -0.012699 -0.005134
v -0.001158 -0.011020 -0.007378
v -0.001158 -0.008788 -0.009251
v -0.001158 -0.006115 -0.010661
v -0.001158 -0.003136 -0.011536
v -0.001158 -0.000000 -0.011833
v -0.001158 0.003136 -0.011536
v -0.001158 0.006115 -0.010661
v -0.001158 0.008788 -0.009251
v -0.001158 0.011020 -0.007378
v -0.001158 0.012699 -0.005134
v -0.001158 0.013741 -0.002633
v -0.001158 0.014095 0.000000
v -0.002092 0.014047 0.000000
v -0.002092 0.013747 0.003277
v -0.002092 0.012854 0.005784
v -0.002092 0.011393 0.007875
v -0.002092 0.009397 0.009548
v -0.002092 0.006902 0.010773
v -0.002092 0.003910 0.011521
v -0.002092 0.000000 0.011773
v -0.002092 -0.003910 0.011521
v -0.002092 -0.006902 0.010773
v -0.002092 -0.009397 0.009548
v -0.002092 -0.011393 0.007875
v -0.002092 -0.012854 0.005784
v -0.002092 -0.013747 0.003277
v -0.002092 -0.014047 0.000000
v -0.002092 -0.013695 -0.002620
v -0.002092 -0.012656 -0.005108
v -0.002092 -0.010983 -0.007340
v -0.002092 -0.008758 -0.009204
v -0.002092 -0.006095 -0.010607
v -0.002092 -0.003126 -0.011477
v -0.002092 -0.000000 -0.011773
v -0.002092 0.003126 -0.011477
v -0.002092 0.006095 -0.010607
v -0.002092 0.008758 -0.009204
v -0.002092 0.010983 -0.007340
v -0.002092 0.012656 -0.005108
v -0.002092 0.013695 -0.002620
v -0.002092 0.014047 0.000000
v -0.003026 0.013994 0.000000
v -0.003026 0.013695 0.003258
v -0.003026 0.012806 0.005752
v -0.003026 0.011350 0.007831
v -0.003026 0.009361 0.009494
v -0.003026 0.006876 0.010712
v -0.003026 0.003895 0.011456
v -0.003026 0.000000 0.011706
v -0.003026 -0.003895 0.011456
v -0.003026 -0.006876 0.010712
v -0.003026 -0.009361 0.009494
v -0.003026 -0.011350 0.007831
v -0.003026 -0.012806 0.005752
v -0.003026 -0.013695 0.003258
v -0.003026 -0.013994 0.000000
v -0.003026 -0.013644 -0.002605
v -0.003026 -0.012609 -0.005079
v -0.003026 -0.010941 -0.007299
v -0.003026 -0.008725 -0.009152
v -0.003026 -0.006072 -0.010547
v -0.003026 -0.003114 -0.011413
v -0.003026 -0.000000 -0.011706
v -0.003026 0.003114 -0.011413
v -0.003026 0.006072 -0.010547
v -0.003026 0.008725 -0.009152
v -0.003026 0.010941 -0.007299
v -0.003026 0.012609 -0.005079
v -0.003026 0.013644 -0.002605
v -0.003026 0.013994 0.000000
v -0.003960 0.013939 0.000000
v -0.003960 0.013641 0.003239
v -0.003960 0.012755 0.005717
v -0.003960 0.011305 0.007784
v -0.003960 0.009324 0.009437
v -0.003960 0.006849 0.010647
v -0.003960 0.003880 0.011387
v -0.003960 0.000000 0.011636
v -0.003960 -0.003880 0.011387
v -0.003960 -0.006849 0.010647
v -0.003960 -0.009324 0.009437
v -0.003960 -0.011305 0.007784
v -0.003960 -0.012755 0.005717
v -0.003960 -0.013641 0.003239
v -0.003960 -0.013939 0.000000
v -0.003960 -0.013589 -0.002589
v -0.003960 -0.012558 -0.005049
v -0.003960 -0.010898 -0.007255
v -0.003960 -0.008691 -0.009097
v -0.003960 -0.006048 -0.010483
v -0.003960 -0.003102 -0.011344
v -0.003960 -0.000000 -0.011636
v -0.003960 0.003102 -0.011344
v -0.003960 0.006048 -0.010483
v -0.003960 0.008691 -0.009097
v -0.003960 0.010898 -0.007255
v -0.003960 0.012558 -0.005049
v -0.003960 0.013589 -0.002589
v -0.003960 0.013939 0.000000
v -0.004894 0.013882 0.000000
v -0.004894 0.013585 0.003219
v -0.004894 0.012703 0.005682
v -0.004894 0.011259 0.007736
v -0.004894 0.009286 0.009379
v -0.004894 0.006821 0.010582
v -0.004894 0.003864 0.011317
v -0.004894 0.000000 0.011564
v -0.004894 -0.003864 0.011317
v -0.004894 -0.006821 0.010582
v -0.004894 -0.009286 0.009379
v -0.004894 -0.011259 0.007736
v -0.004894 -0.012703 0.005682
v -0.004894 -0.013585 0.003219
v -0.004894 -0.013882 0.000000
v -0.004894 -0.013534 -0.002573
v -0.004894 -0.012507 -0.005017
v -0.004894 -0.010853 -0.007210
v -0.004894 -0.008655 -0.009041
v -0.004894 -0.006023 -0.010419
v -0.004894 -0.003089 -0.011274
v -0.004894 -0.000000 -0.011564
v -0.004894 0.003089 -0.011274
v -0.004894 0.006023 -0.010419
v -0.004894 0.008655 -0.009041
v -0.004894 0.010853 -0.007210
v -0.004894 0.012507 -0.005017
v -0.004894 0.013534 -0.002573
v -0.004894 0.013882 0.000000
v -0.005829 0.013826 0.000000
v -0.005829 0.013531 0.003199
v -0.005829 0.012652 0.005647
v -0.005829 0.011214 0.007689
v -0.005829 0.009249 0.009322
v -0.005829 0.006793 0.010518
v -0.005829 0.003848 0.011248
v -0.005829 0.000000 0.011494
v -0.005829 -0.003848 0.011248
v -0.005829 -0.006793 0.010518
v -0.005829 -0.009249 0.009322
v -0.005829 -0.011214 0.007689
v -0.005829 -0.012652 0.005647
v -0.005829 -0.013531 0.003199
v -0.005829 -0.013826 0.000000
v -0.005829 -0.013480 -0.002558
v -0.005829 -0.012457 -0.004987
v -0.005829 -0.010810 -0.007166
v -0.005829 -0.008621 -0.008986
v -0.005829 -0.005999 -0.010355
v -0.005829 -0.003077 -0.011205
v -0.005829 -0.000000 -0.011494
v -0.005829 0.003077 -0.011205
v -0.005829 0.005999 -0.010355
v -0.005829 0.008621 -0.008986
v -0.005829 0.010810 -0.007166
v -0.005829 0.012457 -0.004987
v -0.005829 0.013480 -0.002558
v -0.005829 0.013826 0.000000
v -0.006763 0.013774 0.000000
v -0.006763 0.013479 0.003181
v -0.006763 0.012604 0.005615
v -0.006763 0.011171 0.007644
v -0.006763 0.009214 0.009268
v -0.006763 0.006768 0.010457
v -0.006763 0.003834 0.011183
v -0.006763 0.000000 0.011427
v -0.006763 -0.003834 0.011183
v -0.006763 -0.006768 0.010457
v -0.006763 -0.009214 0.009268
v -0.006763 -0.011171 0.007644
v -0.006763 -0.012604 0.005615
v -0.006763 -0.013479 0.003181
v -0.006763 -0.013774 0.000000
v -0.006763 -0.013428 -0.002543
v -0.006763 -0.012410 -0.004958
v -0.006763 -0.010769 -0.007125
v -0.006763 -0.008588 -0.008934
v -0.006763 -0.005976 -0.010295
v -0.006763 -0.003065 -0.011141
v -0.006763 -0.000000 -0.011427
v -0.006763 0.003065 -0.011141
v -0.006763 0.005976 -0.010295
v -0.006763 0.008588 -0.008934
v -0.006763 0.010769 -0.007125
v -0.006763 0.012410 -0.004958
v -0.006763 0.013428 -0.002543
v -0.006763 0.013774 -0.000000
v -0.007697 0.013726 0.000000
v -0.007697 0.013433 0.003164
v -0.007697 0.012560 0.005585
v -0.007697 0.011132 0.007604
v -0.007697 0.009182 0.009219
v -0.007697 0.006744 0.010402
v -0.007697 0.003821 0.011124
v -0.007697 0.000000 0.011367
v -0.007697 -0.003821 0.011124
v -0.007697 -0.006744 0.010402
v -0.007697 -0.009182 0.009219
v -0.007697 -0.011132 0.007604
v -0.007697 -0.012560 0.005585
v -0.007697 -0.013433 0.003164
v -0.007697 -0.013726 0.000000
v -0.007697 -0.013382 -0.002529
v -0.007697 -0.012367 -0.004932
v -0.007697 -0.010732 -0.007087
v -0.007697 -0.008558 -0.008887
v -0.007697 -0.005956 -0.010241
v -0.007697 -0.003054 -0.011082
v -0.007697 -0.000000 -0.011367
v -0.007697 0.003054 -0.011082
v -0.007697 0.005956 -0.010241
v -0.007697 0.008558 -0.008887
v -0.007697 0.010732 -0.007087
v -0.007697 0.012367 -0.004932
v -0.007697 0.013382 -0.002529
v -0.007697 0.013726 0.000000
v -0.008631 0.013686 0.000000
v -0.008631 0.013393 0.003150
v -0.008631 0.012523 0.005560
v -0.008631 0.011099 0.007570
v -0.008631 0.009155 0.009177
v -0.008631 0.006724 0.010355
v -0.008631 0.003809 0.011074
v -0.008631 0.000000 0.011316
v -0.008631 -0.003809 0.011074
v -0.008631 -0.006724 0.010355
v -0.008631 -0.009155 0.009177
v -0.008631 -0.011099 0.007570
v -0.008631 -0.012523 0.005560
v -0.008631 -0.013393 0.003150
v -0.008631 -0.013686 0.000000
v -0.008631 -0.013343 -0.002518
v -0.008631 -0.012330 -0.004910
v -0.008631 -0.010700 -0.007055
v -0.008631 -0.008533 -0.008847
v -0.008631 -0.005938 -0.010195
v -0.008631 -0.003045 -0.011032
v -0.008631 -0.000000 -0.011316
v -0.008631 0.003045 -0.011032
v -0.008631 0.005938 -0.010195
v -0.008631 0.008533 -0.008847
v -0.008631 0.010700 -0.007055
v -0.008631 0.012330 -0.004910
v -0.008631 0.013343 -0.002518
v -0.008631 0.013686 0.000000
v -0.009565 0.013654 0.000000
v -0.009565 0.013362 0.003139
v -0.009565 0.012495 0.005540
v -0.009565 0.011074 0.007543
v -0.009565 0.009134 0.009145
v -0.009565 0.006709 0.010318
v -0.009565 0.003800 0.011035
v -0.009565 0.000000 0.011276
v -0.009565 -0.003800 0.011035
v -0.009565 -0.006709 0.010318
v -0.009565 -0.009134 0.009145
v -0.009565 -0.011074 0.007543
v -0.009565 -0.012495 0.005540
v -0.009565 -0.013362 0.003139
v -0.009565 -0.013654 0.000000
v -0.009565 -0.013312 -0.002509
v -0.009565 -0.012302 -0.004892
v -0.009565 -0.010675 -0.007030
v -0.009565 -0.008513 -0.008816
v -0.009565 -0.005924 -0.010159
v -0.009565 -0.003038 -0.010993
v -0.009565 -0.000000 -0.011276
v -0.009565 0.003038 -0.010993
v -0.009565 0.005924 -0.010159
v -0.009565 0.008513 -0.008816
v -0.009565 0.010675 -0.007030
v -0.009565 0.012302 -0.004892
v -0.009565 0.013312 -0.002509
v -0.009565 0.013654 -0.000000
v -0.010499 0.013634 0.000000
v -0.010499 0.013342 0.003131
v -0.010499 0.012476 0.005528
v -0.010499 0.011057 0.007526
v -0.010499 0.009120 0.009124
v -0.010499 0.006699 0.010295
v -0.010499 0.003795 0.011010
v -0.010499 0.000000 0.011250
v -0.010499 -0.003795 0.011010
v -0.010499 -0.006699 0.010295
v -0.010499 -0.009120 0.009124
v -0.010499 -0.011057 0.007526
v -0.010499 -0.012476 0.005528
v -0.010499 -0.013342 0.003131
v -0.010499 -0.013634 0.000000
v -0.010499 -0.013292 -0.002503
v -0.010499 -0.012284 -0.004881
v -0.010499 -0.010659 -0.007014
v -0.010499 -0.008501 -0.008796
v -0.010499 -0.005915 -0.010136
v -0.010499 -0.003034 -0.010968
v -0.010499 -0.000000 -0.011250
v -0.010499 0.003034 -0.010968
v -0.010499 0.005915 -0.010136
v -0.010499 0.008501 -0.008796
v -0.010499 0.010659 -0.007014
v -0.010499 0.012284 -0.004881
v -0.010499 0.013292 -0.002503
v -0.010499 0.013634 0.000000
v -0.011433 0.013627 0.000000
v -0.011433 0.013335 0.003129
v -0.011433 0.012469 0.005523
v -0.011433 0.011051 0.007520
v -0.011433 0.009115 0.009117
v -0.011433 0.006695 0.010286
v -0.011433 0.003793 0.011001
v -0.011433 0.000000 0.011241
v -0.011433 -0.003793 0.011001
v -0.011433 -0.006695 0.010286
v -0.011433 -0.009115 0.009117
v -0.011433 -0.011051 0.007520
v -0.011433 -0.012469 0.005523
v -0.011433 -0.013335 0.003129
v -0.011433 -0.013627 0.000000
v -0.011433 -0.013285 -0.002501
v -0.011433 -0.012277 -0.004877
v -0.011433 -0.010654 -0.007009
v -0.011433 -0.008496 -0.008789
v -0.011433 -0.005912 -0.010128
v -0.011433 -0.003032 -0.010959
v -0.011433 -0.000000 -0.011241
v -0.011433 0.003032 -0.010959
v -0.011433 0.005912 -0.010128
v -0.011433 0.008496 -0.008789
v -0.011433 0.010654 -0.007009
v -0.011433 0.012277 -0.004877
v -0.011433 0.013285 -0.002501
v -0.011433 0.013627 -0.000000
v -0.012367 0.013606 0.000000
v -0.012367 0.013315 0.003124
v -0.012367 0.012451 0.005515
v -0.012367 0.011035 0.007508
v -0.012367 0.009102 0.009103
v -0.012367 0.006685 0.010271
v -0.012367 0.003787 0.010984
v -0.012367 0.000000 0.011224
v -0.012367 -0.003787 0.010984
v -0.012367 -0.006685 0.010271
v -0.012367 -0.009102 0.009103
v -0.012367 -0.011035 0.007508
v -0.012367 -0.012451 0.005515
v -0.012367 -0.013315 0.003124
v -0.012367 -0.013606 0.000000
v -0.012367 -0.013265 -0.002498
v -0.012367 -0.012259 -0.004870
v -0.012367 -0.010638 -0.006998
v -0.012367 -0.008483 -0.008775
v -0.012367 -0.005904 -0.010113
v -0.012367 -0.003028 -0.010943
v -0.012367 -0.000000 -0.011224
v -0.012367 0.003028 -0.010943
v -0.012367 0.005904 -0.010113
v -0.012367 0.008483 -0.008775
v -0.012367 0.010638 -0.006998
v -0.012367 0.012259 -0.004870
v -0.012367 0.013265 -0.002498
v -0.012367 0.013606 0.000000
v -0.013301 0.013549 0.000000
v -0.013301 0.013259 0.003111
v -0.013301 0.012398 0.005491
v -0.013301 0.010988 0.007476
v -0.013301 0.009063 0.009064
v -0.013301 0.006657 0.010226
v -0.013301 0.003771 0.010937
v -0.013301 0.000000 0.011175
v -0.013301 -0.003771 0.010937
v -0.013301 -0.006657 0.010226
v -0.013301 -0.009063 0.009064
v -0.013301 -0.010988 0.007476
v -0.013301 -0.012398 0.005491
v -0.013301 -0.013259 0.003111
v -0.013301 -0.013549 0.000000
v -0.013301 -0.013209 -0.002487
v -0.013301 -0.012207 -0.004849
v -0.013301 -0.010593 -0.006968
v -0.013301 -0.008447 -0.008737
v -0.013301 -0.005879 -0.010069
v -0.013301 -0.003015 -0.010895
v -0.013301 -0.000000 -0.011175
v -0.013301 0.003015 -0.010895
v -0.013301 0.005879 -0.010069
v -0.013301 0.008447 -0.008737
v -0.013301 0.010593 -0.006968
v -0.013301 0.012207 -0.004849
v -0.013301 0.013209 -0.002487
v -0.013301 0.013549 0.000000
v -0.014235 0.013458 0.000000
v -0.014235 0.013171 0.003089
v -0.014235 0.012315 0.005454
v -0.014235 0.010915 0.007425
v -0.014235 0.009003 0.009002
v -0.014235 0.006613 0.010157
v -0.014235 0.003746 0.010862
v -0.014235 0.000000 0.011099
v -0.014235 -0.003746 0.010862
v -0.014235 -0.006613 0.010157
v -0.014235 -0.009003 0.009002
v -0.014235 -0.010915 0.007425
v -0.014235 -0.012315 0.005454
v -0.014235 -0.013171 0.003089
v -0.014235 -0.013458 0.000000
v -0.014235 -0.013121 -0.002470
v -0.014235 -0.012126 -0.004816
v -0.014235 -0.010522 -0.006920
v -0.014235 -0.008391 -0.008678
v -0.014235 -0.005839 -0.010000
v -0.014235 -0.002995 -0.010821
v -0.014235 -0.000000 -0.011099
v -0.014235 0.002995 -0.010821
v -0.014235 0.005839 -0.010000
v -0.014235 0.008391 -0.008678
v -0.014235 0.010522 -0.006920
v -0.014235 0.012126 -0.004816
v -0.014235 0.013121 -0.002470
v -0.014235 0.013458 0.000000
v -0.015170 0.013340 0.000000
v -0.015170 0.013055 0.003062
v -0.015170 0.012207 0.005405
v -0.015170 0.010819 0.007358
v -0.015170 0.008924 0.008921
v -0.015170 0.006554 0.010065
v -0.015170 0.003713 0.010764
v -0.015170 0.000000 0.011000
v -0.015170 -0.003713 0.010764
v -0.015170 -0.006554 0.010065
v -0.015170 -0.008924 0.008921
v -0.015170 -0.010819 0.007358
v -0.015170 -0.012207 0.005405
v -0.015170 -0.013055 0.003062
v -0.015170 -0.013340 0.000000
v -0.015170 -0.013006 -0.002448
v -0.015170 -0.012019 -0.004773
v -0.015170 -0.010430 -0.006858
v -0.015170 -0.008317 -0.008600
v -0.015170 -0.005788 -0.009910
v -0.015170 -0.002968 -0.010724
v -0.015170 -0.000000 -0.011000
v -0.015170 0.002968 -0.010724
v -0.015170 0.005788 -0.009910
v -0.015170 0.008317 -0.008600
v -0.015170 0.010430 -0.006858
v -0.015170 0.012019 -0.004773
v -0.015170 0.013006 -0.002448
v -0.015170 0.013340 0.000000
v -0.016104 0.013198 0.000000
v -0.016104 0.012916 0.003028
v -0.016104 0.012077 0.005346
v -0.016104 0.010704 0.007278
v -0.016104 0.008829 0.008824
v -0.016104 0.006485 0.009956
v -0.016104 0.003674 0.010648
v -0.016104 0.000000 0.010880
v -0.016104 -0.003674 0.010648
v -0.016104 -0.006485 0.009956
v -0.016104 -0.008829 0.008824
v -0.016104 -0.010704 0.007278
v -0.016104 -0.012077 0.005346
v -0.016104 -0.012916 0.003028
v -0.016104 -0.013198 0.000000
v -0.016104 -0.012867 -0.002421
v -0.016104 -0.011891 -0.004721
v -0.016104 -0.010319 -0.006784
v -0.016104 -0.008229 -0.008506
v -0.016104 -0.005726 -0.009803
v -0.016104 -0.002937 -0.010607
v -0.016104 -0.000000 -0.010880
v -0.016104 0.002937 -0.010607
v -0.016104 0.005726 -0.009803
v -0.016104 0.008229 -0.008506
v -0.016104 0.010319 -0.006784
v -0.016104 0.011891 -0.004721
v -0.016104 0.012867 -0.002421
v -0.016104 0.013198 0.000000
v -0.017038 0.013038 0.000000
v -0.017038 0.012759 0.002991
v -0.017038 0.011931 0.005279
v -0.017038 0.010574 0.007188
v -0.017038 0.008721 0.008714
v -0.017038 0.006406 0.009832
v -0.017038 0.003629 0.010515
v -0.017038 0.000000 0.010745
v -0.017038 -0.003629 0.010515
v -0.017038 -0.006406 0.009832
v -0.017038 -0.008721 0.008714
v -0.017038 -0.010574 0.007188
v -0.017038 -0.011931 0.005279
v -0.017038 -0.012759 0.002991
v -0.017038 -0.013038 0.000000
v -0.017038 -0.012711 -0.002391
v -0.017038 -0.011747 -0.004662
v -0.017038 -0.010193 -0.006699
v -0.017038 -0.008129 -0.008401
v -0.017038 -0.005657 -0.009681
v -0.017038 -0.002901 -0.010476
v -0.017038 -0.000000 -0.010745
v -0.017038 0.002901 -0.010476
v -0.017038 0.005657 -0.009681
v -0.017038 0.008129 -0.008401
v -0.017038 0.010193 -0.006699
v -0.017038 0.011747 -0.004662
v -0.017038 0.012711 -0.002391
v -0.017038 0.013038 0.000000
v -0.017972 0.012863 0.000000
v -0.017972 0.012588 0.002950
v -0.017972 0.011771 0.005207
v -0.017972 0.010432 0.007089
v -0.017972 0.008605 0.008595
v -0.017972 0.006320 0.009698
v -0.017972 0.003580 0.010371
v -0.017972 0.000000 0.010598
v -0.017972 -0.003580 0.010371
v -0.017972 -0.006320 0.009698
v -0.017972 -0.008605 0.008595
v -0.017972 -0.010432 0.007089
v -0.017972 -0.011771 0.005207
v -0.017972 -0.012588 0.002950
v -0.017972 -0.012863 0.000000
v -0.017972 -0.012541 -0.002358
v -0.017972 -0.011589 -0.004598
v -0.017972 -0.010057 -0.006608
v -0.017972 -0.008020 -0.008286
v -0.017972 -0.005581 -0.009549
v -0.017972 -0.002862 -0.010332
v -0.017972 -0.000000 -0.010598
v -0.017972 0.002862 -0.010332
v -0.017972 0.005581 -0.009549
v -0.017972 0.008020 -0.008286
v -0.017972 0.010057 -0.006608
v -0.017972 0.011589 -0.004598
v -0.017972 0.012541 -0.002358
v -0.017972 0.012863 0.000000
v -0.018906 0.012680 0.000000
v -0.018906 0.012408 0.002907
v -0.018906 0.011603 0.005131
v -0.018906 0.010283 0.006986
v -0.018906 0.008482 0.008470
v -0.018906 0.006230 0.009556
v -0.018906 0.003529 0.010220
v -0.018906 0.000000 0.010443
v -0.018906 -0.003529 0.010220
v -0.018906 -0.006230 0.009556
v -0.018906 -0.008482 0.008470
v -0.018906 -0.010283 0.006986
v -0.018906 -0.011603 0.005131
v -0.018906 -0.012408 0.002907
v -0.018906 -0.012680 0.000000
v -0.018906 -0.012362 -0.002324
v -0.018906 -0.011424 -0.004531
v -0.018906 -0.009913 -0.006511
v -0.018906 -0.007906 -0.008165
v -0.018906 -0.005501 -0.009409
v -0.018906 -0.002821 -0.010181
v -0.018906 -0.000000 -0.010443
v -0.018906 0.002821 -0.010181
v -0.018906 0.005501 -0.009409
v -0.018906 0.007906 -0.008165
v -0.018906 0.009913 -0.006511
v -0.018906 0.011424 -0.004531
v -0.018906 0.012362 -0.002324
v -0.018906 0.012680 0.000000
v -0.019840 0.012491 0.000000
v -0.019840 0.012224 0.002863
v -0.019840 0.011430 0.005053
v -0.019840 0.010130 0.006880
v -0.019840 0.008356 0.008341
v -0.019840 0.006137 0.009411
v -0.019840 0.003477 0.010065
v -0.019840 0.000000 0.010284
v -0.019840 -0.003477 0.010065
v -0.019840 -0.006137 0.009411
v -0.019840 -0.008356 0.008341
v -0.019840 -0.010130 0.006880
v -0.019840 -0.011430 0.005053
v -0.019840 -0.012224 0.002863
v -0.019840 -0.012491 0.000000
v -0.019840 -0.012178 -0.002288
v -0.019840 -0.011254 -0.004462
v -0.019840 -0.009766 -0.006412
v -0.019840 -0.007788 -0.008041
v -0.019840 -0.005420 -0.009266
v -0.019840 -0.002780 -0.010027
v -0.019840 -0.000000 -0.010284
v -0.019840 0.002780 -0.010027
v -0.019840 0.005420 -0.009266
v -0.019840 0.007788 -0.008041
v -0.019840 0.009766 -0.006412
v -0.019840 0.011254 -0.004462
v -0.019840 0.012178 -0.002288
v -0.019840 0.012491 0.000000
v -0.020774 0.012303 0.000000
v -0.020774 0.012040 0.002818
v -0.020774 0.011258 0.004975
v -0.020774 0.009978 0.006773
v -0.020774 0.008230 0.008212
v -0.020774 0.006045 0.009266
v -0.020774 0.003424 0.009909
v -0.020774 0.000000 0.010126
v -0.020774 -0.003424 0.009909
v -0.020774 -0.006045 0.009266
v -0.020774 -0.008230 0.008212
v -0.020774 -0.009978 0.006773
v -0.020774 -0.011258 0.004975
v -0.020774 -0.012040 0.002818
v -0.020774 -0.012303 0.000000
v -0.020774 -0.011994 -0.002253
v -0.020774 -0.011084 -0.004393
v -0.020774 -0.009619 -0.006313
v -0.020774 -0.007671 -0.007917
v -0.020774 -0.005338 -0.009123
v -0.020774 -0.002738 -0.009872
v -0.020774 -0.000000 -0.010126
v -0.020774 0.002738 -0.009872
v -0.020774 0.005338 -0.009123
v -0.020774 0.007671 -0.007917
v -0.020774 0.009619 -0.006313
v -0.020774 0.011084 -0.004393
v -0.020774 0.011994 -0.002253
v -0.020774 0.012303 0.000000
v -0.021708 0.012119 0.000000
v -0.021708 0.011860 0.002775
v -0.021708 0.011090 0.004899
v -0.021708 0.009829 0.006670
v -0.021708 0.008107 0.008087
v -0.021708 0.005954 0.009124
v -0.021708 0.003373 0.009758
v -0.021708 0.000000 0.009971
v -0.021708 -0.003373 0.009758
v -0.021708 -0.005954 0.009124
v -0.021708 -0.008107 0.008087
v -0.021708 -0.009829 0.006670
v -0.021708 -0.011090 0.004899
v -0.021708 -0.011860 0.002775
v -0.021708 -0.012119 0.000000
v -0.021708 -0.011815 -0.002219
v -0.021708 -0.010919 -0.004326
v -0.021708 -0.009475 -0.006217
v -0.021708 -0.007556 -0.007795
v -0.021708 -0.005258 -0.008983
v -0.021708 -0.002697 -0.009721
v -0.021708 -0.000000 -0.009971
v -0.021708 0.002697 -0.009721
v -0.021708 0.005258 -0.008983
v -0.021708 0.007556 -0.007795
v -0.021708 0.009475 -0.006217
v -0.021708 0.010919 -0.004326
v -0.021708 0.011815 -0.002219
v -0.021708 0.012119 0.000000
v -0.022642 0.011944 0.000000
v -0.022642 0.011689 0.002734
v -0.022642 0.010930 0.004827
v -0.022642 0.009687 0.006572
v -0.022642 0.007990 0.007967
v -0.022642 0.005869 0.008989
v -0.022642 0.003325 0.009614
v -0.022642 0.000000 0.009824
v -0.022642 -0.003325 0.009614
v -0.022642 -0.005869 0.008989
v -0.022642 -0.007990 0.007967
v -0.022642 -0.009687 0.006572
v -0.022642 -0.010930 0.004827
v -0.022642 -0.011689 0.002734
v -0.022642 -0.011944 0.000000
v -0.022642 -0.011645 -0.002186
v -0.022642 -0.010761 -0.004262
v -0.022642 -0.009338 -0.006125
v -0.022642 -0.007447 -0.007681
v -0.022642 -0.005182 -0.008851
v -0.022642 -0.002658 -0.009577
v -0.022642 -0.000000 -0.009824
v -0.022642 0.002658 -0.009577
v -0.022642 0.005182 -0.008851
v -0.022642 0.007447 -0.007681
v -0.022642 0.009338 -0.006125
v -0.022642 0.010761 -0.004262
v -0.022642 0.011645 -0.002186
v -0.022642 0.011944 0.000000
v -0.023576 0.011784 0.000000
v -0.023576 0.011532 0.002697
v -0.023576 0.010783 0.004760
v -0.023576 0.009557 0.006481
v -0.023576 0.007883 0.007858
v -0.023576 0.005790 0.008866
v -0.023576 0.003280 0.009481
v -0.023576 0.000000 0.009689
v -0.023576 -0.003280 0.009481
v -0.023576 -0.005790 0.008866
v -0.023576 -0.007883 0.007858
v -0.023576 -0.009557 0.006481
v -0.023576 -0.010783 0.004760
v -0.023576 -0.011532 0.002697
v -0.023576 -0.011784 0.000000
v -0.023576 -0.011488 -0.002156
v -0.023576 -0.010617 -0.004204
v -0.023576 -0.009213 -0.006041
v -0.023576 -0.007347 -0.007575
v -0.023576 -0.005113 -0.008729
v -0.023576 -0.002622 -0.009446
v -0.023576 -0.000000 -0.009689
v -0.023576 0.002622 -0.009446
v -0.023576 0.005113 -0.008729
v -0.023576 0.007347 -0.007575
v -0.023576 0.009213 -0.006041
v -0.023576 0.010617 -0.004204
v -0.023576 0.011488 -0.002156
v -0.023576 0.011784 0.000000
v -0.024511 0.011642 0.000000
v -0.024511 0.011393 0.002663
v -0.024511 0.010653 0.004702
v -0.024511 0.009442 0.006401
v -0.024511 0.007788 0.007761
v -0.024511 0.005720 0.008756
v -0.024511 0.003240 0.009365
v -0.024511 0.000000 0.009569
v -0.024511 -0.003240 0.009365
v -0.024511 -0.005720 0.008756
v -0.024511 -0.007788 0.007761
v -0.024511 -0.009442 0.006401
v -0.024511 -0.010653 0.004702
v -0.024511 -0.011393 0.002663
v -0.024511 -0.011642 0.000000
v -0.024511 -0.011350 -0.002129
v -0.024511 -0.010489 -0.004152
v -0.024511 -0.009102 -0.005966
v -0.024511 -0.007259 -0.007481
v -0.024511 -0.005051 -0.008622
v -0.024511 -0.002591 -0.009329
v -0.024511 -0.000000 -0.009569
v -0.024511 0.002591 -0.009329
v -0.024511 0.005051 -0.008622
v -0.024511 0.007259 -0.007481
v -0.024511 0.009102 -0.005966
v -0.024511 0.010489 -0.004152
v -0.024511 0.011350 -0.002129
v -0.024511 0.011642 0.000000
v -0.025445 0.011524 0.000000
v -0.025445 0.011277 0.002636
v -0.025445 0.010545 0.004653
v -0.025445 0.009346 0.006334
v -0.025445 0.007709 0.007680
v -0.025445 0.005662 0.008665
v -0.025445 0.003207 0.009267
v -0.025445 0.000000 0.009469
v -0.025445 -0.003207 0.009267
v -0.025445 -0.005662 0.008665
v -0.025445 -0.007709 0.007680
v -0.025445 -0.009346 0.006334
v -0.025445 -0.010545 0.004653
v -0.025445 -0.011277 0.002636
v -0.025445 -0.011524 0.000000
v -0.025445 -0.011235 -0.002107
v -0.025445 -0.010383 -0.004109
v -0.025445 -0.009010 -0.005904
v -0.025445 -0.007185 -0.007404
v -0.025445 -0.005000 -0.008532
v -0.025445 -0.002564 -0.009232
v -0.025445 -0.000000 -0.009469
v -0.025445 0.002564 -0.009232
v -0.025445 0.005000 -0.008532
v -0.025445 0.007185 -0.007404
v -0.025445 0.009010 -0.005904
v -0.025445 0.010383 -0.004109
v -0.025445 0.011235 -0.002107
v -0.025445 0.011524 0.000000
v -0.026379 0.011433 0.000000
v -0.026379 0.011189 0.002615
v -0.026379 0.010462 0.004615
v -0.026379 0.009273 0.006284
v -0.026379 0.007648 0.007618
v -0.026379 0.005618 0.008596
v -0.026379 0.003182 0.009193
v -0.026379 0.000000 0.009393
v -0.026379 -0.003182 0.009193
v -0.026379 -0.005618 0.008596
v -0.026379 -0.007648 0.007618
v -0.026379 -0.009273 0.006284
v -0.026379 -0.010462 0.004615
v -0.026379 -0.011189 0.002615
v -0.026379 -0.011433 0.000000
v -0.026379 -0.011147 -0.002090
v -0.026379 -0.010301 -0.004076
v -0.026379 -0.008939 -0.005857
v -0.026379 -0.007129 -0.007344
v -0.026379 -0.004961 -0.008463
v -0.026379 -0.002544 -0.009158
v -0.026379 -0.000000 -0.009393
v -0.026379 0.002544 -0.009158
v -0.026379 0.004961 -0.008463
v -0.026379 0.007129 -0.007344
v -0.026379 0.008939 -0.005857
v -0.026379 0.010301 -0.004076
v -0.026379 0.011147 -0.002090
v -0.026379 0.011433 -0.000000
v -0.027313 0.011376 0.000000
v -0.027313 0.011133 0.002601
v -0.027313 0.010410 0.004591
v -0.027313 0.009226 0.006251
v -0.027313 0.007610 0.007579
v -0.027313 0.005589 0.008551
v -0.027313 0.003166 0.009145
v -0.027313 0.000000 0.009345
v -0.027313 -0.003166 0.009145
v -0.027313 -0.005589 0.008551
v -0.027313 -0.007610 0.007579
v -0.027313 -0.009226 0.006251
v -0.027313 -0.010410 0.004591
v -0.027313 -0.011133 0.002601
v -0.027313 -0.011376 0.000000
v -0.027313 -0.011091 -0.002079
v -0.027313 -0.010249 -0.004055
v -0.027313 -0.008894 -0.005826
v -0.027313 -0.007093 -0.007306
v -0.027313 -0.004936 -0.008419
v -0.027313 -0.002531 -0.009110
v -0.027313 -0.000000 -0.009345
v -0.027313 0.002531 -0.009110
v -0.027313 0.004936 -0.008419
v -0.027313 0.007093 -0.007306
v -0.027313 0.008894 -0.005826
v -0.027313 0.010249 -0.004055
v -0.027313 0.011091 -0.002079
v -0.027313 0.011376 0.000000
v -0.028247 0.011355 0.000000
v -0.028247 0.011113 0.002596
v -0.028247 0.010391 0.004583
v -0.028247 0.009210 0.006240
v -0.028247 0.007596 0.007565
v -0.028247 0.005579 0.008536
v -0.028247 0.003161 0.009128
v -0.028247 0.000000 0.009328
v -0.028247 -0.003161 0.009128
v -0.028247 -0.005579 0.008536
v -0.028247 -0.007596 0.007565
v -0.028247 -0.009210 0.006240
v -0.028247 -0.010391 0.004583
v -0.028247 -0.011113 0.002596
v -0.028247 -0.011355 0.000000
v -0.028247 -0.011071 -0.002076
v -0.028247 -0.010231 -0.004047
v -0.028247 -0.008878 -0.005816
v -0.028247 -0.007080 -0.007293
v -0.028247 -0.004927 -0.008404
v -0.028247 -0.002527 -0.009094
v -0.028247 -0.000000 -0.009328
v -0.028247 0.002527 -0.009094
v -0.028247 0.004927 -0.008404
v -0.028247 0.007080 -0.007293
v -0.028247 0.008878 -0.005816
v -0.028247 0.010231 -0.004047
v -0.028247 0.011071 -0.002076
v -0.028247 0.011355 0.000000
v -0.029181 0.011355 0.000000
v -0.029181 0.011090 0.002305
v -0.029181 0.010306 0.004290
v -0.029181 0.009032 0.006011
v -0.029181 0.007317 0.007419
v -0.029181 0.005223 0.008465
v -0.029181 0.002806 0.009110
v -0.029181 0.000000 0.009328
v -0.029181 -0.002806 0.009110
v -0.029181 -0.005223 0.008465
v -0.029181 -0.007317 0.007419
v -0.029181 -0.009032 0.006011
v -0.029181 -0.010306 0.004290
v -0.029181 -0.011090 0.002305
v -0.029181 -0.011355 0.000000
v -0.029181 -0.011071 -0.002076
v -0.029181 -0.010231 -0.004047
v -0.029181 -0.008878 -0.005816
v -0.029181 -0.007080 -0.007293
v -0.029181 -0.004927 -0.008404
v -0.029181 -0.002527 -0.009094
v -0.029181 -0.000000 -0.009328
v -0.029181 0.002527 -0.009094
v -0.029181 0.004927 -0.008404
v -0.029181 0.007080 -0.007293
v -0.029181 0.008878 -0.005816
v -0.029181 0.010231 -0.004047
v -0.029181 0.011071 -0.002076
v -0.029181 0.011355 0.000000
vt 0.00000 1.92424
vt 0.07143 1.92424
vt 0.14286 1.92424
vt 0.21429 1.92424
vt 0.28571 1.92424
vt 0.35714 1.92424
vt 0.42857 1.92424
vt 0.50000 1.92424
vt 0.57143 1.92424
vt 0.64286 1.92424
vt 0.71429 1.92424
vt 0.78571 1.92424
vt 0.85714 1.92424
vt 0.92857 1.92424
vt 1.00000 1.92424
vt 1.07143 1.92424
vt 1.14286 1.92424
vt 1.21429 1.92424
vt 1.28571 1.92424
vt 1.35714 1.92424
vt 1.42857 1.92424
vt 1.50000 1.92424
vt 1.57143 1.92424
vt 1.64286 1.92424
vt 1.71429 1.92424
vt 1.78571 1.92424
vt 1.85714 1.92424
vt 1.92857 1.92424
vt 2.00000 1.92424
vt 0.00000 1.95537
vt 0.07143 1.95537
vt 0.14286 1.95537
vt 0.21429 1.95537
vt 0.28571 1.95537
vt 0.35714 1.95537
vt 0.42857 1.95537
vt 0.50000 1.95537
vt 0.57143 1.95537
vt 0.64286 1.95537
vt 0.71429 1.95537
vt 0.78571 1.95537
vt 0.85714 1.95537
vt 0.92857 1.95537
vt 1.00000 1.95537
vt 1.07143 1.95537
vt 1.14286 1.95537
vt 1.21429 1.95537
vt 1.28571 1.95537
vt 1.35714 1.95537
vt 1.42857 1.95537
vt 1.50000 1.95537
vt 1.57143 1.95537
vt 1.64286 1.95537
vt 1.71429 1.95537
vt 1.78571 1.95537
vt 1.85714 1.95537
vt 1.92857 1.95537
vt 2.00000 1.95537
vt 0.00000 1.98651
vt 0.07143 1.98651
vt 0.14286 1.98651
vt 0.21429 1.98651
vt 0.28571 1.98651
vt 0.35714 1.98651
vt 0.42857 1.98651
vt 0.50000 1.98651
vt 0.57143 1.98651
vt 0.64286 1.98651
vt 0.71429 1.98651
vt 0.78571 1.98651
vt 0.85714 1.98651
vt 0.92857 1.98651
vt 1.00000 1.98651
vt 1.07143 1.98651
vt 1.14286 1.98651
vt 1.21429 1.98651
vt 1.28571 1.98651
vt 1.35714 1.98651
vt 1.42857 1.98651
vt 1.50000 1.98651
vt 1.57143 1.98651
vt 1.64286 1.98651
vt 1.71429 1.98651
vt 1.78571 1.98651
vt 1.85714 1.98651
vt 1.92857 1.98651
vt 2.00000 1.98651
vt 0.00000 2.01765
vt 0.07143 2.01765
vt 0.14286 2.01765
vt 0.21429 2.01765
vt 0.28571 2.01765
vt 0.35714 2.01765
vt 0.42857 2.01765
vt 0.50000 2.01765
vt 0.57143 2.01765
vt 0.64286 2.01765
vt 0.71429 2.01765
vt 0.78571 2.01765
vt 0.85714 2.01765
vt 0.92857 2.01765
vt 1.00000 2.01765
vt 1.07143 2.01765
vt 1.14286 2.01765
vt 1.21429 2.01765
vt 1.28571 2.01765
vt 1.35714 2.01765
vt 1.42857 2.01765
vt 1.50000 2.01765
vt 1.57143 2.01765
vt 1.64286 2.01765
vt 1.71429 2.01765
vt 1.78571 2.01765
vt 1.85714 2.01765
vt 1.92857 2.01765
vt 2.00000 2.01765
vt 0.00000 2.04878
vt 0.07143 2.04878
vt 0.14286 2.04878
vt 0.21429 2.04878
vt 0.28571 2.04878
vt 0.35714 2.04878
vt 0.42857 2.04878
vt 0.50000 2.04878
vt 0.57143 2.04878
vt 0.64286 2.04878
vt 0.71429 2.04878
vt 0.78571 2.04878
vt 0.85714 2.04878
vt 0.92857 2.04878
vt 1.00000 2.04878
vt 1.07143 2.04878
vt 1.14286 2.04878
vt 1.21429 2.04878
vt 1.28571 2.04878
vt 1.35714 2.04878
vt 1.42857 2.04878
vt 1.50000 2.04878
vt 1.57143 2.04878
vt 1.64286 2.04878
vt 1.71429 2.04878
vt 1.78571 2.04878
vt 1.85714 2.04878
vt 1.92857 2.04878
vt 2.00000 2.04878
vt 0.00000 2.07992
vt 0.07143 2.07992
vt 0.14286 2.07992
vt 0.21429 2.07992
vt 0.28571 2.07992
vt 0.35714 2.07992
vt 0.42857 2.07992
vt 0.50000 2.07992
vt 0.57143 2.07992
vt 0.64286 2.07992
vt 0.71429 2.07992
vt 0.78571 2.07992
vt 0.85714 2.07992
vt 0.92857 2.07992
vt 1.00000 2.07992
vt 1.07143 2.07992
vt 1.14286 2.07992
vt 1.21429 2.07992
vt 1.28571 2.07992
vt 1.35714 2.07992
vt 1.42857 2.07992
vt 1.50000 2.07992
vt 1.57143 2.07992
vt 1.64286 2.07992
vt 1.71429 2.07992
vt 1.78571 2.07992
vt 1.85714 2.07992
vt 1.92857 2.07992
vt 2.00000 2.07992
vt 0.00000 2.11106
vt 0.07143 2.11106
vt 0.14286 2.11106
vt 0.21429 2.11106
vt 0.28571 2.11106
vt 0.35714 2.11106
vt 0.42857 2.11106
vt 0.50000 2.11106
vt 0.57143 2.11106
vt 0.64286 2.11106
vt 0.71429 2.11106
vt 0.78571 2.11106
vt 0.85714 2.11106
vt 0.92857 2.11106
vt 1.00000 2.11106
vt 1.07143 2.11106
vt 1.14286 2.11106
vt 1.21429 2.11106
vt 1.28571 2.11106
vt 1.35714 2.11106
vt 1.42857 2.11106
vt 1.50000 2.11106
vt 1.57143 2.11106
vt 1.64286 2.11106
vt 1.71429 2.11106
vt 1.78571 2.11106
vt 1.85714 2.11106
vt 1.92857 2.11106
vt 2.00000 2.11106
vt 0.00000 2.14219
vt 0.07143 2.14219
vt 0.14286 2.14219
vt 0.21429 2.14219
vt 0.28571 2.14219
vt 0.35714 2.14219
vt 0.42857 2.14219
vt 0.50000 2.14219
vt 0.57143 2.14219
vt 0.64286 2.14219
vt 0.71429 2.14219
vt 0.78571 2.14219
vt 0.85714 2.14219
vt 0.92857 2.14219
vt 1.00000 2.14219
vt 1.07143 2.14219
vt 1.14286 2.14219
vt 1.21429 2.14219
vt 1.28571 2.14219
vt 1.35714 2.14219
vt 1.42857 2.14219
vt 1.50000 2.14219
vt 1.57143 2.14219
vt 1.64286 2.14219
vt 1.71429 2.14219
vt 1.78571 2.14219
vt 1.85714 2.14219
vt 1.92857 2.14219
vt 2.00000 2.14219
vt 0.00000 2.17333
vt 0.07143 2.17333
vt 0.14286 2.17333
vt 0.21429 2.17333
vt 0.28571 2.17333
vt 0.35714 2.17333
vt 0.42857 2.17333
vt 0.50000 2.17333
vt 0.57143 2.17333
vt 0.64286 2.17333
vt 0.71429 2.17333
vt 0.78571 2.17333
vt 0.85714 2.17333
vt 0.92857 2.17333
vt 1.00000 2.17333
vt 1.07143 2.17333
vt 1.14286 2.17333
vt 1.21429 2.17333
vt 1.28571 2.17333
vt 1.35714 2.17333
vt 1.42857 2.17333
vt 1.50000 2.17333
vt 1.57143 2.17333
vt 1.64286 2.17333
vt 1.71429 2.17333
vt 1.78571 2.17333
vt 1.85714 2.17333
vt 1.92857 2.17333
vt 2.00000 2.17333
vt 0.00000 2.20447
vt 0.07143 2.20447
vt 0.14286 2.20447
vt 0.21429 2.20447
vt 0.28571 2.20447
vt 0.35714 2.20447
vt 0.42857 2.20447
vt 0.50000 2.20447
vt 0.57143 2.20447
vt 0.64286 2.20447
vt 0.71429 2.20447
vt 0.78571 2.20447
vt 0.85714 2.20447
vt 0.92857 2.20447
vt 1.00000 2.20447
vt 1.07143 2.20447
vt 1.14286 2.20447
vt 1.21429 2.20447
vt 1.28571 2.20447
vt 1.35714 2.20447
vt 1.42857 2.20447
vt 1.50000 2.20447
vt 1.57143 2.20447
vt 1.64286 2.20447
vt 1.71429 2.20447
vt 1.78571 2.20447
vt 1.85714 2.20447
vt 1.92857 2.20447
vt 2.00000 2.20447
vt 0.00000 2.23561
vt 0.07143 2.23561
vt 0.14286 2.23561
vt 0.21429 2.23561
vt 0.28571 2.23561
vt 0.35714 2.23561
vt 0.42857 2.23561
vt 0.50000 2.23561
vt 0.57143 2.23561
vt 0.64286 2.23561
vt 0.71429 2.23561
vt 0.78571 2.23561
vt 0.85714 2.23561
vt 0.92857 2.23561
vt 1.00000 2.23561
vt 1.07143 2.23561
vt 1.14286 2.23561
vt 1.21429 2.23561
vt 1.28571 2.23561
vt 1.35714 2.23561
vt 1.42857 2.23561
vt 1.50000 2.23561
vt 1.57143 2.23561
vt 1.64286 2.23561
vt 1.71429 2.23561
vt 1.78571 2.23561
vt 1.85714 2.23561
vt 1.92857 2.23561
vt 2.00000 2.23561
vt 0.00000 2.26674
vt 0.07143 2.26674
vt 0.14286 2.26674
vt 0.21429 2.26674
vt 0.28571 2.26674
vt 0.35714 2.26674
vt 0.42857 2.26674
vt 0.50000 2.26674
vt 0.57143 2.26674
vt 0.64286 2.26674
vt 0.71429 2.26674
vt 0.78571 2.26674
vt 0.85714 2.26674
vt 0.92857 2.26674
vt 1.00000 2.26674
vt 1.07143 2.26674
vt 1.14286 2.26674
vt 1.21429 2.26674
vt 1.28571 2.26674
vt 1.35714 2.26674
vt 1.42857 2.26674
vt 1.50000 2.26674
vt 1.57143 2.26674
vt 1.64286 2.26674
vt 1.71429 2.26674
vt 1.78571 2.26674
vt 1.85714 2.26674
vt 1.92857 2.26674
vt 2.00000 2.26674
vt 0.00000 2.29788
vt 0.07143 2.29788
vt 0.14286 2.29788
vt 0.21429 2.29788
vt 0.28571 2.29788
vt 0.35714 2.29788
vt 0.42857 2.29788
vt 0.50000 2.29788
vt 0.57143 2.29788
vt 0.64286 2.29788
vt 0.71429 2.29788
vt 0.78571 2.29788
vt 0.85714 2.29788
vt 0.92857 2.29788
vt 1.00000 2.29788
vt 1.07143 2.29788
vt 1.14286 2.29788
vt 1.21429 2.29788
vt 1.28571 2.29788
vt 1.35714 2.29788
vt 1.42857 2.29788
vt 1.50000 2.29788
vt 1.57143 2.29788
vt 1.64286 2.29788
vt 1.71429 2.29788
vt 1.78571 2.29788
vt 1.85714 2.29788
vt 1.92857 2.29788
vt 2.00000 2.29788
vt 0.00000 2.32902
vt 0.07143 2.32902
vt 0.14286 2.32902
vt 0.21429 2.32902
vt 0.28571 2.32902
vt 0.35714 2.32902
vt 0.42857 2.32902
vt 0.50000 2.32902
vt 0.57143 2.32902
vt 0.64286 2.32902
vt 0.71429 2.32902
vt 0.78571 2.32902
vt 0.85714 2.32902
vt 0.92857 2.32902
vt 1.00000 2.32902
vt 1.07143 2.32902
vt 1.14286 2.32902
vt 1.21429 2.32902
vt 1.28571 2.32902
vt 1.35714 2.32902
vt 1.42857 2.32902
vt 1.50000 2.32902
vt 1.57143 2.32902
vt 1.64286 2.32902
vt 1.71429 2.32902
vt 1.78571 2.32902
vt 1.85714 2.32902
vt 1.92857 2.32902
vt 2.00000 2.32902
vt 0.00000 2.36015
vt 0.07143 2.36015
vt 0.14286 2.36015
vt 0.21429 2.36015
vt 0.28571 2.36015
vt 0.35714 2.36015
vt 0.42857 2.36015
vt 0.50000 2.36015
vt 0.57143 2.36015
vt 0.64286 2.36015
vt 0.71429 2.36015
vt 0.78571 2.36015
vt 0.85714 2.36015
vt 0.92857 2.36015
vt 1.00000 2.36015
vt 1.07143 2.36015
vt 1.14286 2.36015
vt 1.21429 2.36015
vt 1.28571 2.36015
vt 1.35714 2.36015
vt 1.42857 2.36015
vt 1.50000 2.36015
vt 1.57143 2.36015
vt 1.64286 2.36015
vt 1.71429 2.36015
vt 1.78571 2.36015
vt 1.85714 2.36015
vt 1.92857 2.36015
vt 2.00000 2.36015
vt 0.00000 2.39129
vt 0.07143 2.39129
vt 0.14286 2.39129
vt 0.21429 2.39129
vt 0.28571 2.39129
vt 0.35714 2.39129
vt 0.42857 2.39129
vt 0.50000 2.39129
vt 0.57143 2.39129
vt 0.64286 2.39129
vt 0.71429 2.39129
vt 0.78571 2.39129
vt 0.85714 2.39129
vt 0.92857 2.39129
vt 1.00000 2.39129
vt 1.07143 2.39129
vt 1.14286 2.39129
vt 1.21429 2.39129
vt 1.28571 2.39129
vt 1.35714 2.39129
vt 1.42857 2.39129
vt 1.50000 2.39129
vt 1.57143 2.39129
vt 1.64286 2.39129
vt 1.71429 2.39129
vt 1.78571 2.39129
vt 1.85714 2.39129
vt 1.92857 2.39129
vt 2.00000 2.39129
vt 0.00000 2.42243
vt 0.07143 2.42243
vt 0.14286 2.42243
vt 0.21429 2.42243
vt 0.28571 2.42243
vt 0.35714 2.42243
vt 0.42857 2.42243
vt 0.50000 2.42243
vt 0.57143 2.42243
vt 0.64286 2.42243
vt 0.71429 2.42243
vt 0.78571 2.42243
vt 0.85714 2.42243
vt 0.92857 2.42243
vt 1.00000 2.42243
vt 1.07143 2.42243
vt 1.14286 2.42243
vt 1.21429 2.42243
vt 1.28571 2.42243
vt 1.35714 2.42243
vt 1.42857 2.42243
vt 1.50000 2.42243
vt 1.57143 2.42243
vt 1.64286 2.42243
vt 1.71429 2.42243
vt 1.78571 2.42243
vt 1.85714 2.42243
vt 1.92857 2.42243
vt 2.00000 2.42243
vt 0.00000 2.45356
vt 0.07143 2.45356
vt 0.14286 2.45356
vt 0.21429 2.45356
vt 0.28571 2.45356
vt 0.35714 2.45356
vt 0.42857 2.45356
vt 0.50000 2.45356
vt 0.57143 2.45356
vt 0.64286 2.45356
vt 0.71429 2.45356
vt 0.78571 2.45356
vt 0.85714 2.45356
vt 0.92857 2.45356
vt 1.00000 2.45356
vt 1.07143 2.45356
vt 1.14286 2.45356
vt 1.21429 2.45356
vt 1.28571 2.45356
vt 1.35714 2.45356
vt 1.42857 2.45356
vt 1.50000 2.45356
vt 1.57143 2.45356
vt 1.64286 2.45356
vt 1.71429 2.45356
vt 1.78571 2.45356
vt 1.85714 2.45356
vt 1.92857 2.45356
vt 2.00000 2.45356
vt 0.00000 2.48470
vt 0.07143 2.48470
vt 0.14286 2.48470
vt 0.21429 2.48470
vt 0.28571 2.48470
vt 0.35714 2.48470
vt 0.42857 2.48470
vt 0.50000 2.48470
vt 0.57143 2.48470
vt 0.64286 2.48470
vt 0.71429 2.48470
vt 0.78571 2.48470
vt 0.85714 2.48470
vt 0.92857 2.48470
vt 1.00000 2.48470
vt 1.07143 2.48470
vt 1.14286 2.48470
vt 1.21429 2.48470
vt 1.28571 2.48470
vt 1.35714 2.48470
vt 1.42857 2.48470
vt 1.50000 2.48470
vt 1.57143 2.48470
vt 1.64286 2.48470
vt 1.71429 2.48470
vt 1.78571 2.48470
vt 1.85714 2.48470
vt 1.92857 2.48470
vt 2.00000 2.48470
vt 0.00000 2.51584
vt 0.07143 2.51584
vt 0.14286 2.51584
vt 0.21429 2.51584
vt 0.28571 2.51584
vt 0.35714 2.51584
vt 0.42857 2.51584
vt 0.50000 2.51584
vt 0.57143 2.51584
vt 0.64286 2.51584
vt 0.71429 2.51584
vt 0.78571 2.51584
vt 0.85714 2.51584
vt 0.92857 2.51584
vt 1.00000 2.51584
vt 1.07143 2.51584
vt 1.14286 2.51584
vt 1.21429 2.51584
vt 1.28571 2.51584
vt 1.35714 2.51584
vt 1.42857 2.51584
vt 1.50000 2.51584
vt 1.57143 2.51584
vt 1.64286 2.51584
vt 1.71429 2.51584
vt 1.78571 2.51584
vt 1.85714 2.51584
vt 1.92857 2.51584
vt 2.00000 2.51584
vt 0.00000 2.54697
vt 0.07143 2.54697
vt 0.14286 2.54697
vt 0.21429 2.54697
vt 0.28571 2.54697
vt 0.35714 2.54697
vt 0.42857 2.54697
vt 0.50000 2.54697
vt 0.57143 2.54697
vt 0.64286 2.54697
vt 0.71429 2.54697
vt 0.78571 2.54697
vt 0.85714 2.54697
vt 0.92857 2.54697
vt 1.00000 2.54697
vt 1.07143 2.54697
vt 1.14286 2.54697
vt 1.21429 2.54697
vt 1.28571 2.54697
vt 1.35714 2.54697
vt 1.42857 2.54697
vt 1.50000 2.54697
vt 1.57143 2.54697
vt 1.64286 2.54697
vt 1.71429 2.54697
vt 1.78571 2.54697
vt 1.85714 2.54697
vt 1.92857 2.54697
vt 2.00000 2.54697
vt 0.00000 2.57811
vt 0.07143 2.57811
vt 0.14286 2.57811
vt 0.21429 2.57811
vt 0.28571 2.57811
vt 0.35714 2.57811
vt 0.42857 2.57811
vt 0.50000 2.57811
vt 0.57143 2.57811
vt 0.64286 2.57811
vt 0.71429 2.57811
vt 0.78571 2.57811
vt 0.85714 2.57811
vt 0.92857 2.57811
vt 1.00000 2.57811
vt 1.07143 2.57811
vt 1.14286 2.57811
vt 1.21429 2.57811
vt 1.28571 2.57811
vt 1.35714 2.57811
vt 1.42857 2.57811
vt 1.50000 2.57811
vt 1.57143 2.57811
vt 1.64286 2.57811
vt 1.71429 2.57811
vt 1.78571 2.57811
vt 1.85714 2.57811
vt 1.92857 2.57811
vt 2.00000 2.57811
vt 0.00000 2.60925
vt 0.07143 2.60925
vt 0.14286 2.60925
vt 0.21429 2.60925
vt 0.28571 2.60925
vt 0.35714 2.60925
vt 0.42857 2.60925
vt 0.50000 2.60925
vt 0.57143 2.60925
vt 0.64286 2.60925
vt 0.71429 2.60925
vt 0.78571 2.60925
vt 0.85714 2.60925
vt 0.92857 2.60925
vt 1.00000 2.60925
vt 1.07143 2.60925
vt 1.14286 2.60925
vt 1.21429 2.60925
vt 1.28571 2.60925
vt 1.35714 2.60925
vt 1.42857 2.60925
vt 1.50000 2.60925
vt 1.57143 2.60925
vt 1.64286 2.60925
vt 1.71429 2.60925
vt 1.78571 2.60925
vt 1.85714 2.60925
vt 1.92857 2.60925
vt 2.00000 2.60925
vt 0.00000 2.64038
vt 0.07143 2.64038
vt 0.14286 2.64038
vt 0.21429 2.64038
vt 0.28571 2.64038
vt 0.35714 2.64038
vt 0.42857 2.64038
vt 0.50000 2.64038
vt 0.57143 2.64038
vt 0.64286 2.64038
vt 0.71429 2.64038
vt 0.78571 2.64038
vt 0.85714 2.64038
vt 0.92857 2.64038
vt 1.00000 2.64038
vt 1.07143 2.64038
vt 1.14286 2.64038
vt 1.21429 2.64038
vt 1.28571 2.64038
vt 1.35714 2.64038
vt 1.42857 2.64038
vt 1.50000 2.64038
vt 1.57143 2.64038
vt 1.64286 2.64038
vt 1.71429 2.64038
vt 1.78571 2.64038
vt 1.85714 2.64038
vt 1.92857 2.64038
vt 2.00000 2.64038
vt 0.00000 2.67152
vt 0.07143 2.67152
vt 0.14286 2.67152
vt 0.21429 2.67152
vt 0.28571 2.67152
vt 0.35714 2.67152
vt 0.42857 2.67152
vt 0.50000 2.67152
vt 0.57143 2.67152
vt 0.64286 2.67152
vt 0.71429 2.67152
vt 0.78571 2.67152
vt 0.85714 2.67152
vt 0.92857 2.67152
vt 1.00000 2.67152
vt 1.07143 2.67152
vt 1.14286 2.67152
vt 1.21429 2.67152
vt 1.28571 2.67152
vt 1.35714 2.67152
vt 1.42857 2.67152
vt 1.50000 2.67152
vt 1.57143 2.67152
vt 1.64286 2.67152
vt 1.71429 2.67152
vt 1.78571 2.67152
vt 1.85714 2.67152
vt 1.92857 2.67152
vt 2.00000 2.67152
vt 0.00000 2.70266
vt 0.07143 2.70266
vt 0.14286 2.70266
vt 0.21429 2.70266
vt 0.28571 2.70266
vt 0.35714 2.70266
vt 0.42857 2.70266
vt 0.50000 2.70266
vt 0.57143 2.70266
vt 0.64286 2.70266
vt 0.71429 2.70266
vt 0.78571 2.70266
vt 0.85714 2.70266
vt 0.92857 2.70266
vt 1.00000 2.70266
vt 1.07143 2.70266
vt 1.14286 2.70266
vt 1.21429 2.70266
vt 1.28571 2.70266
vt 1.35714 2.70266
vt 1.42857 2.70266
vt 1.50000 2.70266
vt 1.57143 2.70266
vt 1.64286 2.70266
vt 1.71429 2.70266
vt 1.78571 2.70266
vt 1.85714 2.70266
vt 1.92857 2.70266
vt 2.00000 2.70266
vt 0.00000 2.73379
vt 0.07143 2.73379
vt 0.14286 2.73379
vt 0.21429 2.73379
vt 0.28571 2.73379
vt 0.35714 2.73379
vt 0.42857 2.73379
vt 0.50000 2.73379
vt 0.57143 2.73379
vt 0.64286 2.73379
vt 0.71429 2.73379
vt 0.78571 2.73379
vt 0.85714 2.73379
vt 0.92857 2.73379
vt 1.00000 2.73379
vt 1.07143 2.73379
vt 1.14286 2.73379
vt 1.21429 2.73379
vt 1.28571 2.73379
vt 1.35714 2.73379
vt 1.42857 2.73379
vt 1.50000 2.73379
vt 1.57143 2.73379
vt 1.64286 2.73379
vt 1.71429 2.73379
vt 1.78571 2.73379
vt 1.85714 2.73379
vt 1.92857 2.73379
vt 2.00000 2.73379
vt 0.00000 2.76493
vt 0.07143 2.76493
vt 0.14286 2.76493
vt 0.21429 2.76493
vt 0.28571 2.76493
vt 0.35714 2.76493
vt 0.42857 2.76493
vt 0.50000 2.76493
vt 0.57143 2.76493
vt 0.64286 2.76493
vt 0.71429 2.76493
vt 0.78571 2.76493
vt 0.85714 2.76493
vt 0.92857 2.76493
vt 1.00000 2.76493
vt 1.07143 2.76493
vt 1.14286 2.76493
vt 1.21429 2.76493
vt 1.28571 2.76493
vt 1.35714 2.76493
vt 1.42857 2.76493
vt 1.50000 2.76493
vt 1.57143 2.76493
vt 1.64286 2.76493
vt 1.71429 2.76493
vt 1.78571 2.76493
vt 1.85714 2.76493
vt 1.92857 2.76493
vt 2.00000 2.76493
vt 0.00000 2.79607
vt 0.07143 2.79607
vt 0.14286 2.79607
vt 0.21429 2.79607
vt 0.28571 2.79607
vt 0.35714 2.79607
vt 0.42857 2.79607
vt 0.50000 2.79607
vt 0.57143 2.79607
vt 0.64286 2.79607
vt 0.71429 2.79607
vt 0.78571 2.79607
vt 0.85714 2.79607
vt 0.92857 2.79607
vt 1.00000 2.79607
vt 1.07143 2.79607
vt 1.14286 2.79607
vt 1.21429 2.79607
vt 1.28571 2.79607
vt 1.35714 2.79607
vt 1.42857 2.79607
vt 1.50000 2.79607
vt 1.57143 2.79607
vt 1.64286 2.79607
vt 1.71429 2.79607
vt 1.78571 2.79607
vt 1.85714 2.79607
vt 1.92857 2.79607
vt 2.00000 2.79607
vt 0.00000 2.82721
vt 0.07143 2.82721
vt 0.14286 2.82721
vt 0.21429 2.82721
vt 0.28571 2.82721
vt 0.35714 2.82721
vt 0.42857 2.82721
vt 0.50000 2.82721
vt 0.57143 2.82721
vt 0.64286 2.82721
vt 0.71429 2.82721
vt 0.78571 2.82721
vt 0.85714 2.82721
vt 0.92857 2.82721
vt 1.00000 2.82721
vt 1.07143 2.82721
vt 1.14286 2.82721
vt 1.21429 2.82721
vt 1.28571 2.82721
vt 1.35714 2.82721
vt 1.42857 2.82721
vt 1.50000 2.82721
vt 1.57143 2.82721
vt 1.64286 2.82721
vt 1.71429 2.82721
vt 1.78571 2.82721
vt 1.85714 2.82721
vt 1.92857 2.82721
vt 2.00000 2.82721
vt 0.00000 2.85834
vt 0.07143 2.85834
vt 0.14286 2.85834
vt 0.21429 2.85834
vt 0.28571 2.85834
vt 0.35714 2.85834
vt 0.42857 2.85834
vt 0.50000 2.85834
vt 0.57143 2.85834
vt 0.64286 2.85834
vt 0.71429 2.85834
vt 0.78571 2.85834
vt 0.85714 2.85834
vt 0.92857 2.85834
vt 1.00000 2.85834
vt 1.07143 2.85834
vt 1.14286 2.85834
vt 1.21429 2.85834
vt 1.28571 2.85834
vt 1.35714 2.85834
vt 1.42857 2.85834
vt 1.50000 2.85834
vt 1.57143 2.85834
vt 1.64286 2.85834
vt 1.71429 2.85834
vt 1.78571 2.85834
vt 1.85714 2.85834
vt 1.92857 2.85834
vt 2.00000 2.85834
vt 0.00000 2.88948
vt 0.07143 2.88948
vt 0.14286 2.88948
vt 0.21429 2.88948
vt 0.28571 2.88948
vt 0.35714 2.88948
vt 0.42857 2.88948
vt 0.50000 2.88948
vt 0.57143 2.88948
vt 0.64286 2.88948
vt 0.71429 2.88948
vt 0.78571 2.88948
vt 0.85714 2.88948
vt 0.92857 2.88948
vt 1.00000 2.88948
vt 1.07143 2.88948
vt 1.14286 2.88948
vt 1.21429 2.88948
vt 1.28571 2.88948
vt 1.35714 2.88948
vt 1.42857 2.88948
vt 1.50000 2.88948
vt 1.57143 2.88948
vt 1.64286 2.88948
vt 1.71429 2.88948
vt 1.78571 2.88948
vt 1.85714 2.88948
vt 1.92857 2.88948
vt 2.00000 2.88948
vt 0.00000 2.92062
vt 0.07143 2.92062
vt 0.14286 2.92062
vt 0.21429 2.92062
vt 0.28571 2.92062
vt 0.35714 2.92062
vt 0.42857 2.92062
vt 0.50000 2.92062
vt 0.57143 2.92062
vt 0.64286 2.92062
vt 0.71429 2.92062
vt 0.78571 2.92062
vt 0.85714 2.92062
vt 0.92857 2.92062
vt 1.00000 2.92062
vt 1.07143 2.92062
vt 1.14286 2.92062
vt 1.21429 2.92062
vt 1.28571 2.92062
vt 1.35714 2.92062
vt 1.42857 2.92062
vt 1.50000 2.92062
vt 1.57143 2.92062
vt 1.64286 2.92062
vt 1.71429 2.92062
vt 1.78571 2.92062
vt 1.85714 2.92062
vt 1.92857 2.92062
vt 2.00000 2.92062
vt 0.00000 2.95175
vt 0.07143 2.95175
vt 0.14286 2.95175
vt 0.21429 2.95175
vt 0.28571 2.95175
vt 0.35714 2.95175
vt 0.42857 2.95175
vt 0.50000 2.95175
vt 0.57143 2.95175
vt 0.64286 2.95175
vt 0.71429 2.95175
vt 0.78571 2.95175
vt 0.85714 2.95175
vt 0.92857 2.95175
vt 1.00000 2.95175
vt 1.07143 2.95175
vt 1.14286 2.95175
vt 1.21429 2.95175
vt 1.28571 2.95175
vt 1.35714 2.95175
vt 1.42857 2.95175
vt 1.50000 2.95175
vt 1.57143 2.95175
vt 1.64286 2.95175
vt 1.71429 2.95175
vt 1.78571 2.95175
vt 1.85714 2.95175
vt 1.92857 2.95175
vt 2.00000 2.95175
vt 0.00000 2.98289
vt 0.07143 2.98289
vt 0.14286 2.98289
vt 0.21429 2.98289
vt 0.28571 2.98289
vt 0.35714 2.98289
vt 0.42857 2.98289
vt 0.50000 2.98289
vt 0.57143 2.98289
vt 0.64286 2.98289
vt 0.71429 2.98289
vt 0.78571 2.98289
vt 0.85714 2.98289
vt 0.92857 2.98289
vt 1.00000 2.98289
vt 1.07143 2.98289
vt 1.14286 2.98289
vt 1.21429 2.98289
vt 1.28571 2.98289
vt 1.35714 2.98289
vt 1.42857 2.98289
vt 1.50000 2.98289
vt 1.57143 2.98289
vt 1.64286 2.98289
vt 1.71429 2.98289
vt 1.78571 2.98289
vt 1.85714 2.98289
vt 1.92857 2.98289
vt 2.00000 2.98289
vt 0.00000 3.01403
vt 0.07143 3.01403
vt 0.14286 3.01403
vt 0.21429 3.01403
vt 0.28571 3.01403
vt 0.35714 3.01403
vt 0.42857 3.01403
vt 0.50000 3.01403
vt 0.57143 3.01403
vt 0.64286 3.01403
vt 0.71429 3.01403
vt 0.78571 3.01403
vt 0.85714 3.01403
vt 0.92857 3.01403
vt 1.00000 3.01403
vt 1.07143 3.01403
vt 1.14286 3.01403
vt 1.21429 3.01403
vt 1.28571 3.01403
vt 1.35714 3.01403
vt 1.42857 3.01403
vt 1.50000 3.01403
vt 1.57143 3.01403
vt 1.64286 3.01403
vt 1.71429 3.01403
vt 1.78571 3.01403
vt 1.85714 3.01403
vt 1.92857 3.01403
vt 2.00000 3.01403
vt 0.00000 3.04516
vt 0.07143 3.04516
vt 0.14286 3.04516
vt 0.21429 3.04516
vt 0.28571 3.04516
vt 0.35714 3.04516
vt 0.42857 3.04516
vt 0.50000 3.04516
vt 0.57143 3.04516
vt 0.64286 3.04516
vt 0.71429 3.04516
vt 0.78571 3.04516
vt 0.85714 3.04516
vt 0.92857 3.04516
vt 1.00000 3.04516
vt 1.07143 3.04516
vt 1.14286 3.04516
vt 1.21429 3.04516
vt 1.28571 3.04516
vt 1.35714 3.04516
vt 1.42857 3.04516
vt 1.50000 3.04516
vt 1.57143 3.04516
vt 1.64286 3.04516
vt 1.71429 3.04516
vt 1.78571 3.04516
vt 1.85714 3.04516
vt 1.92857 3.04516
vt 2.00000 3.04516
vt 0.00000 3.07630
vt 0.07143 3.07630
vt 0.14286 3.07630
vt 0.21429 3.07630
vt 0.28571 3.07630
vt 0.35714 3.07630
vt 0.42857 3.07630
vt 0.50000 3.07630
vt 0.57143 3.07630
vt 0.64286 3.07630
vt 0.71429 3.07630
vt 0.78571 3.07630
vt 0.85714 3.07630
vt 0.92857 3.07630
vt 1.00000 3.07630
vt 1.07143 3.07630
vt 1.14286 3.07630
vt 1.21429 3.07630
vt 1.28571 3.07630
vt 1.35714 3.07630
vt 1.42857 3.07630
vt 1.50000 3.07630
vt 1.57143 3.07630
vt 1.64286 3.07630
vt 1.71429 3.07630
vt 1.78571 3.07630
vt 1.85714 3.07630
vt 1.92857 3.07630
vt 2.00000 3.07630
vt 0.00000 3.10744
vt 0.07143 3.10744
vt 0.14286 3.10744
vt 0.21429 3.10744
vt 0.28571 3.10744
vt 0.35714 3.10744
vt 0.42857 3.10744
vt 0.50000 3.10744
vt 0.57143 3.10744
vt 0.64286 3.10744
vt 0.71429 3.10744
vt 0.78571 3.10744
vt 0.85714 3.10744
vt 0.92857 3.10744
vt 1.00000 3.10744
vt 1.07143 3.10744
vt 1.14286 3.10744
vt 1.21429 3.10744
vt 1.28571 3.10744
vt 1.35714 3.10744
vt 1.42857 3.10744
vt 1.50000 3.10744
vt 1.57143 3.10744
vt 1.64286 3.10744
vt 1.71429 3.10744
vt 1.78571 3.10744
vt 1.85714 3.10744
vt 1.92857 3.10744
vt 2.00000 3.10744
vt 0.00000 3.13857
vt 0.07143 3.13857
vt 0.14286 3.13857
vt 0.21429 3.13857
vt 0.28571 3.13857
vt 0.35714 3.13857
vt 0.42857 3.13857
vt 0.50000 3.13857
vt 0.57143 3.13857
vt 0.64286 3.13857
vt 0.71429 3.13857
vt 0.78571 3.13857
vt 0.85714 3.13857
vt 0.92857 3.13857
vt 1.00000 3.13857
vt 1.07143 3.13857
vt 1.14286 3.13857
vt 1.21429 3.13857
vt 1.28571 3.13857
vt 1.35714 3.13857
vt 1.42857 3.13857
vt 1.50000 3.13857
vt 1.57143 3.13857
vt 1.64286 3.13857
vt 1.71429 3.13857
vt 1.78571 3.13857
vt 1.85714 3.13857
vt 1.92857 3.13857
vt 2.00000 3.13857
vt 0.00000 3.16971
vt 0.07143 3.16971
vt 0.14286 3.16971
vt 0.21429 3.16971
vt 0.28571 3.16971
vt 0.35714 3.16971
vt 0.42857 3.16971
vt 0.50000 3.16971
vt 0.57143 3.16971
vt 0.64286 3.16971
vt 0.71429 3.16971
vt 0.78571 3.16971
vt 0.85714 3.16971
vt 0.92857 3.16971
vt 1.00000 3.16971
vt 1.07143 3.16971
vt 1.14286 3.16971
vt 1.21429 3.16971
vt 1.28571 3.16971
vt 1.35714 3.16971
vt 1.42857 3.16971
vt 1.50000 3.16971
vt 1.57143 3.16971
vt 1.64286 3.16971
vt 1.71429 3.16971
vt 1.78571 3.16971
vt 1.85714 3.16971
vt 1.92857 3.16971
vt 2.00000 3.16971
vt 0.00000 3.20085
vt 0.07143 3.20085
vt 0.14286 3.20085
vt 0.21429 3.20085
vt 0.28571 3.20085
vt 0.35714 3.20085
vt 0.42857 3.20085
vt 0.50000 3.20085
vt 0.57143 3.20085
vt 0.64286 3.20085
vt 0.71429 3.20085
vt 0.78571 3.20085
vt 0.85714 3.20085
vt 0.92857 3.20085
vt 1.00000 3.20085
vt 1.07143 3.20085
vt 1.14286 3.20085
vt 1.21429 3.20085
vt 1.28571 3.20085
vt 1.35714 3.20085
vt 1.42857 3.20085
vt 1.50000 3.20085
vt 1.57143 3.20085
vt 1.64286 3.20085
vt 1.71429 3.20085
vt 1.78571 3.20085
vt 1.85714 3.20085
vt 1.92857 3.20085
vt 2.00000 3.20085
vt 0.00000 3.23198
vt 0.07143 3.23198
vt 0.14286 3.23198
vt 0.21429 3.23198
vt 0.28571 3.23198
vt 0.35714 3.23198
vt 0.42857 3.23198
vt 0.50000 3.23198
vt 0.57143 3.23198
vt 0.64286 3.23198
vt 0.71429 3.23198
vt 0.78571 3.23198
vt 0.85714 3.23198
vt 0.92857 3.23198
vt 1.00000 3.23198
vt 1.07143 3.23198
vt 1.14286 3.23198
vt 1.21429 3.23198
vt 1.28571 3.23198
vt 1.35714 3.23198
vt 1.42857 3.23198
vt 1.50000 3.23198
vt 1.57143 3.23198
vt 1.64286 3.23198
vt 1.71429 3.23198
vt 1.78571 3.23198
vt 1.85714 3.23198
vt 1.92857 3.23198
vt 2.00000 3.23198
vt 0.00000 3.26312
vt 0.07143 3.26312
vt 0.14286 3.26312
vt 0.21429 3.26312
vt 0.28571 3.26312
vt 0.35714 3.26312
vt 0.42857 3.26312
vt 0.50000 3.26312
vt 0.57143 3.26312
vt 0.64286 3.26312
vt 0.71429 3.26312
vt 0.78571 3.26312
vt 0.85714 3.26312
vt 0.92857 3.26312
vt 1.00000 3.26312
vt 1.07143 3.26312
vt 1.14286 3.26312
vt 1.21429 3.26312
vt 1.28571 3.26312
vt 1.35714 3.26312
vt 1.42857 3.26312
vt 1.50000 3.26312
vt 1.57143 3.26312
vt 1.64286 3.26312
vt 1.71429 3.26312
vt 1.78571 3.26312
vt 1.85714 3.26312
vt 1.92857 3.26312
vt 2.00000 3.26312
vn 0.04701 0.99852 0.02720
vn 0.04840 0.96845 0.24445
vn 0.05056 0.86679 0.49611
vn 0.05230 0.70386 0.70841
vn 0.05316 0.50629 0.86072
vn 0.05322 0.30422 0.95111
vn 0.05281 0.11440 0.99203
vn 0.05257 -0.02142 0.99839
vn 0.05278 -0.17330 0.98345
vn 0.05290 -0.37051 0.92732
vn 0.05251 -0.57408 0.81711
vn 0.05133 -0.76370 0.64353
vn 0.04947 -0.90799 0.41606
vn 0.04756 -0.98551 0.16283
vn 0.04698 -0.99776 -0.04758
vn 0.04750 -0.95108 -0.30528
vn 0.04846 -0.84399 -0.53417
vn 0.04967 -0.69555 -0.71676
vn 0.05089 -0.52400 -0.85020
vn 0.05188 -0.34182 -0.93833
vn 0.05247 -0.15573 -0.98641
vn 0.05254 0.03141 -0.99812
vn 0.05208 0.21837 -0.97448
vn 0.05117 0.40361 -0.91350
vn 0.04997 0.58323 -0.81077
vn 0.04872 0.74874 -0.66107
vn 0.04768 0.88553 -0.46214
vn 0.04706 0.97428 -0.22037
vn 0.04701 0.99852 0.02720
vn 0.05031 0.99870 -0.00868
vn 0.05115 0.97798 0.20233
vn 0.05345 0.88834 0.45606
vn 0.05541 0.73438 0.67647
vn 0.05650 0.54029 0.83958
vn 0.05674 0.33701 0.93979
vn 0.05651 0.14268 0.98815
vn 0.05612 -0.00010 0.99842
vn 0.05623 -0.14294 0.98813
vn 0.05660 -0.33729 0.93970
vn 0.05638 -0.54057 0.83941
vn 0.05532 -0.73462 0.67622
vn 0.05342 -0.88849 0.45577
vn 0.05132 -0.97803 0.20203
vn 0.05008 -0.99871 -0.00894
vn 0.05054 -0.96343 -0.26315
vn 0.05139 -0.86533 -0.49856
vn 0.05260 -0.72253 -0.68933
vn 0.05391 -0.55384 -0.83087
vn 0.05507 -0.37282 -0.92627
vn 0.05584 -0.18703 -0.98077
vn 0.05610 0.00014 -0.99843
vn 0.05580 0.18731 -0.98072
vn 0.05498 0.37308 -0.92617
vn 0.05381 0.55409 -0.83072
vn 0.05250 0.72274 -0.68912
vn 0.05131 0.86548 -0.49831
vn 0.05049 0.96351 -0.26286
vn 0.05031 0.99870 -0.00868
vn 0.05499 0.99845 -0.00866
vn 0.05603 0.97777 0.20205
vn 0.05848 0.88831 0.45551
vn 0.06061 0.73456 0.67583
vn 0.06180 0.54057 0.83902
vn 0.06205 0.33725 0.93937
vn 0.06176 0.14280 0.98782
vn 0.06141 -0.00011 0.99811
vn 0.06162 -0.14307 0.98779
vn 0.06198 -0.33756 0.93926
vn 0.06174 -0.54087 0.83883
vn 0.06056 -0.73481 0.67556
vn 0.05847 -0.88847 0.45519
vn 0.05611 -0.97783 0.20173
vn 0.05488 -0.99845 -0.00893
vn 0.05529 -0.96326 -0.26280
vn 0.05622 -0.86536 -0.49799
vn 0.05754 -0.72274 -0.68872
vn 0.05897 -0.55414 -0.83033
vn 0.06024 -0.37308 -0.92584
vn 0.06110 -0.18717 -0.98042
vn 0.06140 0.00015 -0.99811
vn 0.06108 0.18748 -0.98037
vn 0.06020 0.37337 -0.92573
vn 0.05892 0.55440 -0.83016
vn 0.05748 0.72297 -0.68849
vn 0.05618 0.86552 -0.49771
vn 0.05527 0.96335 -0.26248
vn 0.05499 0.99845 -0.00866
vn 0.05651 0.99836 -0.00864
vn 0.05768 0.97773 0.20179
vn 0.06015 0.88845 0.45501
vn 0.06232 0.73491 0.67530
vn 0.06354 0.54100 0.83862
vn 0.06380 0.33759 0.93913
vn 0.06346 0.14296 0.98769
vn 0.06318 -0.00011 0.99800
vn 0.06347 -0.14324 0.98765
vn 0.06380 -0.33790 0.93902
vn 0.06354 -0.54130 0.83842
vn 0.06232 -0.73517 0.67502
vn 0.06015 -0.88862 0.45468
vn 0.05768 -0.97780 0.20146
vn 0.05651 -0.99836 -0.00892
vn 0.05687 -0.96326 -0.26247
vn 0.05781 -0.86555 -0.49747
vn 0.05916 -0.72311 -0.68819
vn 0.06064 -0.55457 -0.82992
vn 0.06195 -0.37345 -0.92558
vn 0.06284 -0.18738 -0.98028
vn 0.06316 0.00016 -0.99800
vn 0.06284 0.18769 -0.98022
vn 0.06195 0.37375 -0.92546
vn 0.06064 0.55484 -0.82974
vn 0.05916 0.72334 -0.68795
vn 0.05781 0.86572 -0.49718
vn 0.05687 0.96335 -0.26214
vn 0.05651 0.99836 -0.00864
vn 0.05487 0.99846 -0.00864
vn 0.05610 0.97787 0.20156
vn 0.05846 0.88878 0.45459
vn 0.06056 0.73542 0.67490
vn 0.06174 0.54155 0.83840
vn 0.06198 0.33801 0.93910
vn 0.06162 0.14316 0.98778
vn 0.06141 -0.00010 0.99811
vn 0.06176 -0.14343 0.98773
vn 0.06206 -0.33832 0.93898
vn 0.06180 -0.54184 0.83820
vn 0.06060 -0.73566 0.67463
vn 0.05847 -0.88894 0.45427
vn 0.05602 -0.97794 0.20124
vn 0.05499 -0.99845 -0.00891
vn 0.05526 -0.96344 -0.26218
vn 0.05617 -0.86591 -0.49704
vn 0.05748 -0.72362 -0.68780
vn 0.05892 -0.55512 -0.82968
vn 0.06020 -0.37390 -0.92551
vn 0.06107 -0.18764 -0.98034
vn 0.06139 0.00015 -0.99811
vn 0.06110 0.18794 -0.98028
vn 0.06024 0.37419 -0.92539
vn 0.05897 0.55538 -0.82951
vn 0.05753 0.72384 -0.68757
vn 0.05622 0.86606 -0.49676
vn 0.05529 0.96352 -0.26186
vn 0.05487 0.99846 -0.00864
vn 0.05007 0.99871 -0.00864
vn 0.05131 0.97817 0.20137
vn 0.05340 0.88926 0.45428
vn 0.05531 0.73605 0.67466
vn 0.05638 0.54219 0.83836
vn 0.05660 0.33849 0.93927
vn 0.05623 0.14338 0.98807
vn 0.05611 -0.00010 0.99842
vn 0.05651 -0.14363 0.98802
vn 0.05674 -0.33876 0.93916
vn 0.05650 -0.54245 0.83818
vn 0.05539 -0.73627 0.67441
vn 0.05343 -0.88940 0.45399
vn 0.05113 -0.97824 0.20108
vn 0.05030 -0.99869 -0.00889
vn 0.05047 -0.96376 -0.26194
vn 0.05130 -0.86640 -0.49672
vn 0.05249 -0.72424 -0.68755
vn 0.05381 -0.55574 -0.82961
vn 0.05498 -0.37441 -0.92563
vn 0.05579 -0.18792 -0.98060
vn 0.05610 0.00014 -0.99843
vn 0.05584 0.18820 -0.98054
vn 0.05506 0.37467 -0.92552
vn 0.05391 0.55598 -0.82945
vn 0.05260 0.72443 -0.68734
vn 0.05139 0.86654 -0.49646
vn 0.05053 0.96384 -0.26166
vn 0.05007 0.99871 -0.00864
vn 0.04210 0.99908 -0.00866
vn 0.04328 0.97859 0.20122
vn 0.04498 0.88983 0.45407
vn 0.04656 0.73675 0.67456
vn 0.04746 0.54286 0.83848
vn 0.04764 0.33898 0.93959
vn 0.04728 0.14361 0.98850
vn 0.04727 -0.00008 0.99888
vn 0.04771 -0.14382 0.98845
vn 0.04786 -0.33921 0.93949
vn 0.04764 -0.54308 0.83833
vn 0.04670 -0.73693 0.67435
vn 0.04501 -0.88995 0.45383
vn 0.04301 -0.97865 0.20098
vn 0.04245 -0.99906 -0.00886
vn 0.04250 -0.96420 -0.26176
vn 0.04318 -0.86696 -0.49650
vn 0.04418 -0.72490 -0.68744
vn 0.04529 -0.55639 -0.82968
vn 0.04629 -0.37493 -0.92590
vn 0.04699 -0.18822 -0.98100
vn 0.04726 0.00012 -0.99888
vn 0.04705 0.18845 -0.98096
vn 0.04641 0.37514 -0.92580
vn 0.04545 0.55659 -0.82954
vn 0.04434 0.72506 -0.68725
vn 0.04332 0.86708 -0.49628
vn 0.04258 0.96426 -0.26152
vn 0.04210 0.99908 -0.00866
vn 0.03095 0.99948 -0.00868
vn 0.03201 0.97904 0.20112
vn 0.03317 0.89041 0.45396
vn 0.03432 0.73741 0.67457
vn 0.03496 0.54348 0.83869
vn 0.03508 0.33943 0.93998
vn 0.03476 0.14383 0.98899
vn 0.03488 -0.00006 0.99939
vn 0.03533 -0.14398 0.98895
vn 0.03538 -0.33960 0.93990
vn 0.03521 -0.54364 0.83858
vn 0.03449 -0.73755 0.67441
vn 0.03322 -0.89050 0.45378
vn 0.03165 -0.97909 0.20094
vn 0.03142 -0.99947 -0.00883
vn 0.03133 -0.96466 -0.26164
vn 0.03182 -0.86752 -0.49638
vn 0.03255 -0.72553 -0.68742
vn 0.03337 -0.55700 -0.82984
vn 0.03412 -0.37540 -0.92623
vn 0.03465 -0.18849 -0.98146
vn 0.03487 0.00009 -0.99939
vn 0.03474 0.18866 -0.98143
vn 0.03428 0.37556 -0.92616
vn 0.03358 0.55714 -0.82974
vn 0.03276 0.72564 -0.68729
vn 0.03200 0.86761 -0.49622
vn 0.03143 0.96470 -0.26146
vn 0.03095 0.99948 -0.00868
vn 0.01663 0.99982 -0.00871
vn 0.01749 0.97943 0.20105
vn 0.01798 0.89087 0.45390
vn 0.01856 0.73793 0.67462
vn 0.01889 0.54396 0.83890
vn 0.01893 0.33978 0.94031
vn 0.01866 0.14400 0.98940
vn 0.01893 -0.00003 0.99982
vn 0.01937 -0.14408 0.98938
vn 0.01930 -0.33987 0.94027
vn 0.01919 -0.54404 0.83884
vn 0.01878 -0.73800 0.67454
vn 0.01804 -0.89092 0.45380
vn 0.01705 -0.97945 0.20095
vn 0.01721 -0.99981 -0.00880
vn 0.01696 -0.96504 -0.26156
vn 0.01720 -0.86797 -0.49632
vn 0.01759 -0.72601 -0.68746
vn 0.01804 -0.55746 -0.83001
vn 0.01846 -0.37577 -0.92653
vn 0.01877 -0.18871 -0.98185
vn 0.01892 0.00005 -0.99982
vn 0.01888 0.18880 -0.98183
vn 0.01866 0.37585 -0.92649
vn 0.01829 0.55753 -0.82995
vn 0.01785 0.72607 -0.68739
vn 0.01742 0.86801 -0.49623
vn 0.01709 0.96506 -0.26147
vn 0.01663 0.99982 -0.00871
vn 0.00030 0.99996 -0.00875
vn 0.00081 0.97959 0.20100
vn 0.00047 0.89107 0.45386
vn 0.00028 0.73815 0.67463
vn 0.00013 0.54417 0.83898
vn 0.00001 0.33994 0.94045
vn -0.00024 0.14409 0.98956
vn 0.00015 -0.00000 1.00000
vn 0.00057 -0.14409 0.98956
vn 0.00045 -0.33994 0.94045
vn 0.00051 -0.54417 0.83898
vn 0.00058 -0.73816 0.67463
vn 0.00059 -0.89107 0.45386
vn 0.00037 -0.97959 0.20099
vn 0.00092 -0.99996 -0.00876
vn 0.00050 -0.96520 -0.26151
vn 0.00036 -0.86816 -0.49629
vn 0.00024 -0.72622 -0.68747
vn 0.00014 -0.55765 -0.83007
vn 0.00009 -0.37593 -0.92665
vn 0.00010 -0.18882 -0.98201
vn 0.00015 0.00000 -1.00000
vn 0.00024 0.18882 -0.98201
vn 0.00035 0.37593 -0.92665
vn 0.00047 0.55765 -0.83007
vn 0.00058 0.72622 -0.68746
vn 0.00065 0.86816 -0.49628
vn 0.00066 0.96520 -0.26151
vn 0.00030 0.99996 -0.00875
vn -0.01508 0.99985 -0.00879
vn -0.01506 0.97948 0.20098
vn -0.01630 0.89093 0.45385
vn -0.01742 0.73799 0.67458
vn -0.01825 0.54402 0.83887
vn -0.01871 0.33985 0.94029
vn -0.01900 0.14407 0.98938
vn -0.01861 0.00003 0.99983
vn -0.01825 -0.14399 0.98941
vn -0.01828 -0.33976 0.94033
vn -0.01787 -0.54394 0.83893
vn -0.01711 -0.73793 0.67466
vn -0.01615 -0.89089 0.45394
vn -0.01540 -0.97946 0.20106
vn -0.01456 -0.99986 -0.00872
vn -0.01512 -0.96509 -0.26150
vn -0.01575 -0.86802 -0.49628
vn -0.01657 -0.72606 -0.68743
vn -0.01740 -0.55751 -0.82999
vn -0.01808 -0.37583 -0.92651
vn -0.01851 -0.18879 -0.98184
vn -0.01860 -0.00005 -0.99983
vn -0.01836 0.18870 -0.98186
vn -0.01782 0.37575 -0.92655
vn -0.01706 0.55744 -0.83004
vn -0.01622 0.72600 -0.68750
vn -0.01546 0.86798 -0.49636
vn -0.01495 0.96507 -0.26158
vn -0.01508 0.99985 -0.00879
vn -0.02805 0.99957 -0.00883
vn -0.02846 0.97917 0.20102
vn -0.03053 0.89052 0.45391
vn -0.03255 0.73751 0.67456
vn -0.03407 0.54356 0.83868
vn -0.03490 0.33953 0.93995
vn -0.03528 0.14394 0.98896
vn -0.03494 0.00006 0.99939
vn -0.03465 -0.14380 0.98900
vn -0.03454 -0.33937 0.94002
vn -0.03374 -0.54341 0.83879
vn -0.03229 -0.73738 0.67470
vn -0.03040 -0.89044 0.45408
vn -0.02875 -0.97913 0.20118
vn -0.02760 -0.99958 -0.00869
vn -0.02830 -0.96477 -0.26156
vn -0.02942 -0.86762 -0.49636
vn -0.03092 -0.72560 -0.68742
vn -0.03249 -0.55706 -0.82984
vn -0.03381 -0.37549 -0.92621
vn -0.03467 -0.18862 -0.98144
vn -0.03493 -0.00009 -0.99939
vn -0.03455 0.18845 -0.98148
vn -0.03359 0.37533 -0.92628
vn -0.03220 0.55692 -0.82994
vn -0.03063 0.72549 -0.68755
vn -0.02917 0.86754 -0.49651
vn -0.02815 0.96473 -0.26172
vn -0.02805 0.99957 -0.00883
vn -0.03883 0.99921 -0.00886
vn -0.03962 0.97876 0.20112
vn -0.04237 0.88995 0.45408
vn -0.04514 0.73680 0.67460
vn -0.04722 0.54288 0.83848
vn -0.04837 0.33904 0.93953
vn -0.04882 0.14374 0.98841
vn -0.04853 0.00008 0.99882
vn -0.04831 -0.14353 0.98847
vn -0.04808 -0.33881 0.93962
vn -0.04695 -0.54266 0.83864
vn -0.04492 -0.73662 0.67481
vn -0.04227 -0.88984 0.45431
vn -0.03985 -0.97871 0.20135
vn -0.03847 -0.99922 -0.00867
vn -0.03927 -0.96435 -0.26170
vn -0.04079 -0.86705 -0.49654
vn -0.04287 -0.72492 -0.68750
vn -0.04504 -0.55639 -0.82970
vn -0.04690 -0.37496 -0.92585
vn -0.04811 -0.18834 -0.98092
vn -0.04851 -0.00012 -0.99882
vn -0.04802 0.18811 -0.98097
vn -0.04671 0.37474 -0.92595
vn -0.04481 0.55620 -0.82984
vn -0.04263 0.72477 -0.68767
vn -0.04059 0.86694 -0.49675
vn -0.03915 0.96429 -0.26192
vn -0.03883 0.99921 -0.00886
vn -0.04745 0.99883 -0.00889
vn -0.04854 0.97833 0.20129
vn -0.05183 0.88930 0.45437
vn -0.05519 0.73597 0.67477
vn -0.05772 0.54206 0.83836
vn -0.05912 0.33844 0.93913
vn -0.05962 0.14347 0.98786
vn -0.05938 0.00010 0.99824
vn -0.05922 -0.14322 0.98792
vn -0.05889 -0.33816 0.93924
vn -0.05751 -0.54179 0.83854
vn -0.05502 -0.73575 0.67502
vn -0.05176 -0.88916 0.45466
vn -0.04872 -0.97826 0.20157
vn -0.04717 -0.99885 -0.00866
vn -0.04803 -0.96389 -0.26192
vn -0.04988 -0.86640 -0.49685
vn -0.05241 -0.72412 -0.68768
vn -0.05507 -0.55558 -0.82963
vn -0.05735 -0.37432 -0.92552
vn -0.05885 -0.18800 -0.98040
vn -0.05935 -0.00015 -0.99824
vn -0.05877 0.18771 -0.98046
vn -0.05720 0.37405 -0.92564
vn -0.05489 0.55535 -0.82980
vn -0.05222 0.72392 -0.68790
vn -0.04972 0.86627 -0.49710
vn -0.04794 0.96382 -0.26220
vn -0.04745 0.99883 -0.00889
vn -0.05389 0.99851 -0.00892
vn -0.05523 0.97792 0.20153
vn -0.05892 0.88865 0.45478
vn -0.06271 0.73508 0.67507
vn -0.06558 0.54116 0.83836
vn -0.06716 0.33778 0.93883
vn -0.06770 0.14318 0.98738
vn -0.06750 0.00012 0.99772
vn -0.06741 -0.14289 0.98744
vn -0.06700 -0.33746 0.93895
vn -0.06543 -0.54085 0.83857
vn -0.06260 -0.73483 0.67536
vn -0.05887 -0.88849 0.45511
vn -0.05537 -0.97785 0.20185
vn -0.05369 -0.99852 -0.00865
vn -0.05460 -0.96346 -0.26223
vn -0.05668 -0.86573 -0.49729
vn -0.05955 -0.72325 -0.68801
vn -0.06257 -0.55470 -0.82969
vn -0.06517 -0.37361 -0.92529
vn -0.06689 -0.18762 -0.97996
vn -0.06747 -0.00017 -0.99772
vn -0.06683 0.18729 -0.98003
vn -0.06506 0.37331 -0.92542
vn -0.06244 0.55443 -0.82988
vn -0.05942 0.72303 -0.68825
vn -0.05657 0.86557 -0.49758
vn -0.05453 0.96338 -0.26254
vn -0.05389 0.99851 -0.00892
vn -0.05817 0.99827 -0.00895
vn -0.05970 0.97760 0.20183
vn -0.06365 0.88805 0.45532
vn -0.06772 0.73421 0.67553
vn -0.07080 0.54026 0.83852
vn -0.07250 0.33710 0.93867
vn -0.07305 0.14287 0.98704
vn -0.07291 0.00012 0.99734
vn -0.07288 -0.14255 0.98710
vn -0.07240 -0.33675 0.93881
vn -0.07071 -0.53992 0.83874
vn -0.06765 -0.73394 0.67584
vn -0.06361 -0.88787 0.45568
vn -0.05978 -0.97752 0.20218
vn -0.05805 -0.99828 -0.00866
vn -0.05897 -0.96310 -0.26262
vn -0.06121 -0.86510 -0.49786
vn -0.06430 -0.72240 -0.68848
vn -0.06756 -0.55381 -0.82990
vn -0.07037 -0.37289 -0.92521
vn -0.07224 -0.18722 -0.97966
vn -0.07288 -0.00018 -0.99734
vn -0.07220 0.18686 -0.97973
vn -0.07031 0.37255 -0.92535
vn -0.06748 0.55351 -0.83011
vn -0.06422 0.72216 -0.68874
vn -0.06114 0.86492 -0.49817
vn -0.05893 0.96301 -0.26295
vn -0.05817 0.99827 -0.00895
vn -0.06030 0.99814 -0.00897
vn -0.06195 0.97738 0.20219
vn -0.06600 0.88754 0.45598
vn -0.07021 0.73341 0.67615
vn -0.07340 0.53939 0.83885
vn -0.07515 0.33643 0.93870
vn -0.07570 0.14257 0.98689
vn -0.07561 0.00013 0.99714
vn -0.07564 -0.14224 0.98694
vn -0.07512 -0.33607 0.93884
vn -0.07337 -0.53903 0.83908
vn -0.07019 -0.73312 0.67647
vn -0.06600 -0.88735 0.45635
vn -0.06198 -0.97731 0.20256
vn -0.06026 -0.99815 -0.00867
vn -0.06115 -0.96284 -0.26307
vn -0.06346 -0.86454 -0.49854
vn -0.06666 -0.72159 -0.68910
vn -0.07004 -0.55294 -0.83027
vn -0.07296 -0.37217 -0.92529
vn -0.07490 -0.18682 -0.97953
vn -0.07558 -0.00019 -0.99714
vn -0.07489 0.18645 -0.97961
vn -0.07294 0.37182 -0.92543
vn -0.07002 0.55263 -0.83048
vn -0.06664 0.72134 -0.68937
vn -0.06344 0.86436 -0.49886
vn -0.06114 0.96274 -0.26342
vn -0.06030 0.99814 -0.00897
vn -0.06026 0.99814 -0.00899
vn -0.06199 0.97730 0.20260
vn -0.06600 0.88715 0.45673
vn -0.07020 0.73271 0.67692
vn -0.07337 0.53859 0.83937
vn -0.07512 0.33581 0.93893
vn -0.07564 0.14228 0.98693
vn -0.07562 0.00013 0.99714
vn -0.07570 -0.14194 0.98698
vn -0.07515 -0.33544 0.93906
vn -0.07340 -0.53824 0.83959
vn -0.07022 -0.73241 0.67723
vn -0.06602 -0.88696 0.45710
vn -0.06196 -0.97722 0.20296
vn -0.06030 -0.99814 -0.00869
vn -0.06114 -0.96270 -0.26358
vn -0.06344 -0.86409 -0.49932
vn -0.06664 -0.72087 -0.68985
vn -0.07002 -0.55214 -0.83081
vn -0.07294 -0.37151 -0.92556
vn -0.07489 -0.18645 -0.97961
vn -0.07558 -0.00019 -0.99714
vn -0.07491 0.18607 -0.97968
vn -0.07296 0.37115 -0.92570
vn -0.07005 0.55183 -0.83101
vn -0.06667 0.72062 -0.69012
vn -0.06347 0.86390 -0.49964
vn -0.06115 0.96260 -0.26394
vn -0.06026 0.99814 -0.00899
vn -0.05807 0.99827 -0.00900
vn -0.05980 0.97734 0.20303
vn -0.06364 0.88690 0.45755
vn -0.06767 0.73213 0.67780
vn -0.07072 0.53790 0.84004
vn -0.07240 0.33526 0.93934
vn -0.07288 0.14201 0.98718
vn -0.07291 0.00013 0.99734
vn -0.07305 -0.14169 0.98721
vn -0.07250 -0.33490 0.93946
vn -0.07081 -0.53755 0.84025
vn -0.06774 -0.73184 0.67810
vn -0.06368 -0.88671 0.45791
vn -0.05973 -0.97727 0.20339
vn -0.05819 -0.99827 -0.00871
vn -0.05894 -0.96268 -0.26413
vn -0.06115 -0.86376 -0.50017
vn -0.06423 -0.72027 -0.69071
vn -0.06749 -0.55144 -0.83148
vn -0.07031 -0.37091 -0.92600
vn -0.07221 -0.18611 -0.97987
vn -0.07288 -0.00019 -0.99734
vn -0.07224 0.18574 -0.97994
vn -0.07037 0.37056 -0.92614
vn -0.06757 0.55113 -0.83168
vn -0.06431 0.72002 -0.69097
vn -0.06122 0.86358 -0.50048
vn -0.05898 0.96259 -0.26447
vn -0.05807 0.99827 -0.00900
vn -0.05371 0.99852 -0.00901
vn -0.05539 0.97751 0.20348
vn -0.05891 0.88678 0.45842
vn -0.06262 0.73169 0.67875
vn -0.06544 0.53733 0.84083
vn -0.06699 0.33478 0.93991
vn -0.06741 0.14178 0.98760
vn -0.06751 0.00012 0.99772
vn -0.06770 -0.14148 0.98762
vn -0.06715 -0.33445 0.94002
vn -0.06559 -0.53700 0.84103
vn -0.06275 -0.73142 0.67903
vn -0.05897 -0.88661 0.45875
vn -0.05527 -0.97745 0.20381
vn -0.05391 -0.99851 -0.00874
vn -0.05455 -0.96279 -0.26470
vn -0.05659 -0.86356 -0.50106
vn -0.05943 -0.71979 -0.69164
vn -0.06246 -0.55085 -0.83226
vn -0.06507 -0.37040 -0.92659
vn -0.06684 -0.18581 -0.98031
vn -0.06748 -0.00017 -0.99772
vn -0.06690 0.18547 -0.98037
vn -0.06518 0.37008 -0.92671
vn -0.06259 0.55056 -0.83244
vn -0.05957 0.71955 -0.69188
vn -0.05671 0.86339 -0.50135
vn -0.05462 0.96270 -0.26502
vn -0.05371 0.99852 -0.00901
vn -0.04719 0.99885 -0.00902
vn -0.04876 0.97777 0.20392
vn -0.05180 0.88679 0.45927
vn -0.05505 0.73139 0.67973
vn -0.05752 0.53688 0.84169
vn -0.05888 0.33440 0.94059
vn -0.05922 0.14159 0.98815
vn -0.05938 0.00010 0.99824
vn -0.05962 -0.14132 0.98817
vn -0.05912 -0.33410 0.94068
vn -0.05773 -0.53659 0.84186
vn -0.05523 -0.73115 0.67998
vn -0.05189 -0.88663 0.45956
vn -0.04858 -0.97772 0.20422
vn -0.04747 -0.99883 -0.00877
vn -0.04796 -0.96299 -0.26525
vn -0.04974 -0.86347 -0.50194
vn -0.05224 -0.71945 -0.69258
vn -0.05490 -0.55039 -0.83310
vn -0.05721 -0.36998 -0.92728
vn -0.05878 -0.18556 -0.98087
vn -0.05936 -0.00015 -0.99824
vn -0.05886 0.18526 -0.98092
vn -0.05736 0.36970 -0.92738
vn -0.05509 0.55013 -0.83326
vn -0.05244 0.71923 -0.69279
vn -0.04991 0.86332 -0.50219
vn -0.04806 0.96290 -0.26553
vn -0.04719 0.99885 -0.00902
vn -0.03849 0.99922 -0.00901
vn -0.03988 0.97809 0.20433
vn -0.04232 0.88688 0.46006
vn -0.04495 0.73122 0.68066
vn -0.04696 0.53656 0.84255
vn -0.04807 0.33411 0.94131
vn -0.04831 0.14143 0.98877
vn -0.04853 0.00009 0.99882
vn -0.04882 -0.14121 0.98877
vn -0.04837 -0.33387 0.94138
vn -0.04723 -0.53633 0.84269
vn -0.04518 -0.73102 0.68086
vn -0.04243 -0.88675 0.46030
vn -0.03966 -0.97805 0.20458
vn -0.03885 -0.99921 -0.00881
vn -0.03917 -0.96324 -0.26576
vn -0.04061 -0.86348 -0.50275
vn -0.04264 -0.71922 -0.69347
vn -0.04482 -0.55005 -0.83393
vn -0.04672 -0.36966 -0.92799
vn -0.04802 -0.18536 -0.98150
vn -0.04851 -0.00012 -0.99882
vn -0.04812 0.18512 -0.98154
vn -0.04691 0.36943 -0.92807
vn -0.04507 0.54984 -0.83405
vn -0.04290 0.71904 -0.69364
vn -0.04082 0.86335 -0.50295
vn -0.03929 0.96317 -0.26599
vn -0.03849 0.99922 -0.00901
vn -0.02762 0.99958 -0.00900
vn -0.02877 0.97841 0.20468
vn -0.03044 0.88702 0.46073
vn -0.03231 0.73114 0.68146
vn -0.03374 0.53636 0.84332
vn -0.03453 0.33391 0.94197
vn -0.03465 0.14132 0.98936
vn -0.03495 0.00006 0.99939
vn -0.03529 -0.14116 0.98936
vn -0.03490 -0.33373 0.94202
vn -0.03408 -0.53618 0.84341
vn -0.03259 -0.73099 0.68161
vn -0.03058 -0.88692 0.46090
vn -0.02849 -0.97838 0.20486
vn -0.02806 -0.99957 -0.00885
vn -0.02817 -0.96351 -0.26619
vn -0.02918 -0.86354 -0.50343
vn -0.03064 -0.71910 -0.69424
vn -0.03221 -0.54983 -0.83466
vn -0.03359 -0.36944 -0.92865
vn -0.03455 -0.18522 -0.98209
vn -0.03493 -0.00009 -0.99939
vn -0.03468 0.18504 -0.98212
vn -0.03383 0.36927 -0.92871
vn -0.03251 0.54967 -0.83475
vn -0.03095 0.71897 -0.69436
vn -0.02944 0.86345 -0.50358
vn -0.02832 0.96346 -0.26635
vn -0.02762 0.99958 -0.00900
vn -0.01457 0.99985 -0.00897
vn -0.01542 0.97865 0.20493
vn -0.01617 0.88714 0.46121
vn -0.01712 0.73112 0.68204
vn -0.01786 0.53624 0.84388
vn -0.01828 0.33378 0.94247
vn -0.01825 0.14123 0.98981
vn -0.01862 0.00003 0.99983
vn -0.01900 -0.14115 0.98981
vn -0.01871 -0.33368 0.94250
vn -0.01826 -0.53615 0.84393
vn -0.01745 -0.73104 0.68211
vn -0.01633 -0.88709 0.46130
vn -0.01509 -0.97864 0.20503
vn -0.01509 -0.99985 -0.00890
vn -0.01496 -0.96372 -0.26650
vn -0.01546 -0.86362 -0.50391
vn -0.01622 -0.71904 -0.69478
vn -0.01706 -0.54970 -0.83519
vn -0.01782 -0.36931 -0.92914
vn -0.01836 -0.18512 -0.98254
vn -0.01861 -0.00005 -0.99983
vn -0.01851 0.18502 -0.98256
vn -0.01810 0.36921 -0.92917
vn -0.01742 0.54962 -0.83523
vn -0.01659 0.71897 -0.69484
vn -0.01577 0.86356 -0.50399
vn -0.01513 0.96369 -0.26658
vn -0.01457 0.99985 -0.00897
vn -0.01498 0.99985 -0.00898
vn -0.01462 0.97865 0.20500
vn -0.01499 0.88710 0.46134
vn -0.01502 0.73103 0.68218
vn -0.01480 0.53614 0.84400
vn -0.01448 0.33369 0.94257
vn -0.01427 0.14119 0.98988
vn -0.01401 0.00002 0.99990
vn -0.01404 -0.14112 0.98989
vn -0.01452 -0.33362 0.94260
vn -0.01494 -0.53606 0.84405
vn -0.01523 -0.73096 0.68225
vn -0.01526 -0.88705 0.46142
vn -0.01518 -0.97863 0.20509
vn -0.01447 -0.99986 -0.00890
vn -0.01462 -0.96370 -0.26658
vn -0.01445 -0.86356 -0.50405
vn -0.01426 -0.71894 -0.69492
vn -0.01411 -0.54959 -0.83531
vn -0.01402 -0.36921 -0.92924
vn -0.01399 -0.18506 -0.98263
vn -0.01401 -0.00004 -0.99990
vn -0.01406 0.18499 -0.98264
vn -0.01415 0.36914 -0.92926
vn -0.01428 0.54953 -0.83535
vn -0.01444 0.71889 -0.69498
vn -0.01460 0.86351 -0.50412
vn -0.01471 0.96368 -0.26667
vn -0.01498 0.99985 -0.00898
vn -0.04238 0.99906 -0.00904
vn -0.04120 0.97794 0.20479
vn -0.04158 0.88645 0.46095
vn -0.04067 0.73053 0.68167
vn -0.03902 0.53582 0.84343
vn -0.03727 0.33353 0.94200
vn -0.03622 0.14115 0.98933
vn -0.03508 0.00006 0.99938
vn -0.03503 -0.14099 0.98939
vn -0.03690 -0.33334 0.94208
vn -0.03888 -0.53562 0.84356
vn -0.04073 -0.73035 0.68185
vn -0.04193 -0.88632 0.46117
vn -0.04257 -0.97783 0.20502
vn -0.04090 -0.99912 -0.00882
vn -0.04122 -0.96300 -0.26632
vn -0.04009 -0.86297 -0.50366
vn -0.03863 -0.71850 -0.69445
vn -0.03720 -0.54929 -0.83480
vn -0.03606 -0.36904 -0.92871
vn -0.03533 -0.18500 -0.98210
vn -0.03508 -0.00009 -0.99938
vn -0.03531 0.18482 -0.98214
vn -0.03603 0.36886 -0.92879
vn -0.03716 0.54912 -0.83492
vn -0.03859 0.71835 -0.69461
vn -0.04006 0.86285 -0.50387
vn -0.04120 0.96294 -0.26657
vn -0.04238 0.99906 -0.00904
vn -0.07958 0.99679 -0.00912
vn -0.07881 0.97574 0.20424
vn -0.07901 0.88448 0.45983
vn -0.07714 0.72900 0.68015
vn -0.07392 0.53481 0.84173
vn -0.07051 0.33299 0.94029
vn -0.06810 0.14098 0.98767
vn -0.06655 0.00012 0.99778
vn -0.06705 -0.14067 0.98778
vn -0.07018 -0.33264 0.94044
vn -0.07379 -0.53444 0.84198
vn -0.07719 -0.72867 0.68050
vn -0.07931 -0.88423 0.46026
vn -0.08000 -0.97556 0.20467
vn -0.07830 -0.99689 -0.00871
vn -0.07814 -0.96090 -0.26564
vn -0.07600 -0.86120 -0.50255
vn -0.07324 -0.71715 -0.69306
vn -0.07054 -0.54834 -0.83327
vn -0.06838 -0.36847 -0.92712
vn -0.06702 -0.18477 -0.98049
vn -0.06655 -0.00017 -0.99778
vn -0.06700 0.18442 -0.98056
vn -0.06835 0.36813 -0.92726
vn -0.07050 0.54802 -0.83349
vn -0.07320 0.71685 -0.69337
vn -0.07597 0.86098 -0.50294
vn -0.07812 0.96077 -0.26611
vn -0.07958 0.99679 -0.00912
vn -0.11156 0.99372 -0.00918
vn -0.11115 0.97274 0.20354
vn -0.11119 0.88178 0.45837
vn -0.10851 0.72689 0.67813
vn -0.10396 0.53340 0.83945
vn -0.09912 0.33221 0.93798
vn -0.09555 0.14071 0.98543
vn -0.09367 0.00017 0.99560
vn -0.09466 -0.14026 0.98558
vn -0.09884 -0.33171 0.93819
vn -0.10385 -0.53288 0.83980
vn -0.10854 -0.72642 0.67863
vn -0.11144 -0.88143 0.45898
vn -0.11216 -0.97249 0.20416
vn -0.11046 -0.99384 -0.00860
vn -0.10989 -0.95803 -0.26478
vn -0.10690 -0.85877 -0.50109
vn -0.10303 -0.71526 -0.69122
vn -0.09925 -0.54701 -0.83122
vn -0.09623 -0.36764 -0.92497
vn -0.09432 -0.18441 -0.97831
vn -0.09367 -0.00024 -0.99560
vn -0.09431 0.18392 -0.97841
vn -0.09620 0.36716 -0.92517
vn -0.09921 0.54655 -0.83153
vn -0.10299 0.71485 -0.69165
vn -0.10686 0.85845 -0.50165
vn -0.10987 0.95785 -0.26544
vn -0.11156 0.99372 -0.00918
vn -0.13834 0.99034 -0.00922
vn -0.13827 0.96941 0.20280
vn -0.13816 0.87878 0.45680
vn -0.13481 0.72453 0.67594
vn -0.12917 0.53181 0.83696
vn -0.12315 0.33133 0.93544
vn -0.11861 0.14039 0.98297
vn -0.11646 0.00021 0.99320
vn -0.11787 -0.13983 0.98314
vn -0.12291 -0.33069 0.93570
vn -0.12906 -0.53115 0.83739
vn -0.13483 -0.72394 0.67656
vn -0.13837 -0.87834 0.45757
vn -0.13910 -0.96913 0.20357
vn -0.13744 -0.99047 -0.00849
vn -0.13650 -0.95485 -0.26386
vn -0.13281 -0.85607 -0.49951
vn -0.12803 -0.71316 -0.68921
vn -0.12336 -0.54552 -0.82897
vn -0.11963 -0.36671 -0.92261
vn -0.11727 -0.18398 -0.97591
vn -0.11646 -0.00031 -0.99320
vn -0.11725 0.18337 -0.97603
vn -0.11960 0.36610 -0.92286
vn -0.12332 0.54494 -0.82936
vn -0.12798 0.71264 -0.68976
vn -0.13277 0.85566 -0.50021
vn -0.13648 0.95463 -0.26469
vn -0.13834 0.99034 -0.00922
vn -0.16002 0.98707 -0.00926
vn -0.16025 0.96617 0.20209
vn -0.16001 0.87584 0.45529
vn -0.15612 0.72221 0.67383
vn -0.14960 0.53023 0.83455
vn -0.14265 0.33044 0.93298
vn -0.13733 0.14007 0.98057
vn -0.13498 0.00024 0.99085
vn -0.13673 -0.13941 0.98075
vn -0.14245 -0.32969 0.93328
vn -0.14951 -0.52947 0.83505
vn -0.15613 -0.72152 0.67456
vn -0.16017 -0.87534 0.45620
vn -0.16091 -0.96587 0.20301
vn -0.15930 -0.98719 -0.00840
vn -0.15806 -0.95176 -0.26299
vn -0.15381 -0.85343 -0.49800
vn -0.14830 -0.71109 -0.68728
vn -0.14293 -0.54403 -0.82680
vn -0.13863 -0.36577 -0.92032
vn -0.13590 -0.18355 -0.97357
vn -0.13497 -0.00036 -0.99085
vn -0.13589 0.18284 -0.97371
vn -0.13860 0.36507 -0.92061
vn -0.14289 0.54336 -0.82725
vn -0.14826 0.71048 -0.68792
vn -0.15377 0.85295 -0.49883
vn -0.15804 0.95150 -0.26397
vn -0.16002 0.98707 -0.00926
vn -0.17671 0.98422 -0.00929
vn -0.17720 0.96333 0.20150
vn -0.17686 0.87327 0.45401
vn -0.17256 0.72016 0.67201
vn -0.16537 0.52883 0.83246
vn -0.15770 0.32964 0.93084
vn -0.15177 0.13977 0.97848
vn -0.14929 0.00027 0.98879
vn -0.15132 -0.13903 0.97866
vn -0.15754 -0.32881 0.93116
vn -0.16529 -0.52797 0.83302
vn -0.17255 -0.71939 0.67284
vn -0.17697 -0.87272 0.45502
vn -0.17770 -0.96302 0.20253
vn -0.17618 -0.98432 -0.00833
vn -0.17468 -0.94906 -0.26225
vn -0.17001 -0.85110 -0.49671
vn -0.16395 -0.70926 -0.68562
vn -0.15804 -0.54271 -0.82492
vn -0.15330 -0.36493 -0.91833
vn -0.15031 -0.18316 -0.97152
vn -0.14928 -0.00040 -0.98879
vn -0.15029 0.18236 -0.97168
vn -0.15327 0.36414 -0.91865
vn -0.15799 0.54195 -0.82542
vn -0.16391 0.70858 -0.68633
vn -0.16997 0.85057 -0.49763
vn -0.17466 0.94876 -0.26334
vn -0.17671 0.98422 -0.00929
vn -0.18851 0.98203 -0.00931
vn -0.18925 0.96113 0.20105
vn -0.18881 0.87126 0.45305
vn -0.18421 0.71854 0.67064
vn -0.17656 0.52771 0.83087
vn -0.16839 0.32900 0.92920
vn -0.16201 0.13953 0.97687
vn -0.15945 0.00030 0.98721
vn -0.16170 -0.13873 0.97704
vn -0.16826 -0.32809 0.92954
vn -0.17648 -0.52678 0.83148
vn -0.18419 -0.71771 0.67154
vn -0.18888 -0.87068 0.45415
vn -0.18958 -0.96083 0.20217
vn -0.18816 -0.98210 -0.00827
vn -0.18647 -0.94696 -0.26170
vn -0.18149 -0.84929 -0.49575
vn -0.17505 -0.70781 -0.68437
vn -0.16876 -0.54165 -0.82349
vn -0.16373 -0.36425 -0.91680
vn -0.16054 -0.18285 -0.96995
vn -0.15945 -0.00044 -0.98721
vn -0.16052 0.18198 -0.97011
vn -0.16370 0.36340 -0.91714
vn -0.16872 0.54083 -0.82404
vn -0.17501 0.70707 -0.68514
vn -0.18146 0.84871 -0.49675
vn -0.18644 0.94664 -0.26288
vn -0.18851 0.98203 -0.00931
vn -0.19553 0.98065 -0.00933
vn -0.19647 0.95973 0.20079
vn -0.19595 0.86998 0.45249
vn -0.19117 0.71749 0.66983
vn -0.18324 0.52696 0.82990
vn -0.17476 0.32856 0.92817
vn -0.16811 0.13936 0.97587
vn -0.16553 0.00031 0.98620
vn -0.16794 -0.13851 0.97602
vn -0.17468 -0.32760 0.92853
vn -0.18317 -0.52598 0.83054
vn -0.19114 -0.71661 0.67077
vn -0.19598 -0.86936 0.45365
vn -0.19664 -0.95945 0.20198
vn -0.19536 -0.98070 -0.00824
vn -0.19350 -0.94564 -0.26139
vn -0.18836 -0.84812 -0.49519
vn -0.18169 -0.70685 -0.68363
vn -0.17517 -0.54093 -0.82262
vn -0.16996 -0.36378 -0.91585
vn -0.16666 -0.18262 -0.96896
vn -0.16553 -0.00046 -0.98620
vn -0.16664 0.18171 -0.96913
vn -0.16993 0.36288 -0.91621
vn -0.17513 0.54007 -0.82320
vn -0.18164 0.70608 -0.68444
vn -0.18832 0.84751 -0.49624
vn -0.19348 0.94530 -0.26263
vn -0.19553 0.98065 -0.00933
vn -0.19781 0.98019 -0.00934
vn -0.19893 0.95923 0.20074
vn -0.19834 0.86949 0.45237
vn -0.19349 0.71705 0.66963
vn -0.18545 0.52662 0.82962
vn -0.17687 0.32835 0.92785
vn -0.17009 0.13928 0.97554
vn -0.16756 0.00032 0.98586
vn -0.17006 -0.13840 0.97566
vn -0.17683 -0.32736 0.92821
vn -0.18541 -0.52561 0.83027
vn -0.19346 -0.71615 0.67060
vn -0.19833 -0.86887 0.45357
vn -0.19894 -0.95897 0.20197
vn -0.19782 -0.98020 -0.00822
vn -0.19585 -0.94517 -0.26133
vn -0.19064 -0.84767 -0.49508
vn -0.18389 -0.70645 -0.68345
vn -0.17730 -0.54061 -0.82238
vn -0.17203 -0.36355 -0.91555
vn -0.16870 -0.18251 -0.96862
vn -0.16756 -0.00047 -0.98586
vn -0.16868 0.18157 -0.96880
vn -0.17201 0.36263 -0.91592
vn -0.17727 0.53972 -0.82297
vn -0.18386 0.70566 -0.68429
vn -0.19061 0.84705 -0.49616
vn -0.19583 0.94482 -0.26260
vn -0.19781 0.98019 -0.00934
vn -0.19538 0.98068 -0.00935
vn -0.19666 0.95967 0.20090
vn -0.19601 0.86985 0.45271
vn -0.19119 0.71726 0.67006
vn -0.18323 0.52672 0.83006
vn -0.17473 0.32837 0.92825
vn -0.16798 0.13929 0.97590
vn -0.16555 0.00032 0.98620
vn -0.16810 -0.13840 0.97601
vn -0.17473 -0.32738 0.92860
vn -0.18320 -0.52570 0.83071
vn -0.19115 -0.71636 0.67103
vn -0.19596 -0.86923 0.45392
vn -0.19650 -0.95944 0.20214
vn -0.19556 -0.98066 -0.00823
vn -0.19352 -0.94559 -0.26154
vn -0.18837 -0.84798 -0.49543
vn -0.18169 -0.70663 -0.68386
vn -0.17518 -0.54068 -0.82278
vn -0.16997 -0.36358 -0.91593
vn -0.16667 -0.18251 -0.96897
vn -0.16555 -0.00047 -0.98620
vn -0.16666 0.18157 -0.96915
vn -0.16995 0.36265 -0.91630
vn -0.17515 0.53979 -0.82338
vn -0.18166 0.70583 -0.68470
vn -0.18834 0.84735 -0.49652
vn -0.19351 0.94524 -0.26282
vn -0.19538 0.98068 -0.00935
vn -0.18821 0.98208 -0.00935
vn -0.18962 0.96101 0.20127
vn -0.18893 0.87100 0.45349
vn -0.18425 0.71810 0.67110
vn -0.17654 0.52722 0.83118
vn -0.16832 0.32863 0.92934
vn -0.16176 0.13937 0.97694
vn -0.15949 0.00031 0.98720
vn -0.16202 -0.13851 0.97702
vn -0.16837 -0.32766 0.92967
vn -0.17654 -0.52623 0.83182
vn -0.18421 -0.71722 0.67206
vn -0.18884 -0.87041 0.45468
vn -0.18930 -0.96081 0.20248
vn -0.18856 -0.98203 -0.00825
vn -0.18650 -0.94687 -0.26200
vn -0.18152 -0.84900 -0.49623
vn -0.17507 -0.70736 -0.68483
vn -0.16877 -0.54115 -0.82381
vn -0.16375 -0.36384 -0.91696
vn -0.16057 -0.18263 -0.96998
vn -0.15949 -0.00046 -0.98720
vn -0.16056 0.18171 -0.97016
vn -0.16373 0.36293 -0.91732
vn -0.16875 0.54028 -0.82439
vn -0.17504 0.70657 -0.68565
vn -0.18149 0.84839 -0.49729
vn -0.18649 0.94653 -0.26325
vn -0.18821 0.98208 -0.00935
vn -0.17624 0.98430 -0.00935
vn -0.17776 0.96316 0.20182
vn -0.17704 0.87289 0.45467
vn -0.17262 0.71950 0.67269
vn -0.16535 0.52811 0.83292
vn -0.15761 0.32909 0.93105
vn -0.15138 0.13954 0.97858
vn -0.14934 0.00030 0.98879
vn -0.15180 -0.13871 0.97863
vn -0.15771 -0.32817 0.93136
vn -0.16536 -0.52716 0.83352
vn -0.17257 -0.71867 0.67360
vn -0.17691 -0.87232 0.45580
vn -0.17728 -0.96300 0.20298
vn -0.17678 -0.98422 -0.00830
vn -0.17473 -0.94893 -0.26270
vn -0.17004 -0.85068 -0.49742
vn -0.16397 -0.70859 -0.68631
vn -0.15805 -0.54197 -0.82540
vn -0.15333 -0.36432 -0.91856
vn -0.15035 -0.18284 -0.97158
vn -0.14933 -0.00044 -0.98879
vn -0.15035 0.18197 -0.97174
vn -0.15332 0.36346 -0.91891
vn -0.15804 0.54114 -0.82595
vn -0.16395 0.70784 -0.68708
vn -0.17002 0.85010 -0.49842
vn -0.17472 0.94860 -0.26388
vn -0.17624 0.98430 -0.00935
vn -0.15938 0.98717 -0.00934
vn -0.16099 0.96595 0.20252
vn -0.16025 0.87535 0.45616
vn -0.15620 0.72136 0.67472
vn -0.14957 0.52929 0.83515
vn -0.14252 0.32972 0.93326
vn -0.13680 0.13976 0.98069
vn -0.13504 0.00027 0.99084
vn -0.13737 -0.13900 0.98072
vn -0.14267 -0.32887 0.93354
vn -0.14961 -0.52842 0.83570
vn -0.15615 -0.72059 0.67555
vn -0.16008 -0.87484 0.45720
vn -0.16034 -0.96584 0.20360
vn -0.16010 -0.98706 -0.00837
vn -0.15812 -0.95159 -0.26358
vn -0.15385 -0.85288 -0.49893
vn -0.14832 -0.71022 -0.68818
vn -0.14295 -0.54307 -0.82743
vn -0.13866 -0.36498 -0.92063
vn -0.13596 -0.18313 -0.97364
vn -0.13504 -0.00040 -0.99084
vn -0.13596 0.18233 -0.97379
vn -0.13866 0.36419 -0.92094
vn -0.14295 0.54231 -0.82793
vn -0.14832 0.70954 -0.68888
vn -0.15384 0.85234 -0.49985
vn -0.15812 0.95129 -0.26467
vn -0.15938 0.98717 -0.00934
vn -0.13753 0.99045 -0.00931
vn -0.13919 0.96917 0.20333
vn -0.13845 0.87818 0.45786
vn -0.13490 0.72349 0.67702
vn -0.12912 0.53066 0.83769
vn -0.12297 0.33045 0.93578
vn -0.11794 0.14001 0.98310
vn -0.11653 0.00024 0.99319
vn -0.11866 -0.13934 0.98311
vn -0.12318 -0.32970 0.93601
vn -0.12919 -0.52990 0.83816
vn -0.13485 -0.72282 0.67775
vn -0.13824 -0.87774 0.45877
vn -0.13836 -0.96909 0.20427
vn -0.13843 -0.99034 -0.00847
vn -0.13657 -0.95465 -0.26458
vn -0.13284 -0.85541 -0.50063
vn -0.12805 -0.71211 -0.69030
vn -0.12338 -0.54435 -0.82973
vn -0.11966 -0.36575 -0.92299
vn -0.11732 -0.18347 -0.97600
vn -0.11653 -0.00035 -0.99319
vn -0.11733 0.18277 -0.97613
vn -0.11967 0.36506 -0.92326
vn -0.12339 0.54369 -0.83017
vn -0.12806 0.71151 -0.69091
vn -0.13285 0.85493 -0.50144
vn -0.13657 0.95438 -0.26553
vn -0.13753 0.99045 -0.00931
vn -0.11055 0.99383 -0.00926
vn -0.11225 0.97248 0.20417
vn -0.11152 0.88109 0.45961
vn -0.10860 0.72570 0.67939
vn -0.10390 0.53208 0.84030
vn -0.09890 0.33120 0.93836
vn -0.09473 0.14026 0.98557
vn -0.09374 0.00019 0.99560
vn -0.09561 -0.13972 0.98557
vn -0.09916 -0.33059 0.93855
vn -0.10399 -0.53145 0.84068
vn -0.10855 -0.72515 0.67998
vn -0.11127 -0.88074 0.46035
vn -0.11124 -0.97243 0.20494
vn -0.11165 -0.99371 -0.00858
vn -0.10995 -0.95779 -0.26561
vn -0.10693 -0.85801 -0.50239
vn -0.10304 -0.71405 -0.69247
vn -0.09927 -0.54568 -0.83210
vn -0.09626 -0.36654 -0.92541
vn -0.09437 -0.18381 -0.97842
vn -0.09373 -0.00029 -0.99560
vn -0.09438 0.18324 -0.97853
vn -0.09628 0.36598 -0.92563
vn -0.09929 0.54513 -0.83245
vn -0.10307 0.71356 -0.69297
vn -0.10695 0.85762 -0.50304
vn -0.10996 0.95757 -0.26639
vn -0.11055 0.99383 -0.00926
vn -0.07837 0.99688 -0.00919
vn -0.08007 0.97549 0.20495
vn -0.07937 0.88373 0.46121
vn -0.07723 0.72769 0.68154
vn -0.07384 0.53335 0.84267
vn -0.07022 0.33187 0.94071
vn -0.06711 0.14047 0.98781
vn -0.06660 0.00014 0.99778
vn -0.06815 -0.14008 0.98779
vn -0.07054 -0.33143 0.94084
vn -0.07396 -0.53290 0.84294
vn -0.07718 -0.72730 0.68197
vn -0.07907 -0.88348 0.46174
vn -0.07888 -0.97547 0.20551
vn -0.07966 -0.99678 -0.00870
vn -0.07818 -0.96064 -0.26658
vn -0.07602 -0.86036 -0.50399
vn -0.07324 -0.71580 -0.69445
vn -0.07054 -0.54686 -0.83424
vn -0.06840 -0.36724 -0.92761
vn -0.06705 -0.18410 -0.98062
vn -0.06660 -0.00020 -0.99778
vn -0.06707 0.18369 -0.98069
vn -0.06843 0.36684 -0.92776
vn -0.07058 0.54648 -0.83450
vn -0.07328 0.71545 -0.69481
vn -0.07605 0.86008 -0.50446
vn -0.07820 0.96048 -0.26713
vn -0.07837 0.99688 -0.00919
vn -0.04094 0.99912 -0.00910
vn -0.04261 0.97771 0.20558
vn -0.04196 0.88566 0.46243
vn -0.04075 0.72913 0.68316
vn -0.03890 0.53425 0.84443
vn -0.03693 0.33232 0.94244
vn -0.03506 0.14060 0.98945
vn -0.03511 0.00007 0.99938
vn -0.03625 -0.14039 0.98943
vn -0.03730 -0.33209 0.94251
vn -0.03904 -0.53401 0.84458
vn -0.04070 -0.72892 0.68339
vn -0.04162 -0.88553 0.46271
vn -0.04125 -0.97771 0.20587
vn -0.04242 -0.99906 -0.00884
vn -0.04124 -0.96272 -0.26733
vn -0.04009 -0.86207 -0.50520
vn -0.03861 -0.71707 -0.69593
vn -0.03718 -0.54771 -0.83584
vn -0.03605 -0.36773 -0.92923
vn -0.03535 -0.18428 -0.98224
vn -0.03511 -0.00011 -0.99938
vn -0.03537 0.18406 -0.98228
vn -0.03609 0.36752 -0.92932
vn -0.03723 0.54751 -0.83597
vn -0.03866 0.71688 -0.69612
vn -0.04013 0.86192 -0.50545
vn -0.04126 0.96264 -0.26762
vn -0.04094 0.99912 -0.00910
vn -0.02069 0.99976 -0.00758
vn -0.07067 0.97521 0.20968
vn -0.13588 0.87623 0.46234
vn -0.16482 0.71873 0.67547
vn -0.14764 0.53013 0.83497
vn -0.09564 0.33422 0.93763
vn -0.03388 0.14458 0.98891
vn -0.01670 -0.00097 0.99986
vn -0.05903 -0.14332 0.98791
vn -0.11932 -0.33301 0.93534
vn -0.15718 -0.52888 0.83402
vn -0.15485 -0.71950 0.67701
vn -0.10900 -0.87893 0.46432
vn -0.04050 -0.97652 0.21159
vn -0.01125 -0.99990 -0.00894
vn -0.01072 -0.96345 -0.26766
vn -0.01042 -0.86265 -0.50569
vn -0.01004 -0.71748 -0.69650
vn -0.00966 -0.54797 -0.83644
vn -0.00937 -0.36786 -0.92983
vn -0.00919 -0.18430 -0.98283
vn -0.00913 -0.00003 -0.99996
vn -0.00920 0.18424 -0.98284
vn -0.00939 0.36780 -0.92986
vn -0.00969 0.54792 -0.83648
vn -0.01006 0.71743 -0.69655
vn -0.01044 0.86261 -0.50576
vn -0.01074 0.96343 -0.26774
vn -0.02069 0.99976 -0.00758
vn 0.00000 0.99889 -0.04709
vn -0.06123 0.98099 0.18414
vn -0.19469 0.88136 0.43046
vn -0.27987 0.72382 0.63068
vn -0.28639 0.54790 0.78600
vn -0.22000 0.36829 0.90330
vn -0.10711 0.18599 0.97670
vn -0.01569 0.02272 0.99962
vn -0.05080 -0.12549 0.99079
vn -0.16983 -0.30845 0.93596
vn -0.26408 -0.48883 0.83145
vn -0.29480 -0.66460 0.68659
vn -0.24597 -0.82959 0.50128
vn -0.12744 -0.95456 0.26940
vn -0.01972 -0.99929 0.03196
vn 0.00000 -0.97452 -0.22430
vn 0.00000 -0.88323 -0.46894
vn 0.00000 -0.74396 -0.66823
vn 0.00000 -0.57734 -0.81650
vn 0.00000 -0.39834 -0.91724
vn 0.00000 -0.21507 -0.97660
vn 0.00000 -0.03084 -0.99952
vn 0.00000 0.15346 -0.98815
vn 0.00000 0.33726 -0.94141
vn 0.00000 0.51830 -0.85520
vn 0.00000 0.69036 -0.72346
vn 0.00000 0.84088 -0.54122
vn 0.00000 0.95065 -0.31027
vn 0.00000 0.99889 -0.04709
f 1/1/1 30/30/30 31/31/31
f 1/1/1 31/31/31 2/2/2
f 2/2/2 31/31/31 32/32/32
f 2/2/2 32/32/32 3/3/3
f 3/3/3 32/32/32 33/33/33
f 3/3/3 33/33/33 4/4/4
f 4/4/4 33/33/33 34/34/34
f 4/4/4 34/34/34 5/5/5
f 5/5/5 34/34/34 35/35/35
f 5/5/5 35/35/35 6/6/6
f 6/6/6 35/35/35 36/36/36
f 6/6/6 36/36/36 7/7/7
f 7/7/7 36/36/36 37/37/37
f 7/7/7 37/37/37 8/8/8
f 8/8/8 37/37/37 38/38/38
f 8/8/8 38/38/38 9/9/9
f 9/9/9 38/38/38 39/39/39
f 9/9/9 39/39/39 10/10/10
f 10/10/10 39/39/39 40/40/40
f 10/10/10 40/40/40 11/11/11
f 11/11/11 40/40/40 41/41/41
f 11/11/11 41/41/41 12/12/12
f 12/12/12 41/41/41 42/42/42
f 12/12/12 42/42/42 13/13/13
f 13/13/13 42/42/42 43/43/43
f 13/13/13 43/43/43 14/14/14
f 14/14/14 43/43/43 44/44/44
f 14/14/14 44/44/44 15/15/15
f 15/15/15 44/44/44 45/45/45
f 15/15/15 45/45/45 16/16/16
f 16/16/16 45/45/45 46/46/46
f 16/16/16 46/46/46 17/17/17
f 17/17/17 46/46/46 47/47/47
f 17/17/17 47/47/47 18/18/18
f 18/18/18 47/47/47 48/48/48
f 18/18/18 48/48/48 19/19/19
f 19/19/19 48/48/48 49/49/49
f 19/19/19 49/49/49 20/20/20
f 20/20/20 49/49/49 50/50/50
f 20/20/20 50/50/50 21/21/21
f 21/21/21 50/50/50 51/51/51
f 21/21/21 51/51/51 22/22/22
f 22/22/22 51/51/51 52/52/52
f 22/22/22 52/52/52 23/23/23
f 23/23/23 52/52/52 53/53/53
f 23/23/23 53/53/53 24/24/24
f 24/24/24 53/53/53 54/54/54
f 24/24/24 54/54/54 25/25/25
f 25/25/25 54/54/54 55/55/55
f 25/25/25 55/55/55 26/26/26
f 26/26/26 55/55/55 56/56/56
f 26/26/26 56/56/56 27/27/27
f 27/27/27 56/56/56 57/57/57
f 27/27/27 57/57/57 28/28/28
f 28/28/28 57/57/57 58/58/58
f 28/28/28 58/58/58 29/29/29
f 30/30/30 59/59/59 60/60/60
f 30/30/30 60/60/60 31/31/31
f 31/31/31 60/60/60 61/61/61
f 31/31/31 61/61/61 32/32/32
f 32/32/32 61/61/61 62/62/62
f 32/32/32 62/62/62 33/33/33
f 33/33/33 62/62/62 63/63/63
f 33/33/33 63/63/63 34/34/34
f 34/34/34 63/63/63 64/64/64
f 34/34/34 64/64/64 35/35/35
f 35/35/35 64/64/64 65/65/65
f 35/35/35 65/65/65 36/36/36
f 36/36/36 65/65/65 66/66/66
f 36/36/36 66/66/66 37/37/37
f 37/37/37 66/66/66 67/67/67
f 37/37/37 67/67/67 38/38/38
f 38/38/38 67/67/67 68/68/68
f 38/38/38 68/68/68 39/39/39
f 39/39/39 68/68/68 69/69/69
f 39/39/39 69/69/69 40/40/40
f 40/40/40 69/69/69 70/70/70
f 40/40/40 70/70/70 41/41/41
f 41/41/41 70/70/70 71/71/71
f 41/41/41 71/71/71 42/42/42
f 42/42/42 71/71/71 72/72/72
f 42/42/42 72/72/72 43/43/43
f 43/43/43 72/72/72 73/73/73
f 43/43/43 73/73/73 44/44/44
f 44/44/44 73/73/73 74/74/74
f 44/44/44 74/74/74 45/45/45
f 45/45/45 74/74/74 75/75/75
f 45/45/45 75/75/75 46/46/46
f 46/46/46 75/75/75 76/76/76
f 46/46/46 76/76/76 47/47/47
f 47/47/47 76/76/76 77/77/77
f 47/47/47 77/77/77 48/48/48
f 48/48/48 77/77/77 78/78/78
f 48/48/48 78/78/78 49/49/49
f 49/49/49 78/78/78 79/79/79
f 49/49/49 79/79/79 50/50/50
f 50/50/50 79/79/79 80/80/80
f 50/50/50 80/80/80 51/51/51
f 51/51/51 80/80/80 81/81/81
f 51/51/51 81/81/81 52/52/52
f 52/52/52 81/81/81 82/82/82
f 52/52/52 82/82/82 53/53/53
f 53/53/53 82/82/82 83/83/83
f 53/53/53 83/83/83 54/54/54
f 54/54/54 83/83/83 84/84/84
f 54/54/54 84/84/84 55/55/55
f 55/55/55 84/84/84 85/85/85
f 55/55/55 85/85/85 56/56/56
f 56/56/56 85/85/85 86/86/86
f 56/56/56 86/86/86 57/57/57
f 57/57/57 86/86/86 87/87/87
f 57/57/57 87/87/87 58/58/58
f 59/59/59 88/88/88 89/89/89
f 59/59/59 89/89/89 60/60/60
f 60/60/60 89/89/89 90/90/90
f 60/60/60 90/90/90 61/61/61
f 61/61/61 90/90/90 91/91/91
f 61/61/61 91/91/91 62/62/62
f 62/62/62 91/91/91 92/92/92
f 62/62/62 92/92/92 63/63/63
f 63/63/63 92/92/92 93/93/93
f 63/63/63 93/93/93 64/64/64
f 64/64/64 93/93/93 94/94/94
f 64/64/64 94/94/94 65/65/65
f 65/65/65 94/94/94 95/95/95
f 65/65/65 95/95/95 66/66/66
f 66/66/66 95/95/95 96/96/96
f 66/66/66 96/96/96 67/67/67
f 67/67/67 96/96/96 97/97/97
f 67/67/67 97/97/97 68/68/68
f 68/68/68 97/97/97 98/98/98
f 68/68/68 98/98/98 69/69/69
f 69/69/69 98/98/98 99/99/99
f 69/69/69 99/99/99 70/70/70
f 70/70/70 99/99/99 100/100/100
f 70/70/70 100/100/100 71/71/71
f 71/71/71 100/100/100 101/101/101
f 71/71/71 101/101/101 72/72/72
f 72/72/72 101/101/101 102/102/102
f 72/72/72 102/102/102 73/73/73
f 73/73/73 102/102/102 103/103/103
f 73/73/73 103/103/103 74/74/74
f 74/74/74 103/103/103 104/104/104
f 74/74/74 104/104/104 75/75/75
f 75/75/75 104/104/104 105/105/105
f 75/75/75 105/105/105 76/76/76
f 76/76/76 105/105/105 106/106/106
f 76/76/76 106/106/106 77/77/77
f 77/77/77 106/106/106 107/107/107
f 77/77/77 107/107/107 78/78/78
f 78/78/78 107/107/107 108/108/108
f 78/78/78 108/108/108 79/79/79
f 79/79/79 108/108/108 109/109/109
f 79/79/79 109/109/109 80/80/80
f 80/80/80 109/109/109 110/110/110
f 80/80/80 110/110/110 81/81/81
f 81/81/81 110/110/110 111/111/111
f 81/81/81 111/111/111 82/82/82
f 82/82/82 111/111/111 112/112/112
f 82/82/82 112/112/112 83/83/83
f 83/83/83 112/112/112 113/113/113
f 83/83/83 113/113/113 84/84/84
f 84/84/84 113/113/113 114/114/114
f 84/84/84 114/114/114 85/85/85
f 85/85/85 114/114/114 115/115/115
f 85/85/85 115/115/115 86/86/86
f 86/86/86 115/115/115 116/116/116
f 86/86/86 116/116/116 87/87/87
f 88/88/88 117/117/117 118/118/118
f 88/88/88 118/118/118 89/89/89
f 89/89/89 118/118/118 119/119/119
f 89/89/89 119/119/119 90/90/90
f 90/90/90 119/119/119 120/120/120
f 90/90/90 120/120/120 91/91/91
f 91/91/91 120/120/120 121/121/121
f 91/91/91 121/121/121 92/92/92
f 92/92/92 121/121/121 122/122/122
f 92/92/92 122/122/122 93/93/93
f 93/93/93 122/122/122 123/123/123
f 93/93/93 123/123/123 94/94/94
f 94/94/94 123/123/123 124/124/124
f 94/94/94 124/124/124 95/95/95
f 95/95/95 124/124/124 125/125/125
f 95/95/95 125/125/125 96/96/96
f 96/96/96 125/125/125 126/126/126
f 96/96/96 126/126/126 97/97/97
f 97/97/97 126/126/126 127/127/127
f 97/97/97 127/127/127 98/98/98
f 98/98/98 127/127/127 128/128/128
f 98/98/98 128/128/128 99/99/99
f 99/99/99 128/128/128 129/129/129
f 99/99/99 129/129/129 100/100/100
f 100/100/100 129/129/129 130/130/130
f 100/100/100 130/130/130 101/101/101
f 101/101/101 130/130/130 131/131/131
f 101/101/101 131/131/131 102/102/102
f 102/102/102 131/131/131 132/132/132
f 102/102/102 132/132/132 103/103/103
f 103/103/103 132/132/132 133/133/133
f 103/103/103 133/133/133 104/104/104
f 104/104/104 133/133/133 134/134/134
f 104/104/104 134/134/134 105/105/105
f 105/105/105 134/134/134 135/135/135
f 105/105/105 135/135/135 106/106/106
f 106/106/106 135/135/135 136/136/136
f 106/106/106 136/136/136 107/107/107
f 107/107/107 136/136/136 137/137/137
f 107/107/107 137/137/137 108/108/108
f 108/108/108 137/137/137 138/138/138
f 108/108/108 138/138/138 109/109/109
f 109/109/109 138/138/138 139/139/139
f 109/109/109 139/139/139 110/110/110
f 110/110/110 139/139/139 140/140/140
f 110/110/110 140/140/140 111/111/111
f 111/111/111 140/140/140 141/141/141
f 111/111/111 141/141/141 112/112/112
f 112/112/112 141/141/141 142/142/142
f 112/112/112 142/142/142 113/113/113
f 113/113/113 142/142/142 143/143/143
f 113/113/113 143/143/143 114/114/114
f 114/114/114 143/143/143 144/144/144
f 114/114/114 144/144/144 115/115/115
f 115/115/115 144/144/144 145/145/145
f 115/115/115 145/145/145 116/116/116
f 117/117/117 146/146/146 147/147/147
f 117/117/117 147/147/147 118/118/118
f 118/118/118 147/147/147 148/148/148
f 118/118/118 148/148/148 119/119/119
f 119/119/119 148/148/148 149/149/149
f 119/119/119 149/149/149 120/120/120
f 120/120/120 149/149/149 150/150/150
f 120/120/120 150/150/150 121/121/121
f 121/121/121 150/150/150 151/151/151
f 121/121/121 151/151/151 122/122/122
f 122/122/122 151/151/151 152/152/152
f 122/122/122 152/152/152 123/123/123
f 123/123/123 152/152/152 153/153/153
f 123/123/123 153/153/153 124/124/124
f 124/124/124 153/153/153 154/154/154
f 124/124/124 154/154/154 125/125/125
f 125/125/125 154/154/154 155/155/155
f 125/125/125 155/155/155 126/126/126
f 126/126/126 155/155/155 156/156/156
f 126/126/126 156/156/156 127/127/127
f 127/127/127 156/156/156 157/157/157
f 127/127/127 157/157/157 128/128/128
f 128/128/128 157/157/157 158/158/158
f 128/128/128 158/158/158 129/129/129
f 129/129/129 158/158/158 159/159/159
f 129/129/129 159/159/159 130/130/130
f 130/130/130 159/159/159 160/160/160
f 130/130/130 160/160/160 131/131/131
f 131/131/131 160/160/160 161/161/161
f 131/131/131 161/161/161 132/132/132
f 132/132/132 161/161/161 162/162/162
f 132/132/132 162/162/162 133/133/133
f 133/133/133 162/162/162 163/163/163
f 133/133/133 163/163/163 134/134/134
f 134/134/134 163/163/163 164/164/164
f 134/134/134 164/164/164 135/135/135
f 135/135/135 164/164/164 165/165/165
f 135/135/135 165/165/165 136/136/136
f 136/136/136 165/165/165 166/166/166
f 136/136/136 166/166/166 137/137/137
f 137/137/137 166/166/166 167/167/167
f 137/137/137 167/167/167 138/138/138
f 138/138/138 167/167/167 168/168/168
f 138/138/138 168/168/168 139/139/139
f 139/139/139 168/168/168 169/169/169
f 139/139/139 169/169/169 140/140/140
f 140/140/140 169/169/169 170/170/170
f 140/140/140 170/170/170 141/141/141
f 141/141/141 170/170/170 171/171/171
f 141/141/141 171/171/171 142/142/142
f 142/142/142 171/171/171 172/172/172
f 142/142/142 172/172/172 143/143/143
f 143/143/143 172/172/172 173/173/173
f 143/143/143 173/173/173 144/144/144
f 144/144/144 173/173/173 174/174/174
f 144/144/144 174/174/174 145/145/145
f 146/146/146 175/175/175 176/176/176
f 146/146/146 176/176/176 147/147/147
f 147/147/147 176/176/176 177/177/177
f 147/147/147 177/177/177 148/148/148
f 148/148/148 177/177/177 178/178/178
f 148/148/148 178/178/178 149/149/149
f 149/149/149 178/178/178 179/179/179
f 149/149/149 179/179/179 150/150/150
f 150/150/150 179/179/179 180/180/180
f 150/150/150 180/180/180 151/151/151
f 151/151/151 180/180/180 181/181/181
f 151/151/151 181/181/181 152/152/152
f 152/152/152 181/181/181 182/182/182
f 152/152/152 182/182/182 153/153/153
f 153/153/153 182/182/182 183/183/183
f 153/153/153 183/183/183 154/154/154
f 154/154/154 183/183/183 184/184/184
f 154/154/154 184/184/184 155/155/155
f 155/155/155 184/184/184 185/185/185
f 155/155/155 185/185/185 156/156/156
f 156/156/156 185/185/185 186/186/186
f 156/156/156 186/186/186 157/157/157
f 157/157/157 186/186/186 187/187/187
f 157/157/157 187/187/187 158/158/158
f 158/158/158 187/187/187 188/188/188
f 158/158/158 188/188/188 159/159/159
f 159/159/159 188/188/188 189/189/189
f 159/159/159 189/189/189 160/160/160
f 160/160/160 189/189/189 190/190/190
f 160/160/160 190/190/190 161/161/161
f 161/161/161 190/190/190 191/191/191
f 161/161/161 191/191/191 162/162/162
f 162/162/162 191/191/191 192/192/192
f 162/162/162 192/192/192 163/163/163
f 163/163/163 192/192/192 193/193/193
f 163/163/163 193/193/193 164/164/164
f 164/164/164 193/193/193 194/194/194
f 164/164/164 194/194/194 165/165/165
f 165/165/165 194/194/194 195/195/195
f 165/165/165 195/195/195 166/166/166
f 166/166/166 195/195/195 196/196/196
f 166/166/166 196/196/196 167/167/167
f 167/167/167 196/196/196 197/197/197
f 167/167/167 197/197/197 168/168/168
f 168/168/168 197/197/197 198/198/198
f 168/168/168 198/198/198 169/169/169
f 169/169/169 198/198/198 199/199/199
f 169/169/169 199/199/199 170/170/170
f 170/170/170 199/199/199 200/200/200
f 170/170/170 200/200/200 171/171/171
f 171/171/171 200/200/200 201/201/201
f 171/171/171 201/201/201 172/172/172
f 172/172/172 201/201/201 202/202/202
f 172/172/172 202/202/202 173/173/173
f 173/173/173 202/202/202 203/203/203
f 173/173/173 203/203/203 174/174/174
f 175/175/175 204/204/204 205/205/205
f 175/175/175 205/205/205 176/176/176
f 176/176/176 205/205/205 206/206/206
f 176/176/176 206/206/206 177/177/177
f 177/177/177 206/206/206 207/207/207
f 177/177/177 207/207/207 178/178/178
f 178/178/178 207/207/207 208/208/208
f 178/178/178 208/208/208 179/179/179
f 179/179/179 208/208/208 209/209/209
f 179/179/179 209/209/209 180/180/180
f 180/180/180 209/209/209 210/210/210
f 180/180/180 210/210/210 181/181/181
f 181/181/181 210/210/210 211/211/211
f 181/181/181 211/211/211 182/182/182
f 182/182/182 211/211/211 212/212/212
f 182/182/182 212/212/212 183/183/183
f 183/183/183 212/212/212 213/213/213
f 183/183/183 213/213/213 184/184/184
f 184/184/184 213/213/213 214/214/214
f 184/184/184 214/214/214 185/185/185
f 185/185/185 214/214/214 215/215/215
f 185/185/185 215/215/215 186/186/186
f 186/186/186 215/215/215 216/216/216
f 186/186/186 216/216/216 187/187/187
f 187/187/187 216/216/216 217/217/217
f 187/187/187 217/217/217 188/188/188
f 188/188/188 217/217/217 218/218/218
f 188/188/188 218/218/218 189/189/189
f 189/189/189 218/218/218 219/219/219
f 189/189/189 219/219/219 190/190/190
f 190/190/190 219/219/219 220/220/220
f 190/190/190 220/220/220 191/191/191
f 191/191/191 220/220/220 221/221/221
f 191/191/191 221/221/221 192/192/192
f 192/192/192 221/221/221 222/222/222
f 192/192/192 222/222/222 193/193/193
f 193/193/193 222/222/222 223/223/223
f 193/193/193 223/223/223 194/194/194
f 194/194/194 223/223/223 224/224/224
f 194/194/194 224/224/224 195/195/195
f 195/195/195 224/224/224 225/225/225
f 195/195/195 225/225/225 196/196/196
f 196/196/196 225/225/225 226/226/226
f 196/196/196 226/226/226 197/197/197
f 197/197/197 226/226/226 227/227/227
f 197/197/197 227/227/227 198/198/198
f 198/198/198 227/227/227 228/228/228
f 198/198/198 228/228/228 199/199/199
f 199/199/199 228/228/228 229/229/229
f 199/199/199 229/229/229 200/200/200
f 200/200/200 229/229/229 230/230/230
f 200/200/200 230/230/230 201/201/201
f 201/201/201 230/230/230 231/231/231
f 201/201/201 231/231/231 202/202/202
f 202/202/202 231/231/231 232/232/232
f 202/202/202 232/232/232 203/203/203
f 204/204/204 233/233/233 234/234/234
f 204/204/204 234/234/234 205/205/205
f 205/205/205 234/234/234 235/235/235
f 205/205/205 235/235/235 206/206/206
f 206/206/206 235/235/235 236/236/236
f 206/206/206 236/236/236 207/207/207
f 207/207/207 236/236/236 237/237/237
f 207/207/207 237/237/237 208/208/208
f 208/208/208 237/237/237 238/238/238
f 208/208/208 238/238/238 209/209/209
f 209/209/209 238/238/238 239/239/239
f 209/209/209 239/239/239 210/210/210
f 210/210/210 239/239/239 240/240/240
f 210/210/210 240/240/240 211/211/211
f 211/211/211 240/240/240 241/241/241
f 211/211/211 241/241/241 212/212/212
f 212/212/212 241/241/241 242/242/242
f 212/212/212 242/242/242 213/213/213
f 213/213/213 242/242/242 243/243/243
f 213/213/213 243/243/243 214/214/214
f 214/214/214 243/243/243 244/244/244
f 214/214/214 244/244/244 215/215/215
f 215/215/215 244/244/244 245/245/245
f 215/215/215 245/245/245 216/216/216
f 216/216/216 245/245/245 246/246/246
f 216/216/216 246/246/246 217/217/217
f 217/217/217 246/246/246 247/247/247
f 217/217/217 247/247/247 218/218/218
f 218/218/218 247/247/247 248/248/248
f 218/218/218 248/248/248 219/219/219
f 219/219/219 248/248/248 249/249/249
f 219/219/219 249/249/249 220/220/220
f 220/220/220 249/249/249 250/250/250
f 220/220/220 250/250/250 221/221/221
f 221/221/221 250/250/250 251/251/251
f 221/221/221 251/251/251 222/222/222
f 222/222/222 251/251/251 252/252/252
f 222/222/222 252/252/252 223/223/223
f 223/223/223 252/252/252 253/253/253
f 223/223/223 253/253/253 224/224/224
f 224/224/224 253/253/253 254/254/254
f 224/224/224 254/254/254 225/225/225
f 225/225/225 254/254/254 255/255/255
f 225/225/225 255/255/255 226/226/226
f 226/226/226 255/255/255 256/256/256
f 226/226/226 256/256/256 227/227/227
f 227/227/227 256/256/256 257/257/257
f 227/227/227 257/257/257 228/228/228
f 228/228/228 257/257/257 258/258/258
f 228/228/228 258/258/258 229/229/229
f 229/229/229 258/258/258 259/259/259
f 229/229/229 259/259/259 230/230/230
f 230/230/230 259/259/259 260/260/260
f 230/230/230 260/260/260 231/231/231
f 231/231/231 260/260/260 261/261/261
f 231/231/231 261/261/261 232/232/232
f 233/233/233 262/262/262 263/263/263
f 233/233/233 263/263/263 234/234/234
f 234/234/234 263/263/263 264/264/264
f 234/234/234 264/264/264 235/235/235
f 235/235/235 264/264/264 265/265/265
f 235/235/235 265/265/265 236/236/236
f 236/236/236 265/265/265 266/266/266
f 236/236/236 266/266/266 237/237/237
f 237/237/237 266/266/266 267/267/267
f 237/237/237 267/267/267 238/238/238
f 238/238/238 267/267/267 268/268/268
f 238/238/238 268/268/268 239/239/239
f 239/239/239 268/268/268 269/269/269
f 239/239/239 269/269/269 240/240/240
f 240/240/240 269/269/269 270/270/270
f 240/240/240 270/270/270 241/241/241
f 241/241/241 270/270/270 271/271/271
f 241/241/241 271/271/271 242/242/242
f 242/242/242 271/271/271 272/272/272
f 242/242/242 272/272/272 243/243/243
f 243/243/243 272/272/272 273/273/273
f 243/243/243 273/273/273 244/244/244
f 244/244/244 273/273/273 274/274/274
f 244/244/244 274/274/274 245/245/245
f 245/245/245 274/274/274 275/275/275
f 245/245/245 275/275/275 246/246/246
f 246/246/246 275/275/275 276/276/276
f 246/246/246 276/276/276 247/247/247
f 247/247/247 276/276/276 277/277/277
f 247/247/247 277/277/277 248/248/248
f 248/248/248 277/277/277 278/278/278
f 248/248/248 278/278/278 249/249/249
f 249/249/249 278/278/278 279/279/279
f 249/249/249 279/279/279 250/250/250
f 250/250/250 279/279/279 280/280/280
f 250/250/250 280/280/280 251/251/251
f 251/251/251 280/280/280 281/281/281
f 251/251/251 281/281/281 252/252/252
f 252/252/252 281/281/281 282/282/282
f 252/252/252 282/282/282 253/253/253
f 253/253/253 282/282/282 283/283/283
f 253/253/253 283/283/283 254/254/254
f 254/254/254 283/283/283 284/284/284
f 254/254/254 284/284/284 255/255/255
f 255/255/255 284/284/284 285/285/285
f 255/255/255 285/285/285 256/256/256
f 256/256/256 285/285/285 286/286/286
f 256/256/256 286/286/286 257/257/257
f 257/257/257 286/286/286 287/287/287
f 257/257/257 287/287/287 258/258/258
f 258/258/258 287/287/287 288/288/288
f 258/258/258 288/288/288 259/259/259
f 259/259/259 288/288/288 289/289/289
f 259/259/259 289/289/289 260/260/260
f 260/260/260 289/289/289 290/290/290
f 260/260/260 290/290/290 261/261/261
f 262/262/262 291/291/291 292/292/292
f 262/262/262 292/292/292 263/263/263
f 263/263/263 292/292/292 293/293/293
f 263/263/263 293/293/293 264/264/264
f 264/264/264 293/293/293 294/294/294
f 264/264/264 294/294/294 265/265/265
f 265/265/265 294/294/294 295/295/295
f 265/265/265 295/295/295 266/266/266
f 266/266/266 295/295/295 296/296/296
f 266/266/266 296/296/296 267/267/267
f 267/267/267 296/296/296 297/297/297
f 267/267/267 297/297/297 268/268/268
f 268/268/268 297/297/297 298/298/298
f 268/268/268 298/298/298 269/269/269
f 269/269/269 298/298/298 299/299/299
f 269/269/269 299/299/299 270/270/270
f 270/270/270 299/299/299 300/300/300
f 270/270/270 300/300/300 271/271/271
f 271/271/271 300/300/300 301/301/301
f 271/271/271 301/301/301 272/272/272
f 272/272/272 301/301/301 302/302/302
f 272/272/272 302/302/302 273/273/273
f 273/273/273 302/302/302 303/303/303
f 273/273/273 303/303/303 274/274/274
f 274/274/274 303/303/303 304/304/304
f 274/274/274 304/304/304 275/275/275
f 275/275/275 304/304/304 305/305/305
f 275/275/275 305/305/305 276/276/276
f 276/276/276 305/305/305 306/306/306
f 276/276/276 306/306/306 277/277/277
f 277/277/277 306/306/306 307/307/307
f 277/277/277 307/307/307 278/278/278
f 278/278/278 307/307/307 308/308/308
f 278/278/278 308/308/308 279/279/279
f 279/279/279 308/308/308 309/309/309
f 279/279/279 309/309/309 280/280/280
f 280/280/280 309/309/309 310/310/310
f 280/280/280 310/310/310 281/281/281
f 281/281/281 310/310/310 311/311/311
f 281/281/281 311/311/311 282/282/282
f 282/282/282 311/311/311 312/312/312
f 282/282/282 312/312/312 283/283/283
f 283/283/283 312/312/312 313/313/313
f 283/283/283 313/313/313 284/284/284
f 284/284/284 313/313/313 314/314/314
f 284/284/284 314/314/314 285/285/285
f 285/285/285 314/314/314 315/315/315
f 285/285/285 315/315/315 286/286/286
f 286/286/286 315/315/315 316/316/316
f 286/286/286 316/316/316 287/287/287
f 287/287/287 316/316/316 317/317/317
f 287/287/287 317/317/317 288/288/288
f 288/288/288 317/317/317 318/318/318
f 288/288/288 318/318/318 289/289/289
f 289/289/289 318/318/318 319/319/319
f 289/289/289 319/319/319 290/290/290
f 291/291/291 320/320/320 321/321/321
f 291/291/291 321/321/321 292/292/292
f 292/292/292 321/321/321 322/322/322
f 292/292/292 322/322/322 293/293/293
f 293/293/293 322/322/322 323/323/323
f 293/293/293 323/323/323 294/294/294
f 294/294/294 323/323/323 324/324/324
f 294/294/294 324/324/324 295/295/295
f 295/295/295 324/324/324 325/325/325
f 295/295/295 325/325/325 296/296/296
f 296/296/296 325/325/325 326/326/326
f 296/296/296 326/326/326 297/297/297
f 297/297/297 326/326/326 327/327/327
f 297/297/297 327/327/327 298/298/298
f 298/298/298 327/327/327 328/328/328
f 298/298/298 328/328/328 299/299/299
f 299/299/299 328/328/328 329/329/329
f 299/299/299 329/329/329 300/300/300
f 300/300/300 329/329/329 330/330/330
f 300/300/300 330/330/330 301/301/301
f 301/301/301 330/330/330 331/331/331
f 301/301/301 331/331/331 302/302/302
f 302/302/302 331/331/331 332/332/332
f 302/302/302 332/332/332 303/303/303
f 303/303/303 332/332/332 333/333/333
f 303/303/303 333/333/333 304/304/304
f 304/304/304 333/333/333 334/334/334
f 304/304/304 334/334/334 305/305/305
f 305/305/305 334/334/334 335/335/335
f 305/305/305 335/335/335 306/306/306
f 306/306/306 335/335/335 336/336/336
f 306/306/306 336/336/336 307/307/307
f 307/307/307 336/336/336 337/337/337
f 307/307/307 337/337/337 308/308/308
f 308/308/308 337/337/337 338/338/338
f 308/308/308 338/338/338 309/309/309
f 309/309/309 338/338/338 339/339/339
f 309/309/309 339/339/339 310/310/310
f 310/310/310 339/339/339 340/340/340
f 310/310/310 340/340/340 311/311/311
f 311/311/311 340/340/340 341/341/341
f 311/311/311 341/341/341 312/312/312
f 312/312/312 341/341/341 342/342/342
f 312/312/312 342/342/342 313/313/313
f 313/313/313 342/342/342 343/343/343
f 313/313/313 343/343/343 314/314/314
f 314/314/314 343/343/343 344/344/344
f 314/314/314 344/344/344 315/315/315
f 315/315/315 344/344/344 345/345/345
f 315/315/315 345/345/345 316/316/316
f 316/316/316 345/345/345 346/346/346
f 316/316/316 346/346/346 317/317/317
f 317/317/317 346/346/346 347/347/347
f 317/317/317 347/347/347 318/318/318
f 318/318/318 347/347/347 348/348/348
f 318/318/318 348/348/348 319/319/319
f 320/320/320 349/349/349 350/350/350
f 320/320/320 350/350/350 321/321/321
f 321/321/321 350/350/350 351/351/351
f 321/321/321 351/351/351 322/322/322
f 322/322/322 351/351/351 352/352/352
f 322/322/322 352/352/352 323/323/323
f 323/323/323 352/352/352 353/353/353
f 323/323/323 353/353/353 324/324/324
f 324/324/324 353/353/353 354/354/354
f 324/324/324 354/354/354 325/325/325
f 325/325/325 354/354/354 355/355/355
f 325/325/325 355/355/355 326/326/326
f 326/326/326 355/355/355 356/356/356
f 326/326/326 356/356/356 327/327/327
f 327/327/327 356/356/356 357/357/357
f 327/327/327 357/357/357 328/328/328
f 328/328/328 357/357/357 358/358/358
f 328/328/328 358/358/358 329/329/329
f 329/329/329 358/358/358 359/359/359
f 329/329/329 359/359/359 330/330/330
f 330/330/330 359/359/359 360/360/360
f 330/330/330 360/360/360 331/331/331
f 331/331/331 360/360/360 361/361/361
f 331/331/331 361/361/361 332/332/332
f 332/332/332 361/361/361 362/362/362
f 332/332/332 362/362/362 333/333/333
f 333/333/333 362/362/362 363/363/363
f 333/333/333 363/363/363 334/334/334
f 334/334/334 363/363/363 364/364/364
f 334/334/334 364/364/364 335/335/335
f 335/335/335 364/364/364 365/365/365
f 335/335/335 365/365/365 336/336/336
f 336/336/336 365/365/365 366/366/366
f 336/336/336 366/366/366 337/337/337
f 337/337/337 366/366/366 367/367/367
f 337/337/337 367/367/367 338/338/338
f 338/338/338 367/367/367 368/368/368
f 338/338/338 368/368/368 339/339/339
f 339/339/339 368/368/368 369/369/369
f 339/339/339 369/369/369 340/340/340
f 340/340/340 369/369/369 370/370/370
f 340/340/340 370/370/370 341/341/341
f 341/341/341 370/370/370 371/371/371
f 341/341/341 371/371/371 342/342/342
f 342/342/342 371/371/371 372/372/372
f 342/342/342 372/372/372 343/343/343
f 343/343/343 372/372/372 373/373/373
f 343/343/343 373/373/373 344/344/344
f 344/344/344 373/373/373 374/374/374
f 344/344/344 374/374/374 345/345/345
f 345/345/345 374/374/374 375/375/375
f 345/345/345 375/375/375 346/346/346
f 346/346/346 375/375/375 376/376/376
f 346/346/346 376/376/376 347/347/347
f 347/347/347 376/376/376 377/377/377
f 347/347/347 377/377/377 348/348/348
f 349/349/349 378/378/378 379/379/379
f 349/349/349 379/379/379 350/350/350
f 350/350/350 379/379/379 380/380/380
f 350/350/350 380/380/380 351/351/351
f 351/351/351 380/380/380 381/381/381
f 351/351/351 381/381/381 352/352/352
f 352/352/352 381/381/381 382/382/382
f 352/352/352 382/382/382 353/353/353
f 353/353/353 382/382/382 383/383/383
f 353/353/353 383/383/383 354/354/354
f 354/354/354 383/383/383 384/384/384
f 354/354/354 384/384/384 355/355/355
f 355/355/355 384/384/384 385/385/385
f 355/355/355 385/385/385 356/356/356
f 356/356/356 385/385/385 386/386/386
f 356/356/356 386/386/386 357/357/357
f 357/357/357 386/386/386 387/387/387
f 357/357/357 387/387/387 358/358/358
f 358/358/358 387/387/387 388/388/388
f 358/358/358 388/388/388 359/359/359
f 359/359/359 388/388/388 389/389/389
f 359/359/359 389/389/389 360/360/360
f 360/360/360 389/389/389 390/390/390
f 360/360/360 390/390/390 361/361/361
f 361/361/361 390/390/390 391/391/391
f 361/361/361 391/391/391 362/362/362
f 362/362/362 391/391/391 392/392/392
f 362/362/362 392/392/392 363/363/363
f 363/363/363 392/392/392 393/393/393
f 363/363/363 393/393/393 364/364/364
f 364/364/364 393/393/393 394/394/394
f 364/364/364 394/394/394 365/365/365
f 365/365/365 394/394/394 395/395/395
f 365/365/365 395/395/395 366/366/366
f 366/366/366 395/395/395 396/396/396
f 366/366/366 396/396/396 367/367/367
f 367/367/367 396/396/396 397/397/397
f 367/367/367 397/397/397 368/368/368
f 368/368/368 397/397/397 398/398/398
f 368/368/368 398/398/398 369/369/369
f 369/369/369 398/398/398 399/399/399
f 369/369/369 399/399/399 370/370/370
f 370/370/370 399/399/399 400/400/400
f 370/370/370 400/400/400 371/371/371
f 371/371/371 400/400/400 401/401/401
f 371/371/371 401/401/401 372/372/372
f 372/372/372 401/401/401 402/402/402
f 372/372/372 402/402/402 373/373/373
f 373/373/373 402/402/402 403/403/403
f 373/373/373 403/403/403 374/374/374
f 374/374/374 403/403/403 404/404/404
f 374/374/374 404/404/404 375/375/375
f 375/375/375 404/404/404 405/405/405
f 375/375/375 405/405/405 376/376/376
f 376/376/376 405/405/405 406/406/406
f 376/376/376 406/406/406 377/377/377
f 378/378/378 407/407/407 408/408/408
f 378/378/378 408/408/408 379/379/379
f 379/379/379 408/408/408 409/409/409
f 379/379/379 409/409/409 380/380/380
f 380/380/380 409/409/409 410/410/410
f 380/380/380 410/410/410 381/381/381
f 381/381/381 410/410/410 411/411/411
f 381/381/381 411/411/411 382/382/382
f 382/382/382 411/411/411 412/412/412
f 382/382/382 412/412/412 383/383/383
f 383/383/383 412/412/412 413/413/413
f 383/383/383 413/413/413 384/384/384
f 384/384/384 413/413/413 414/414/414
f 384/384/384 414/414/414 385/385/385
f 385/385/385 414/414/414 415/415/415
f 385/385/385 415/415/415 386/386/386
f 386/386/386 415/415/415 416/416/416
f 386/386/386 416/416/416 387/387/387
f 387/387/387 416/416/416 417/417/417
f 387/387/387 417/417/417 388/388/388
f 388/388/388 417/417/417 418/418/418
f 388/388/388 418/418/418 389/389/389
f 389/389/389 418/418/418 419/419/419
f 389/389/389 419/419/419 390/390/390
f 390/390/390 419/419/419 420/420/420
f 390/390/390 420/420/420 391/391/391
f 391/391/391 420/420/420 421/421/421
f 391/391/391 421/421/421 392/392/392
f 392/392/392 421/421/421 422/422/422
f 392/392/392 422/422/422 393/393/393
f 393/393/393 422/422/422 423/423/423
f 393/393/393 423/423/423 394/394/394
f 394/394/394 423/423/423 424/424/424
f 394/394/394 424/424/424 395/395/395
f 395/395/395 424/424/424 425/425/425
f 395/395/395 425/425/425 396/396/396
f 396/396/396 425/425/425 426/426/426
f 396/396/396 426/426/426 397/397/397
f 397/397/397 426/426/426 427/427/427
f 397/397/397 427/427/427 398/398/398
f 398/398/398 427/427/427 428/428/428
f 398/398/398 428/428/428 399/399/399
f 399/399/399 428/428/428 429/429/429
f 399/399/399 429/429/429 400/400/400
f 400/400/400 429/429/429 430/430/430
f 400/400/400 430/430/430 401/401/401
f 401/401/401 430/430/430 431/431/431
f 401/401/401 431/431/431 402/402/402
f 402/402/402 431/431/431 432/432/432
f 402/402/402 432/432/432 403/403/403
f 403/403/403 432/432/432 433/433/433
f 403/403/403 433/433/433 404/404/404
f 404/404/404 433/433/433 434/434/434
f 404/404/404 434/434/434 405/405/405
f 405/405/405 434/434/434 435/435/435
f 405/405/405 435/435/435 406/406/406
f 407/407/407 436/436/436 437/437/437
f 407/407/407 437/437/437 408/408/408
f 408/408/408 437/437/437 438/438/438
f 408/408/408 438/438/438 409/409/409
f 409/409/409 438/438/438 439/439/439
f 409/409/409 439/439/439 410/410/410
f 410/410/410 439/439/439 440/440/440
f 410/410/410 440/440/440 411/411/411
f 411/411/411 440/440/440 441/441/441
f 411/411/411 441/441/441 412/412/412
f 412/412/412 441/441/441 442/442/442
f 412/412/412 442/442/442 413/413/413
f 413/413/413 442/442/442 443/443/443
f 413/413/413 443/443/443 414/414/414
f 414/414/414 443/443/443 444/444/444
f 414/414/414 444/444/444 415/415/415
f 415/415/415 444/444/444 445/445/445
f 415/415/415 445/445/445 416/416/416
f 416/416/416 445/445/445 446/446/446
f 416/416/416 446/446/446 417/417/417
f 417/417/417 446/446/446 447/447/447
f 417/417/417 447/447/447 418/418/418
f 418/418/418 447/447/447 448/448/448
f 418/418/418 448/448/448 419/419/419
f 419/419/419 448/448/448 449/449/449
f 419/419/419 449/449/449 420/420/420
f 420/420/420 449/449/449 450/450/450
f 420/420/420 450/450/450 421/421/421
f 421/421/421 450/450/450 451/451/451
f 421/421/421 451/451/451 422/422/422
f 422/422/422 451/451/451 452/452/452
f 422/422/422 452/452/452 423/423/423
f 423/423/423 452/452/452 453/453/453
f 423/423/423 453/453/453 424/424/424
f 424/424/424 453/453/453 454/454/454
f 424/424/424 454/454/454 425/425/425
f 425/425/425 454/454/454 455/455/455
f 425/425/425 455/455/455 426/426/426
f 426/426/426 455/455/455 456/456/456
f 426/426/426 456/456/456 427/427/427
f 427/427/427 456/456/456 457/457/457
f 427/427/427 457/457/457 428/428/428
f 428/428/428 457/457/457 458/458/458
f 428/428/428 458/458/458 429/429/429
f 429/429/429 458/458/458 459/459/459
f 429/429/429 459/459/459 430/430/430
f 430/430/430 459/459/459 460/460/460
f 430/430/430 460/460/460 431/431/431
f 431/431/431 460/460/460 461/461/461
f 431/431/431 461/461/461 432/432/432
f 432/432/432 461/461/461 462/462/462
f 432/432/432 462/462/462 433/433/433
f 433/433/433 462/462/462 463/463/463
f 433/433/433 463/463/463 434/434/434
f 434/434/434 463/463/463 464/464/464
f 434/434/434 464/464/464 435/435/435
f 436/436/436 465/465/465 466/466/466
f 436/436/436 466/466/466 437/437/437
f 437/437/437 466/466/466 467/467/467
f 437/437/437 467/467/467 438/438/438
f 438/438/438 467/467/467 468/468/468
f 438/438/438 468/468/468 439/439/439
f 439/439/439 468/468/468 469/469/469
f 439/439/439 469/469/469 440/440/440
f 440/440/440 469/469/469 470/470/470
f 440/440/440 470/470/470 441/441/441
f 441/441/441 470/470/470 471/471/471
f 441/441/441 471/471/471 442/442/442
f 442/442/442 471/471/471 472/472/472
f 442/442/442 472/472/472 443/443/443
f 443/443/443 472/472/472 473/473/473
f 443/443/443 473/473/473 444/444/444
f 444/444/444 473/473/473 474/474/474
f 444/444/444 474/474/474 445/445/445
f 445/445/445 474/474/474 475/475/475
f 445/445/445 475/475/475 446/446/446
f 446/446/446 475/475/475 476/476/476
f 446/446/446 476/476/476 447/447/447
f 447/447/447 476/476/476 477/477/477
f 447/447/447 477/477/477 448/448/448
f 448/448/448 477/477/477 478/478/478
f 448/448/448 478/478/478 449/449/449
f 449/449/449 478/478/478 479/479/479
f 449/449/449 479/479/479 450/450/450
f 450/450/450 479/479/479 480/480/480
f 450/450/450 480/480/480 451/451/451
f 451/451/451 480/480/480 481/481/481
f 451/451/451 481/481/481 452/452/452
f 452/452/452 481/481/481 482/482/482
f 452/452/452 482/482/482 453/453/453
f 453/453/453 482/482/482 483/483/483
f 453/453/453 483/483/483 454/454/454
f 454/454/454 483/483/483 484/484/484
f 454/454/454 484/484/484 455/455/455
f 455/455/455 484/484/484 485/485/485
f 455/455/455 485/485/485 456/456/456
f 456/456/456 485/485/485 486/486/486
f 456/456/456 486/486/486 457/457/457
f 457/457/457 486/486/486 487/487/487
f 457/457/457 487/487/487 458/458/458
f 458/458/458 487/487/487 488/488/488
f 458/458/458 488/488/488 459/459/459
f 459/459/459 488/488/488 489/489/489
f 459/459/459 489/489/489 460/460/460
f 460/460/460 489/489/489 490/490/490
f 460/460/460 490/490/490 461/461/461
f 461/461/461 490/490/490 491/491/491
f 461/461/461 491/491/491 462/462/462
f 462/462/462 491/491/491 492/492/492
f 462/462/462 492/492/492 463/463/463
f 463/463/463 492/492/492 493/493/493
f 463/463/463 493/493/493 464/464/464
f 465/465/465 494/494/494 495/495/495
f 465/465/465 495/495/495 466/466/466
f 466/466/466 495/495/495 496/496/496
f 466/466/466 496/496/496 467/467/467
f 467/467/467 496/496/496 497/497/497
f 467/467/467 497/497/497 468/468/468
f 468/468/468 497/497/497 498/498/498
f 468/468/468 498/498/498 469/469/469
f 469/469/469 498/498/498 499/499/499
f 469/469/469 499/499/499 470/470/470
f 470/470/470 499/499/499 500/500/500
f 470/470/470 500/500/500 471/471/471
f 471/471/471 500/500/500 501/501/501
f 471/471/471 501/501/501 472/472/472
f 472/472/472 501/501/501 502/502/502
f 472/472/472 502/502/502 473/473/473
f 473/473/473 502/502/502 503/503/503
f 473/473/473 503/503/503 474/474/474
f 474/474/474 503/503/503 504/504/504
f 474/474/474 504/504/504 475/475/475
f 475/475/475 504/504/504 505/505/505
f 475/475/475 505/505/505 476/476/476
f 476/476/476 505/505/505 506/506/506
f 476/476/476 506/506/506 477/477/477
f 477/477/477 506/506/506 507/507/507
f 477/477/477 507/507/507 478/478/478
f 478/478/478 507/507/507 508/508/508
f 478/478/478 508/508/508 479/479/479
f 479/479/479 508/508/508 509/509/509
f 479/479/479 509/509/509 480/480/480
f 480/480/480 509/509/509 510/510/510
f 480/480/480 510/510/510 481/481/481
f 481/481/481 510/510/510 511/511/511
f 481/481/481 511/511/511 482/482/482
f 482/482/482 511/511/511 512/512/512
f 482/482/482 512/512/512 483/483/483
f 483/483/483 512/512/512 513/513/513
f 483/483/483 513/513/513 484/484/484
f 484/484/484 513/513/513 514/514/514
f 484/484/484 514/514/514 485/485/485
f 485/485/485 514/514/514 515/515/515
f 485/485/485 515/515/515 486/486/486
f 486/486/486 515/515/515 516/516/516
f 486/486/486 516/516/516 487/487/487
f 487/487/487 516/516/516 517/517/517
f 487/487/487 517/517/517 488/488/488
f 488/488/488 517/517/517 518/518/518
f 488/488/488 518/518/518 489/489/489
f 489/489/489 518/518/518 519/519/519
f 489/489/489 519/519/519 490/490/490
f 490/490/490 519/519/519 520/520/520
f 490/490/490 520/520/520 491/491/491
f 491/491/491 520/520/520 521/521/521
f 491/491/491 521/521/521 492/492/492
f 492/492/492 521/521/521 522/522/522
f 492/492/492 522/522/522 493/493/493
f 494/494/494 523/523/523 524/524/524
f 494/494/494 524/524/524 495/495/495
f 495/495/495 524/524/524 525/525/525
f 495/495/495 525/525/525 496/496/496
f 496/496/496 525/525/525 526/526/526
f 496/496/496 526/526/526 497/497/497
f 497/497/497 526/526/526 527/527/527
f 497/497/497 527/527/527 498/498/498
f 498/498/498 527/527/527 528/528/528
f 498/498/498 528/528/528 499/499/499
f 499/499/499 528/528/528 529/529/529
f 499/499/499 529/529/529 500/500/500
f 500/500/500 529/529/529 530/530/530
f 500/500/500 530/530/530 501/501/501
f 501/501/501 530/530/530 531/531/531
f 501/501/501 531/531/531 502/502/502
f 502/502/502 531/531/531 532/532/532
f 502/502/502 532/532/532 503/503/503
f 503/503/503 532/532/532 533/533/533
f 503/503/503 533/533/533 504/504/504
f 504/504/504 533/533/533 534/534/534
f 504/504/504 534/534/534 505/505/505
f 505/505/505 534/534/534 535/535/535
f 505/505/505 535/535/535 506/506/506
f 506/506/506 535/535/535 536/536/536
f 506/506/506 536/536/536 507/507/507
f 507/507/507 536/536/536 537/537/537
f 507/507/507 537/537/537 508/508/508
f 508/508/508 537/537/537 538/538/538
f 508/508/508 538/538/538 509/509/509
f 509/509/509 538/538/538 539/539/539
f 509/509/509 539/539/539 510/510/510
f 510/510/510 539/539/539 540/540/540
f 510/510/510 540/540/540 511/511/511
f 511/511/511 540/540/540 541/541/541
f 511/511/511 541/541/541 512/512/512
f 512/512/512 541/541/541 542/542/542
f 512/512/512 542/542/542 513/513/513
f 513/513/513 542/542/542 543/543/543
f 513/513/513 543/543/543 514/514/514
f 514/514/514 543/543/543 544/544/544
f 514/514/514 544/544/544 515/515/515
f 515/515/515 544/544/544 545/545/545
f 515/515/515 545/545/545 516/516/516
f 516/516/516 545/545/545 546/546/546
f 516/516/516 546/546/546 517/517/517
f 517/517/517 546/546/546 547/547/547
f 517/517/517 547/547/547 518/518/518
f 518/518/518 547/547/547 548/548/548
f 518/518/518 548/548/548 519/519/519
f 519/519/519 548/548/548 549/549/549
f 519/519/519 549/549/549 520/520/520
f 520/520/520 549/549/549 550/550/550
f 520/520/520 550/550/550 521/521/521
f 521/521/521 550/550/550 551/551/551
f 521/521/521 551/551/551 522/522/522
f 523/523/523 552/552/552 553/553/553
f 523/523/523 553/553/553 524/524/524
f 524/524/524 553/553/553 554/554/554
f 524/524/524 554/554/554 525/525/525
f 525/525/525 554/554/554 555/555/555
f 525/525/525 555/555/555 526/526/526
f 526/526/526 555/555/555 556/556/556
f 526/526/526 556/556/556 527/527/527
f 527/527/527 556/556/556 557/557/557
f 527/527/527 557/557/557 528/528/528
f 528/528/528 557/557/557 558/558/558
f 528/528/528 558/558/558 529/529/529
f 529/529/529 558/558/558 559/559/559
f 529/529/529 559/559/559 530/530/530
f 530/530/530 559/559/559 560/560/560
f 530/530/530 560/560/560 531/531/531
f 531/531/531 560/560/560 561/561/561
f 531/531/531 561/561/561 532/532/532
f 532/532/532 561/561/561 562/562/562
f 532/532/532 562/562/562 533/533/533
f 533/533/533 562/562/562 563/563/563
f 533/533/533 563/563/563 534/534/534
f 534/534/534 563/563/563 564/564/564
f 534/534/534 564/564/564 535/535/535
f 535/535/535 564/564/564 565/565/565
f 535/535/535 565/565/565 536/536/536
f 536/536/536 565/565/565 566/566/566
f 536/536/536 566/566/566 537/537/537
f 537/537/537 566/566/566 567/567/567
f 537/537/537 567/567/567 538/538/538
f 538/538/538 567/567/567 568/568/568
f 538/538/538 568/568/568 539/539/539
f 539/539/539 568/568/568 569/569/569
f 539/539/539 569/569/569 540/540/540
f 540/540/540 569/569/569 570/570/570
f 540/540/540 570/570/570 541/541/541
f 541/541/541 570/570/570 571/571/571
f 541/541/541 571/571/571 542/542/542
f 542/542/542 571/571/571 572/572/572
f 542/542/542 572/572/572 543/543/543
f 543/543/543 572/572/572 573/573/573
f 543/543/543 573/573/573 544/544/544
f 544/544/544 573/573/573 574/574/574
f 544/544/544 574/574/574 545/545/545
f 545/545/545 574/574/574 575/575/575
f 545/545/545 575/575/575 546/546/546
f 546/546/546 575/575/575 576/576/576
f 546/546/546 576/576/576 547/547/547
f 547/547/547 576/576/576 577/577/577
f 547/547/547 577/577/577 548/548/548
f 548/548/548 577/577/577 578/578/578
f 548/548/548 578/578/578 549/549/549
f 549/549/549 578/578/578 579/579/579
f 549/549/549 579/579/579 550/550/550
f 550/550/550 579/579/579 580/580/580
f 550/550/550 580/580/580 551/551/551
f 552/552/552 581/581/581 582/582/582
f 552/552/552 582/582/582 553/553/553
f 553/553/553 582/582/582 583/583/583
f 553/553/553 583/583/583 554/554/554
f 554/554/554 583/583/583 584/584/584
f 554/554/554 584/584/584 555/555/555
f 555/555/555 584/584/584 585/585/585
f 555/555/555 585/585/585 556/556/556
f 556/556/556 585/585/585 586/586/586
f 556/556/556 586/586/586 557/557/557
f 557/557/557 586/586/586 587/587/587
f 557/557/557 587/587/587 558/558/558
f 558/558/558 587/587/587 588/588/588
f 558/558/558 588/588/588 559/559/559
f 559/559/559 588/588/588 589/589/589
f 559/559/559 589/589/589 560/560/560
f 560/560/560 589/589/589 590/590/590
f 560/560/560 590/590/590 561/561/561
f 561/561/561 590/590/590 591/591/591
f 561/561/561 591/591/591 562/562/562
f 562/562/562 591/591/591 592/592/592
f 562/562/562 592/592/592 563/563/563
f 563/563/563 592/592/592 593/593/593
f 563/563/563 593/593/593 564/564/564
f 564/564/564 593/593/593 594/594/594
f 564/564/564 594/594/594 565/565/565
f 565/565/565 594/594/594 595/595/595
f 565/565/565 595/595/595 566/566/566
f 566/566/566 595/595/595 596/596/596
f 566/566/566 596/596/596 567/567/567
f 567/567/567 596/596/596 597/597/597
f 567/567/567 597/597/597 568/568/568
f 568/568/568 597/597/597 598/598/598
f 568/568/568 598/598/598 569/569/569
f 569/569/569 598/598/598 599/599/599
f 569/569/569 599/599/599 570/570/570
f 570/570/570 599/599/599 600/600/600
f 570/570/570 600/600/600 571/571/571
f 571/571/571 600/600/600 601/601/601
f 571/571/571 601/601/601 572/572/572
f 572/572/572 601/601/601 602/602/602
f 572/572/572 602/602/602 573/573/573
f 573/573/573 602/602/602 603/603/603
f 573/573/573 603/603/603 574/574/574
f 574/574/574 603/603/603 604/604/604
f 574/574/574 604/604/604 575/575/575
f 575/575/575 604/604/604 605/605/605
f 575/575/575 605/605/605 576/576/576
f 576/576/576 605/605/605 606/606/606
f 576/576/576 606/606/606 577/577/577
f 577/577/577 606/606/606 607/607/607
f 577/577/577 607/607/607 578/578/578
f 578/578/578 607/607/607 608/608/608
f 578/578/578 608/608/608 579/579/579
f 579/579/579 608/608/608 609/609/609
f 579/579/579 609/609/609 580/580/580
f 581/581/581 610/610/610 611/611/611
f 581/581/581 611/611/611 582/582/582
f 582/582/582 611/611/611 612/612/612
f 582/582/582 612/612/612 583/583/583
f 583/583/583 612/612/612 613/613/613
f 583/583/583 613/613/613 584/584/584
f 584/584/584 613/613/613 614/614/614
f 584/584/584 614/614/614 585/585/585
f 585/585/585 614/614/614 615/615/615
f 585/585/585 615/615/615 586/586/586
f 586/586/586 615/615/615 616/616/616
f 586/586/586 616/616/616 587/587/587
f 587/587/587 616/616/616 617/617/617
f 587/587/587 617/617/617 588/588/588
f 588/588/588 617/617/617 618/618/618
f 588/588/588 618/618/618 589/589/589
f 589/589/589 618/618/618 619/619/619
f 589/589/589 619/619/619 590/590/590
f 590/590/590 619/619/619 620/620/620
f 590/590/590 620/620/620 591/591/591
f 591/591/591 620/620/620 621/621/621
f 591/591/591 621/621/621 592/592/592
f 592/592/592 621/621/621 622/622/622
f 592/592/592 622/622/622 593/593/593
f 593/593/593 622/622/622 623/623/623
f 593/593/593 623/623/623 594/594/594
f 594/594/594 623/623/623 624/624/624
f 594/594/594 624/624/624 595/595/595
f 595/595/595 624/624/624 625/625/625
f 595/595/595 625/625/625 596/596/596
f 596/596/596 625/625/625 626/626/626
f 596/596/596 626/626/626 597/597/597
f 597/597/597 626/626/626 627/627/627
f 597/597/597 627/627/627 598/598/598
f 598/598/598 627/627/627 628/628/628
f 598/598/598 628/628/628 599/599/599
f 599/599/599 628/628/628 629/629/629
f 599/599/599 629/629/629 600/600/600
f 600/600/600 629/629/629 630/630/630
f 600/600/600 630/630/630 601/601/601
f 601/601/601 630/630/630 631/631/631
f 601/601/601 631/631/631 602/602/602
f 602/602/602 631/631/631 632/632/632
f 602/602/602 632/632/632 603/603/603
f 603/603/603 632/632/632 633/633/633
f 603/603/603 633/633/633 604/604/604
f 604/604/604 633/633/633 634/634/634
f 604/604/604 634/634/634 605/605/605
f 605/605/605 634/634/634 635/635/635
f 605/605/605 635/635/635 606/606/606
f 606/606/606 635/635/635 636/636/636
f 606/606/606 636/636/636 607/607/607
f 607/607/607 636/636/636 637/637/637
f 607/607/607 637/637/637 608/608/608
f 608/608/608 637/637/637 638/638/638
f 608/608/608 638/638/638 609/609/609
f 610/610/610 639/639/639 640/640/640
f 610/610/610 640/640/640 611/611/611
f 611/611/611 640/640/640 641/641/641
f 611/611/611 641/641/641 612/612/612
f 612/612/612 641/641/641 642/642/642
f 612/612/612 642/642/642 613/613/613
f 613/613/613 642/642/642 643/643/643
f 613/613/613 643/643/643 614/614/614
f 614/614/614 643/643/643 644/644/644
f 614/614/614 644/644/644 615/615/615
f 615/615/615 644/644/644 645/645/645
f 615/615/615 645/645/645 616/616/616
f 616/616/616 645/645/645 646/646/646
f 616/616/616 646/646/646 617/617/617
f 617/617/617 646/646/646 647/647/647
f 617/617/617 647/647/647 618/618/618
f 618/618/618 647/647/647 648/648/648
f 618/618/618 648/648/648 619/619/619
f 619/619/619 648/648/648 649/649/649
f 619/619/619 649/649/649 620/620/620
f 620/620/620 649/649/649 650/650/650
f 620/620/620 650/650/650 621/621/621
f 621/621/621 650/650/650 651/651/651
f 621/621/621 651/651/651 622/622/622
f 622/622/622 651/651/651 652/652/652
f 622/622/622 652/652/652 623/623/623
f 623/623/623 652/652/652 653/653/653
f 623/623/623 653/653/653 624/624/624
f 624/624/624 653/653/653 654/654/654
f 624/624/624 654/654/654 625/625/625
f 625/625/625 654/654/654 655/655/655
f 625/625/625 655/655/655 626/626/626
f 626/626/626 655/655/655 656/656/656
f 626/626/626 656/656/656 627/627/627
f 627/627/627 656/656/656 657/657/657
f 627/627/627 657/657/657 628/628/628
f 628/628/628 657/657/657 658/658/658
f 628/628/628 658/658/658 629/629/629
f 629/629/629 658/658/658 659/659/659
f 629/629/629 659/659/659 630/630/630
f 630/630/630 659/659/659 660/660/660
f 630/630/630 660/660/660 631/631/631
f 631/631/631 660/660/660 661/661/661
f 631/631/631 661/661/661 632/632/632
f 632/632/632 661/661/661 662/662/662
f 632/632/632 662/662/662 633/633/633
f 633/633/633 662/662/662 663/663/663
f 633/633/633 663/663/663 634/634/634
f 634/634/634 663/663/663 664/664/664
f 634/634/634 664/664/664 635/635/635
f 635/635/635 664/664/664 665/665/665
f 635/635/635 665/665/665 636/636/636
f 636/636/636 665/665/665 666/666/666
f 636/636/636 666/666/666 637/637/637
f 637/637/637 666/666/666 667/667/667
f 637/637/637 667/667/667 638/638/638
f 639/639/639 668/668/668 669/669/669
f 639/639/639 669/669/669 640/640/640
f 640/640/640 669/669/669 670/670/670
f 640/640/640 670/670/670 641/641/641
f 641/641/641 670/670/670 671/671/671
f 641/641/641 671/671/671 642/642/642
f 642/642/642 671/671/671 672/672/672
f 642/642/642 672/672/672 643/643/643
f 643/643/643 672/672/672 673/673/673
f 643/643/643 673/673/673 644/644/644
f 644/644/644 673/673/673 674/674/674
f 644/644/644 674/674/674 645/645/645
f 645/645/645 674/674/674 675/675/675
f 645/645/645 675/675/675 646/646/646
f 646/646/646 675/675/675 676/676/676
f 646/646/646 676/676/676 647/647/647
f 647/647/647 676/676/676 677/677/677
f 647/647/647 677/677/677 648/648/648
f 648/648/648 677/677/677 678/678/678
f 648/648/648 678/678/678 649/649/649
f 649/649/649 678/678/678 679/679/679
f 649/649/649 679/679/679 650/650/650
f 650/650/650 679/679/679 680/680/680
f 650/650/650 680/680/680 651/651/651
f 651/651/651 680/680/680 681/681/681
f 651/651/651 681/681/681 652/652/652
f 652/652/652 681/681/681 682/682/682
f 652/652/652 682/682/682 653/653/653
f 653/653/653 682/682/682 683/683/683
f 653/653/653 683/683/683 654/654/654
f 654/654/654 683/683/683 684/684/684
f 654/654/654 684/684/684 655/655/655
f 655/655/655 684/684/684 685/685/685
f 655/655/655 685/685/685 656/656/656
f 656/656/656 685/685/685 686/686/686
f 656/656/656 686/686/686 657/657/657
f 657/657/657 686/686/686 687/687/687
f 657/657/657 687/687/687 658/658/658
f 658/658/658 687/687/687 688/688/688
f 658/658/658 688/688/688 659/659/659
f 659/659/659 688/688/688 689/689/689
f 659/659/659 689/689/689 660/660/660
f 660/660/660 689/689/689 690/690/690
f 660/660/660 690/690/690 661/661/661
f 661/661/661 690/690/690 691/691/691
f 661/661/661 691/691/691 662/662/662
f 662/662/662 691/691/691 692/692/692
f 662/662/662 692/692/692 663/663/663
f 663/663/663 692/692/692 693/693/693
f 663/663/663 693/693/693 664/664/664
f 664/664/664 693/693/693 694/694/694
f 664/664/664 694/694/694 665/665/665
f 665/665/665 694/694/694 695/695/695
f 665/665/665 695/695/695 666/666/666
f 666/666/666 695/695/695 696/696/696
f 666/666/666 696/696/696 667/667/667
f 668/668/668 697/697/697 698/698/698
f 668/668/668 698/698/698 669/669/669
f 669/669/669 698/698/698 699/699/699
f 669/669/669 699/699/699 670/670/670
f 670/670/670 699/699/699 700/700/700
f 670/670/670 700/700/700 671/671/671
f 671/671/671 700/700/700 701/701/701
f 671/671/671 701/701/701 672/672/672
f 672/672/672 701/701/701 702/702/702
f 672/672/672 702/702/702 673/673/673
f 673/673/673 702/702/702 703/703/703
f 673/673/673 703/703/703 674/674/674
f 674/674/674 703/703/703 704/704/704
f 674/674/674 704/704/704 675/675/675
f 675/675/675 704/704/704 705/705/705
f 675/675/675 705/705/705 676/676/676
f 676/676/676 705/705/705 706/706/706
f 676/676/676 706/706/706 677/677/677
f 677/677/677 706/706/706 707/707/707
f 677/677/677 707/707/707 678/678/678
f 678/678/678 707/707/707 708/708/708
f 678/678/678 708/708/708 679/679/679
f 679/679/679 708/708/708 709/709/709
f 679/679/679 709/709/709 680/680/680
f 680/680/680 709/709/709 710/710/710
f 680/680/680 710/710/710 681/681/681
f 681/681/681 710/710/710 711/711/711
f 681/681/681 711/711/711 682/682/682
f 682/682/682 711/711/711 712/712/712
f 682/682/682 712/712/712 683/683/683
f 683/683/683 712/712/712 713/713/713
f 683/683/683 713/713/713 684/684/684
f 684/684/684 713/713/713 714/714/714
f 684/684/684 714/714/714 685/685/685
f 685/685/685 714/714/714 715/715/715
f 685/685/685 715/715/715 686/686/686
f 686/686/686 715/715/715 716/716/716
f 686/686/686 716/716/716 687/687/687
f 687/687/687 716/716/716 717/717/717
f 687/687/687 717/717/717 688/688/688
f 688/688/688 717/717/717 718/718/718
f 688/688/688 718/718/718 689/689/689
f 689/689/689 718/718/718 719/719/719
f 689/689/689 719/719/719 690/690/690
f 690/690/690 719/719/719 720/720/720
f 690/690/690 720/720/720 691/691/691
f 691/691/691 720/720/720 721/721/721
f 691/691/691 721/721/721 692/692/692
f 692/692/692 721/721/721 722/722/722
f 692/692/692 722/722/722 693/693/693
f 693/693/693 722/722/722 723/723/723
f 693/693/693 723/723/723 694/694/694
f 694/694/694 723/723/723 724/724/724
f 694/694/694 724/724/724 695/695/695
f 695/695/695 724/724/724 725/725/725
f 695/695/695 725/725/725 696/696/696
f 697/697/697 726/726/726 727/727/727
f 697/697/697 727/727/727 698/698/698
f 698/698/698 727/727/727 728/728/728
f 698/698/698 728/728/728 699/699/699
f 699/699/699 728/728/728 729/729/729
f 699/699/699 729/729/729 700/700/700
f 700/700/700 729/729/729 730/730/730
f 700/700/700 730/730/730 701/701/701
f 701/701/701 730/730/730 731/731/731
f 701/701/701 731/731/731 702/702/702
f 702/702/702 731/731/731 732/732/732
f 702/702/702 732/732/732 703/703/703
f 703/703/703 732/732/732 733/733/733
f 703/703/703 733/733/733 704/704/704
f 704/704/704 733/733/733 734/734/734
f 704/704/704 734/734/734 705/705/705
f 705/705/705 734/734/734 735/735/735
f 705/705/705 735/735/735 706/706/706
f 706/706/706 735/735/735 736/736/736
f 706/706/706 736/736/736 707/707/707
f 707/707/707 736/736/736 737/737/737
f 707/707/707 737/737/737 708/708/708
f 708/708/708 737/737/737 738/738/738
f 708/708/708 738/738/738 709/709/709
f 709/709/709 738/738/738 739/739/739
f 709/709/709 739/739/739 710/710/710
f 710/710/710 739/739/739 740/740/740
f 710/710/710 740/740/740 711/711/711
f 711/711/711 740/740/740 741/741/741
f 711/711/711 741/741/741 712/712/712
f 712/712/712 741/741/741 742/742/742
f 712/712/712 742/742/742 713/713/713
f 713/713/713 742/742/742 743/743/743
f 713/713/713 743/743/743 714/714/714
f 714/714/714 743/743/743 744/744/744
f 714/714/714 744/744/744 715/715/715
f 715/715/715 744/744/744 745/745/745
f 715/715/715 745/745/745 716/716/716
f 716/716/716 745/745/745 746/746/746
f 716/716/716 746/746/746 717/717/717
f 717/717/717 746/746/746 747/747/747
f 717/717/717 747/747/747 718/718/718
f 718/718/718 747/747/747 748/748/748
f 718/718/718 748/748/748 719/719/719
f 719/719/719 748/748/748 749/749/749
f 719/719/719 749/749/749 720/720/720
f 720/720/720 749/749/749 750/750/750
f 720/720/720 750/750/750 721/721/721
f 721/721/721 750/750/750 751/751/751
f 721/721/721 751/751/751 722/722/722
f 722/722/722 751/751/751 752/752/752
f 722/722/722 752/752/752 723/723/723
f 723/723/723 752/752/752 753/753/753
f 723/723/723 753/753/753 724/724/724
f 724/724/724 753/753/753 754/754/754
f 724/724/724 754/754/754 725/725/725
f 726/726/726 755/755/755 756/756/756
f 726/726/726 756/756/756 727/727/727
f 727/727/727 756/756/756 757/757/757
f 727/727/727 757/757/757 728/728/728
f 728/728/728 757/757/757 758/758/758
f 728/728/728 758/758/758 729/729/729
f 729/729/729 758/758/758 759/759/759
f 729/729/729 759/759/759 730/730/730
f 730/730/730 759/759/759 760/760/760
f 730/730/730 760/760/760 731/731/731
f 731/731/731 760/760/760 761/761/761
f 731/731/731 761/761/761 732/732/732
f 732/732/732 761/761/761 762/762/762
f 732/732/732 762/762/762 733/733/733
f 733/733/733 762/762/762 763/763/763
f 733/733/733 763/763/763 734/734/734
f 734/734/734 763/763/763 764/764/764
f 734/734/734 764/764/764 735/735/735
f 735/735/735 764/764/764 765/765/765
f 735/735/735 765/765/765 736/736/736
f 736/736/736 765/765/765 766/766/766
f 736/736/736 766/766/766 737/737/737
f 737/737/737 766/766/766 767/767/767
f 737/737/737 767/767/767 738/738/738
f 738/738/738 767/767/767 768/768/768
f 738/738/738 768/768/768 739/739/739
f 739/739/739 768/768/768 769/769/769
f 739/739/739 769/769/769 740/740/740
f 740/740/740 769/769/769 770/770/770
f 740/740/740 770/770/770 741/741/741
f 741/741/741 770/770/770 771/771/771
f 741/741/741 771/771/771 742/742/742
f 742/742/742 771/771/771 772/772/772
f 742/742/742 772/772/772 743/743/743
f 743/743/743 772/772/772 773/773/773
f 743/743/743 773/773/773 744/744/744
f 744/744/744 773/773/773 774/774/774
f 744/744/744 774/774/774 745/745/745
f 745/745/745 774/774/774 775/775/775
f 745/745/745 775/775/775 746/746/746
f 746/746/746 775/775/775 776/776/776
f 746/746/746 776/776/776 747/747/747
f 747/747/747 776/776/776 777/777/777
f 747/747/747 777/777/777 748/748/748
f 748/748/748 777/777/777 778/778/778
f 748/748/748 778/778/778 749/749/749
f 749/749/749 778/778/778 779/779/779
f 749/749/749 779/779/779 750/750/750
f 750/750/750 779/779/779 780/780/780
f 750/750/750 780/780/780 751/751/751
f 751/751/751 780/780/780 781/781/781
f 751/751/751 781/781/781 752/752/752
f 752/752/752 781/781/781 782/782/782
f 752/752/752 782/782/782 753/753/753
f 753/753/753 782/782/782 783/783/783
f 753/753/753 783/783/783 754/754/754
f 755/755/755 784/784/784 785/785/785
f 755/755/755 785/785/785 756/756/756
f 756/756/756 785/785/785 786/786/786
f 756/756/756 786/786/786 757/757/757
f 757/757/757 786/786/786 787/787/787
f 757/757/757 787/787/787 758/758/758
f 758/758/758 787/787/787 788/788/788
f 758/758/758 788/788/788 759/759/759
f 759/759/759 788/788/788 789/789/789
f 759/759/759 789/789/789 760/760/760
f 760/760/760 789/789/789 790/790/790
f 760/760/760 790/790/790 761/761/761
f 761/761/761 790/790/790 791/791/791
f 761/761/761 791/791/791 762/762/762
f 762/762/762 791/791/791 792/792/792
f 762/762/762 792/792/792 763/763/763
f 763/763/763 792/792/792 793/793/793
f 763/763/763 793/793/793 764/764/764
f 764/764/764 793/793/793 794/794/794
f 764/764/764 794/794/794 765/765/765
f 765/765/765 794/794/794 795/795/795
f 765/765/765 795/795/795 766/766/766
f 766/766/766 795/795/795 796/796/796
f 766/766/766 796/796/796 767/767/767
f 767/767/767 796/796/796 797/797/797
f 767/767/767 797/797/797 768/768/768
f 768/768/768 797/797/797 798/798/798
f 768/768/768 798/798/798 769/769/769
f 769/769/769 798/798/798 799/799/799
f 769/769/769 799/799/799 770/770/770
f 770/770/770 799/799/799 800/800/800
f 770/770/770 800/800/800 771/771/771
f 771/771/771 800/800/800 801/801/801
f 771/771/771 801/801/801 772/772/772
f 772/772/772 801/801/801 802/802/802
f 772/772/772 802/802/802 773/773/773
f 773/773/773 802/802/802 803/803/803
f 773/773/773 803/803/803 774/774/774
f 774/774/774 803/803/803 804/804/804
f 774/774/774 804/804/804 775/775/775
f 775/775/775 804/804/804 805/805/805
f 775/775/775 805/805/805 776/776/776
f 776/776/776 805/805/805 806/806/806
f 776/776/776 806/806/806 777/777/777
f 777/777/777 806/806/806 807/807/807
f 777/777/777 807/807/807 778/778/778
f 778/778/778 807/807/807 808/808/808
f 778/778/778 808/808/808 779/779/779
f 779/779/779 808/808/808 809/809/809
f 779/779/779 809/809/809 780/780/780
f 780/780/780 809/809/809 810/810/810
f 780/780/780 810/810/810 781/781/781
f 781/781/781 810/810/810 811/811/811
f 781/781/781 811/811/811 782/782/782
f 782/782/782 811/811/811 812/812/812
f 782/782/782 812/812/812 783/783/783
f 784/784/784 813/813/813 814/814/814
f 784/784/784 814/814/814 785/785/785
f 785/785/785 814/814/814 815/815/815
f 785/785/785 815/815/815 786/786/786
f 786/786/786 815/815/815 816/816/816
f 786/786/786 816/816/816 787/787/787
f 787/787/787 816/816/816 817/817/817
f 787/787/787 817/817/817 788/788/788
f 788/788/788 817/817/817 818/818/818
f 788/788/788 818/818/818 789/789/789
f 789/789/789 818/818/818 819/819/819
f 789/789/789 819/819/819 790/790/790
f 790/790/790 819/819/819 820/820/820
f 790/790/790 820/820/820 791/791/791
f 791/791/791 820/820/820 821/821/821
f 791/791/791 821/821/821 792/792/792
f 792/792/792 821/821/821 822/822/822
f 792/792/792 822/822/822 793/793/793
f 793/793/793 822/822/822 823/823/823
f 793/793/793 823/823/823 794/794/794
f 794/794/794 823/823/823 824/824/824
f 794/794/794 824/824/824 795/795/795
f 795/795/795 824/824/824 825/825/825
f 795/795/795 825/825/825 796/796/796
f 796/796/796 825/825/825 826/826/826
f 796/796/796 826/826/826 797/797/797
f 797/797/797 826/826/826 827/827/827
f 797/797/797 827/827/827 798/798/798
f 798/798/798 827/827/827 828/828/828
f 798/798/798 828/828/828 799/799/799
f 799/799/799 828/828/828 829/829/829
f 799/799/799 829/829/829 800/800/800
f 800/800/800 829/829/829 830/830/830
f 800/800/800 830/830/830 801/801/801
f 801/801/801 830/830/830 831/831/831
f 801/801/801 831/831/831 802/802/802
f 802/802/802 831/831/831 832/832/832
f 802/802/802 832/832/832 803/803/803
f 803/803/803 832/832/832 833/833/833
f 803/803/803 833/833/833 804/804/804
f 804/804/804 833/833/833 834/834/834
f 804/804/804 834/834/834 805/805/805
f 805/805/805 834/834/834 835/835/835
f 805/805/805 835/835/835 806/806/806
f 806/806/806 835/835/835 836/836/836
f 806/806/806 836/836/836 807/807/807
f 807/807/807 836/836/836 837/837/837
f 807/807/807 837/837/837 808/808/808
f 808/808/808 837/837/837 838/838/838
f 808/808/808 838/838/838 809/809/809
f 809/809/809 838/838/838 839/839/839
f 809/809/809 839/839/839 810/810/810
f 810/810/810 839/839/839 840/840/840
f 810/810/810 840/840/840 811/811/811
f 811/811/811 840/840/840 841/841/841
f 811/811/811 841/841/841 812/812/812
f 813/813/813 842/842/842 843/843/843
f 813/813/813 843/843/843 814/814/814
f 814/814/814 843/843/843 844/844/844
f 814/814/814 844/844/844 815/815/815
f 815/815/815 844/844/844 845/845/845
f 815/815/815 845/845/845 816/816/816
f 816/816/816 845/845/845 846/846/846
f 816/816/816 846/846/846 817/817/817
f 817/817/817 846/846/846 847/847/847
f 817/817/817 847/847/847 818/818/818
f 818/818/818 847/847/847 848/848/848
f 818/818/818 848/848/848 819/819/819
f 819/819/819 848/848/848 849/849/849
f 819/819/819 849/849/849 820/820/820
f 820/820/820 849/849/849 850/850/850
f 820/820/820 850/850/850 821/821/821
f 821/821/821 850/850/850 851/851/851
f 821/821/821 851/851/851 822/822/822
f 822/822/822 851/851/851 852/852/852
f 822/822/822 852/852/852 823/823/823
f 823/823/823 852/852/852 853/853/853
f 823/823/823 853/853/853 824/824/824
f 824/824/824 853/853/853 854/854/854
f 824/824/824 854/854/854 825/825/825
f 825/825/825 854/854/854 855/855/855
f 825/825/825 855/855/855 826/826/826
f 826/826/826 855/855/855 856/856/856
f 826/826/826 856/856/856 827/827/827
f 827/827/827 856/856/856 857/857/857
f 827/827/827 857/857/857 828/828/828
f 828/828/828 857/857/857 858/858/858
f 828/828/828 858/858/858 829/829/829
f 829/829/829 858/858/858 859/859/859
f 829/829/829 859/859/859 830/830/830
f 830/830/830 859/859/859 860/860/860
f 830/830/830 860/860/860 831/831/831
f 831/831/831 860/860/860 861/861/861
f 831/831/831 861/861/861 832/832/832
f 832/832/832 861/861/861 862/862/862
f 832/832/832 862/862/862 833/833/833
f 833/833/833 862/862/862 863/863/863
f 833/833/833 863/863/863 834/834/834
f 834/834/834 863/863/863 864/864/864
f 834/834/834 864/864/864 835/835/835
f 835/835/835 864/864/864 865/865/865
f 835/835/835 865/865/865 836/836/836
f 836/836/836 865/865/865 866/866/866
f 836/836/836 866/866/866 837/837/837
f 837/837/837 866/866/866 867/867/867
f 837/837/837 867/867/867 838/838/838
f 838/838/838 867/867/867 868/868/868
f 838/838/838 868/868/868 839/839/839
f 839/839/839 868/868/868 869/869/869
f 839/839/839 869/869/869 840/840/840
f 840/840/840 869/869/869 870/870/870
f 840/840/840 870/870/870 841/841/841
f 842/842/842 871/871/871 872/872/872
f 842/842/842 872/872/872 843/843/843
f 843/843/843 872/872/872 873/873/873
f 843/843/843 873/873/873 844/844/844
f 844/844/844 873/873/873 874/874/874
f 844/844/844 874/874/874 845/845/845
f 845/845/845 874/874/874 875/875/875
f 845/845/845 875/875/875 846/846/846
f 846/846/846 875/875/875 876/876/876
f 846/846/846 876/876/876 847/847/847
f 847/847/847 876/876/876 877/877/877
f 847/847/847 877/877/877 848/848/848
f 848/848/848 877/877/877 878/878/878
f 848/848/848 878/878/878 849/849/849
f 849/849/849 878/878/878 879/879/879
f 849/849/849 879/879/879 850/850/850
f 850/850/850 879/879/879 880/880/880
f 850/850/850 880/880/880 851/851/851
f 851/851/851 880/880/880 881/881/881
f 851/851/851 881/881/881 852/852/852
f 852/852/852 881/881/881 882/882/882
f 852/852/852 882/882/882 853/853/853
f 853/853/853 882/882/882 883/883/883
f 853/853/853 883/883/883 854/854/854
f 854/854/854 883/883/883 884/884/884
f 854/854/854 884/884/884 855/855/855
f 855/855/855 884/884/884 885/885/885
f 855/855/855 885/885/885 856/856/856
f 856/856/856 885/885/885 886/886/886
f 856/856/856 886/886/886 857/857/857
f 857/857/857 886/886/886 887/887/887
f 857/857/857 887/887/887 858/858/858
f 858/858/858 887/887/887 888/888/888
f 858/858/858 888/888/888 859/859/859
f 859/859/859 888/888/888 889/889/889
f 859/859/859 889/889/889 860/860/860
f 860/860/860 889/889/889 890/890/890
f 860/860/860 890/890/890 861/861/861
f 861/861/861 890/890/890 891/891/891
f 861/861/861 891/891/891 862/862/862
f 862/862/862 891/891/891 892/892/892
f 862/862/862 892/892/892 863/863/863
f 863/863/863 892/892/892 893/893/893
f 863/863/863 893/893/893 864/864/864
f 864/864/864 893/893/893 894/894/894
f 864/864/864 894/894/894 865/865/865
f 865/865/865 894/894/894 895/895/895
f 865/865/865 895/895/895 866/866/866
f 866/866/866 895/895/895 896/896/896
f 866/866/866 896/896/896 867/867/867
f 867/867/867 896/896/896 897/897/897
f 867/867/867 897/897/897 868/868/868
f 868/868/868 897/897/897 898/898/898
f 868/868/868 898/898/898 869/869/869
f 869/869/869 898/898/898 899/899/899
f 869/869/869 899/899/899 870/870/870
f 871/871/871 900/900/900 901/901/901
f 871/871/871 901/901/901 872/872/872
f 872/872/872 901/901/901 902/902/902
f 872/872/872 902/902/902 873/873/873
f 873/873/873 902/902/902 903/903/903
f 873/873/873 903/903/903 874/874/874
f 874/874/874 903/903/903 904/904/904
f 874/874/874 904/904/904 875/875/875
f 875/875/875 904/904/904 905/905/905
f 875/875/875 905/905/905 876/876/876
f 876/876/876 905/905/905 906/906/906
f 876/876/876 906/906/906 877/877/877
f 877/877/877 906/906/906 907/907/907
f 877/877/877 907/907/907 878/878/878
f 878/878/878 907/907/907 908/908/908
f 878/878/878 908/908/908 879/879/879
f 879/879/879 908/908/908 909/909/909
f 879/879/879 909/909/909 880/880/880
f 880/880/880 909/909/909 910/910/910
f 880/880/880 910/910/910 881/881/881
f 881/881/881 910/910/910 911/911/911
f 881/881/881 911/911/911 882/882/882
f 882/882/882 911/911/911 912/912/912
f 882/882/882 912/912/912 883/883/883
f 883/883/883 912/912/912 913/913/913
f 883/883/883 913/913/913 884/884/884
f 884/884/884 913/913/913 914/914/914
f 884/884/884 914/914/914 885/885/885
f 885/885/885 914/914/914 915/915/915
f 885/885/885 915/915/915 886/886/886
f 886/886/886 915/915/915 916/916/916
f 886/886/886 916/916/916 887/887/887
f 887/887/887 916/916/916 917/917/917
f 887/887/887 917/917/917 888/888/888
f 888/888/888 917/917/917 918/918/918
f 888/888/888 918/918/918 889/889/889
f 889/889/889 918/918/918 919/919/919
f 889/889/889 919/919/919 890/890/890
f 890/890/890 919/919/919 920/920/920
f 890/890/890 920/920/920 891/891/891
f 891/891/891 920/920/920 921/921/921
f 891/891/891 921/921/921 892/892/892
f 892/892/892 921/921/921 922/922/922
f 892/892/892 922/922/922 893/893/893
f 893/893/893 922/922/922 923/923/923
f 893/893/893 923/923/923 894/894/894
f 894/894/894 923/923/923 924/924/924
f 894/894/894 924/924/924 895/895/895
f 895/895/895 924/924/924 925/925/925
f 895/895/895 925/925/925 896/896/896
f 896/896/896 925/925/925 926/926/926
f 896/896/896 926/926/926 897/897/897
f 897/897/897 926/926/926 927/927/927
f 897/897/897 927/927/927 898/898/898
f 898/898/898 927/927/927 928/928/928
f 898/898/898 928/928/928 899/899/899
f 900/900/900 929/929/929 930/930/930
f 900/900/900 930/930/930 901/901/901
f 901/901/901 930/930/930 931/931/931
f 901/901/901 931/931/931 902/902/902
f 902/902/902 931/931/931 932/932/932
f 902/902/902 932/932/932 903/903/903
f 903/903/903 932/932/932 933/933/933
f 903/903/903 933/933/933 904/904/904
f 904/904/904 933/933/933 934/934/934
f 904/904/904 934/934/934 905/905/905
f 905/905/905 934/934/934 935/935/935
f 905/905/905 935/935/935 906/906/906
f 906/906/906 935/935/935 936/936/936
f 906/906/906 936/936/936 907/907/907
f 907/907/907 936/936/936 937/937/937
f 907/907/907 937/937/937 908/908/908
f 908/908/908 937/937/937 938/938/938
f 908/908/908 938/938/938 909/909/909
f 909/909/909 938/938/938 939/939/939
f 909/909/909 939/939/939 910/910/910
f 910/910/910 939/939/939 940/940/940
f 910/910/910 940/940/940 911/911/911
f 911/911/911 940/940/940 941/941/941
f 911/911/911 941/941/941 912/912/912
f 912/912/912 941/941/941 942/942/942
f 912/912/912 942/942/942 913/913/913
f 913/913/913 942/942/942 943/943/943
f 913/913/913 943/943/943 914/914/914
f 914/914/914 943/943/943 944/944/944
f 914/914/914 944/944/944 915/915/915
f 915/915/915 944/944/944 945/945/945
f 915/915/915 945/945/945 916/916/916
f 916/916/916 945/945/945 946/946/946
f 916/916/916 946/946/946 917/917/917
f 917/917/917 946/946/946 947/947/947
f 917/917/917 947/947/947 918/918/918
f 918/918/918 947/947/947 948/948/948
f 918/918/918 948/948/948 919/919/919
f 919/919/919 948/948/948 949/949/949
f 919/919/919 949/949/949 920/920/920
f 920/920/920 949/949/949 950/950/950
f 920/920/920 950/950/950 921/921/921
f 921/921/921 950/950/950 951/951/951
f 921/921/921 951/951/951 922/922/922
f 922/922/922 951/951/951 952/952/952
f 922/922/922 952/952/952 923/923/923
f 923/923/923 952/952/952 953/953/953
f 923/923/923 953/953/953 924/924/924
f 924/924/924 953/953/953 954/954/954
f 924/924/924 954/954/954 925/925/925
f 925/925/925 954/954/954 955/955/955
f 925/925/925 955/955/955 926/926/926
f 926/926/926 955/955/955 956/956/956
f 926/926/926 956/956/956 927/927/927
f 927/927/927 956/956/956 957/957/957
f 927/927/927 957/957/957 928/928/928
f 929/929/929 958/958/958 959/959/959
f 929/929/929 959/959/959 930/930/930
f 930/930/930 959/959/959 960/960/960
f 930/930/930 960/960/960 931/931/931
f 931/931/931 960/960/960 961/961/961
f 931/931/931 961/961/961 932/932/932
f 932/932/932 961/961/961 962/962/962
f 932/932/932 962/962/962 933/933/933
f 933/933/933 962/962/962 963/963/963
f 933/933/933 963/963/963 934/934/934
f 934/934/934 963/963/963 964/964/964
f 934/934/934 964/964/964 935/935/935
f 935/935/935 964/964/964 965/965/965
f 935/935/935 965/965/965 936/936/936
f 936/936/936 965/965/965 966/966/966
f 936/936/936 966/966/966 937/937/937
f 937/937/937 966/966/966 967/967/967
f 937/937/937 967/967/967 938/938/938
f 938/938/938 967/967/967 968/968/968
f 938/938/938 968/968/968 939/939/939
f 939/939/939 968/968/968 969/969/969
f 939/939/939 969/969/969 940/940/940
f 940/940/940 969/969/969 970/970/970
f 940/940/940 970/970/970 941/941/941
f 941/941/941 970/970/970 971/971/971
f 941/941/941 971/971/971 942/942/942
f 942/942/942 971/971/971 972/972/972
f 942/942/942 972/972/972 943/943/943
f 943/943/943 972/972/972 973/973/973
f 943/943/943 973/973/973 944/944/944
f 944/944/944 973/973/973 974/974/974
f 944/944/944 974/974/974 945/945/945
f 945/945/945 974/974/974 975/975/975
f 945/945/945 975/975/975 946/946/946
f 946/946/946 975/975/975 976/976/976
f 946/946/946 976/976/976 947/947/947
f 947/947/947 976/976/976 977/977/977
f 947/947/947 977/977/977 948/948/948
f 948/948/948 977/977/977 978/978/978
f 948/948/948 978/978/978 949/949/949
f 949/949/949 978/978/978 979/979/979
f 949/949/949 979/979/979 950/950/950
f 950/950/950 979/979/979 980/980/980
f 950/950/950 980/980/980 951/951/951
f 951/951/951 980/980/980 981/981/981
f 951/951/951 981/981/981 952/952/952
f 952/952/952 981/981/981 982/982/982
f 952/952/952 982/982/982 953/953/953
f 953/953/953 982/982/982 983/983/983
f 953/953/953 983/983/983 954/954/954
f 954/954/954 983/983/983 984/984/984
f 954/954/954 984/984/984 955/955/955
f 955/955/955 984/984/984 985/985/985
f 955/955/955 985/985/985 956/956/956
f 956/956/956 985/985/985 986/986/986
f 956/956/956 986/986/986 957/957/957
f 958/958/958 987/987/987 988/988/988
f 958/958/958 988/988/988 959/959/959
f 959/959/959 988/988/988 989/989/989
f 959/959/959 989/989/989 960/960/960
f 960/960/960 989/989/989 990/990/990
f 960/960/960 990/990/990 961/961/961
f 961/961/961 990/990/990 991/991/991
f 961/961/961 991/991/991 962/962/962
f 962/962/962 991/991/991 992/992/992
f 962/962/962 992/992/992 963/963/963
f 963/963/963 992/992/992 993/993/993
f 963/963/963 993/993/993 964/964/964
f 964/964/964 993/993/993 994/994/994
f 964/964/964 994/994/994 965/965/965
f 965/965/965 994/994/994 995/995/995
f 965/965/965 995/995/995 966/966/966
f 966/966/966 995/995/995 996/996/996
f 966/966/966 996/996/996 967/967/967
f 967/967/967 996/996/996 997/997/997
f 967/967/967 997/997/997 968/968/968
f 968/968/968 997/997/997 998/998/998
f 968/968/968 998/998/998 969/969/969
f 969/969/969 998/998/998 999/999/999
f 969/969/969 999/999/999 970/970/970
f 970/970/970 999/999/999 1000/1000/1000
f 970/970/970 1000/1000/1000 971/971/971
f 971/971/971 1000/1000/1000 1001/1001/1001
f 971/971/971 1001/1001/1001 972/972/972
f 972/972/972 1001/1001/1001 1002/1002/1002
f 972/972/972 1002/1002/1002 973/973/973
f 973/973/973 1002/1002/1002 1003/1003/1003
f 973/973/973 1003/1003/1003 974/974/974
f 974/974/974 1003/1003/1003 1004/1004/1004
f 974/974/974 1004/1004/1004 975/975/975
f 975/975/975 1004/1004/1004 1005/1005/1005
f 975/975/975 1005/1005/1005 976/976/976
f 976/976/976 1005/1005/1005 1006/1006/1006
f 976/976/976 1006/1006/1006 977/977/977
f 977/977/977 1006/1006/1006 1007/1007/1007
f 977/977/977 1007/1007/1007 978/978/978
f 978/978/978 1007/1007/1007 1008/1008/1008
f 978/978/978 1008/1008/1008 979/979/979
f 979/979/979 1008/1008/1008 1009/1009/1009
f 979/979/979 1009/1009/1009 980/980/980
f 980/980/980 1009/1009/1009 1010/1010/1010
f 980/980/980 1010/1010/1010 981/981/981
f 981/981/981 1010/1010/1010 1011/1011/1011
f 981/981/981 1011/1011/1011 982/982/982
f 982/982/982 1011/1011/1011 1012/1012/1012
f 982/982/982 1012/1012/1012 983/983/983
f 983/983/983 1012/1012/1012 1013/1013/1013
f 983/983/983 1013/1013/1013 984/984/984
f 984/984/984 1013/1013/1013 1014/1014/1014
f 984/984/984 1014/1014/1014 985/985/985
f 985/985/985 1014/1014/1014 1015/1015/1015
f 985/985/985 1015/1015/1015 986/986/986
f 987/987/987 1016/1016/1016 1017/1017/1017
f 987/987/987 1017/1017/1017 988/988/988
f 988/988/988 1017/1017/1017 1018/1018/1018
f 988/988/988 1018/1018/1018 989/989/989
f 989/989/989 1018/1018/1018 1019/1019/1019
f 989/989/989 1019/1019/1019 990/990/990
f 990/990/990 1019/1019/1019 1020/1020/1020
f 990/990/990 1020/1020/1020 991/991/991
f 991/991/991 1020/1020/1020 1021/1021/1021
f 991/991/991 1021/1021/1021 992/992/992
f 992/992/992 1021/1021/1021 1022/1022/1022
f 992/992/992 1022/1022/1022 993/993/993
f 993/993/993 1022/1022/1022 1023/1023/1023
f 993/993/993 1023/1023/1023 994/994/994
f 994/994/994 1023/1023/1023 1024/1024/1024
f 994/994/994 1024/1024/1024 995/995/995
f 995/995/995 1024/1024/1024 1025/1025/1025
f 995/995/995 1025/1025/1025 996/996/996
f 996/996/996 1025/1025/1025 1026/1026/1026
f 996/996/996 1026/1026/1026 997/997/997
f 997/997/997 1026/1026/1026 1027/1027/1027
f 997/997/997 1027/1027/1027 998/998/998
f 998/998/998 1027/1027/1027 1028/1028/1028
f 998/998/998 1028/1028/1028 999/999/999
f 999/999/999 1028/1028/1028 1029/1029/1029
f 999/999/999 1029/1029/1029 1000/1000/1000
f 1000/1000/1000 1029/1029/1029 1030/1030/1030
f 1000/1000/1000 1030/1030/1030 1001/1001/1001
f 1001/1001/1001 1030/1030/1030 1031/1031/1031
f 1001/1001/1001 1031/1031/1031 1002/1002/1002
f 1002/1002/1002 1031/1031/1031 1032/1032/1032
f 1002/1002/1002 1032/1032/1032 1003/1003/1003
f 1003/1003/1003 1032/1032/1032 1033/1033/1033
f 1003/1003/1003 1033/1033/1033 1004/1004/1004
f 1004/1004/1004 1033/1033/1033 1034/1034/1034
f 1004/1004/1004 1034/1034/1034 1005/1005/1005
f 1005/1005/1005 1034/1034/1034 1035/1035/1035
f 1005/1005/1005 1035/1035/1035 1006/1006/1006
f 1006/1006/1006 1035/1035/1035 1036/1036/1036
f 1006/1006/1006 1036/1036/1036 1007/1007/1007
f 1007/1007/1007 1036/1036/1036 1037/1037/1037
f 1007/1007/1007 1037/1037/1037 1008/1008/1008
f 1008/1008/1008 1037/1037/1037 1038/1038/1038
f 1008/1008/1008 1038/1038/1038 1009/1009/1009
f 1009/1009/1009 1038/1038/1038 1039/1039/1039
f 1009/1009/1009 1039/1039/1039 1010/1010/1010
f 1010/1010/1010 1039/1039/1039 1040/1040/1040
f 1010/1010/1010 1040/1040/1040 1011/1011/1011
f 1011/1011/1011 1040/1040/1040 1041/1041/1041
f 1011/1011/1011 1041/1041/1041 1012/1012/1012
f 1012/1012/1012 1041/1041/1041 1042/1042/1042
f 1012/1012/1012 1042/1042/1042 1013/1013/1013
f 1013/1013/1013 1042/1042/1042 1043/1043/1043
f 1013/1013/1013 1043/1043/1043 1014/1014/1014
f 1014/1014/1014 1043/1043/1043 1044/1044/1044
f 1014/1014/1014 1044/1044/1044 1015/1015/1015
f 1016/1016/1016 1045/1045/1045 1046/1046/1046
f 1016/1016/1016 1046/1046/1046 1017/1017/1017
f 1017/1017/1017 1046/1046/1046 1047/1047/1047
f 1017/1017/1017 1047/1047/1047 1018/1018/1018
f 1018/1018/1018 1047/1047/1047 1048/1048/1048
f 1018/1018/1018 1048/1048/1048 1019/1019/1019
f 1019/1019/1019 1048/1048/1048 1049/1049/1049
f 1019/1019/1019 1049/1049/1049 1020/1020/1020
f 1020/1020/1020 1049/1049/1049 1050/1050/1050
f 1020/1020/1020 1050/1050/1050 1021/1021/1021
f 1021/1021/1021 1050/1050/1050 1051/1051/1051
f 1021/1021/1021 1051/1051/1051 1022/1022/1022
f 1022/1022/1022 1051/1051/1051 1052/1052/1052
f 1022/1022/1022 1052/1052/1052 1023/1023/1023
f 1023/1023/1023 1052/1052/1052 1053/1053/1053
f 1023/1023/1023 1053/1053/1053 1024/1024/1024
f 1024/1024/1024 1053/1053/1053 1054/1054/1054
f 1024/1024/1024 1054/1054/1054 1025/1025/1025
f 1025/1025/1025 1054/1054/1054 1055/1055/1055
f 1025/1025/1025 1055/1055/1055 1026/1026/1026
f 1026/1026/1026 1055/1055/1055 1056/1056/1056
f 1026/1026/1026 1056/1056/1056 1027/1027/1027
f 1027/1027/1027 1056/1056/1056 1057/1057/1057
f 1027/1027/1027 1057/1057/1057 1028/1028/1028
f 1028/1028/1028 1057/1057/1057 1058/1058/1058
f 1028/1028/1028 1058/1058/1058 1029/1029/1029
f 1029/1029/1029 1058/1058/1058 1059/1059/1059
f 1029/1029/1029 1059/1059/1059 1030/1030/1030
f 1030/1030/1030 1059/1059/1059 1060/1060/1060
f 1030/1030/1030 1060/1060/1060 1031/1031/1031
f 1031/1031/1031 1060/1060/1060 1061/1061/1061
f 1031/1031/1031 1061/1061/1061 1032/1032/1032
f 1032/1032/1032 1061/1061/1061 1062/1062/1062
f 1032/1032/1032 1062/1062/1062 1033/1033/1033
f 1033/1033/1033 1062/1062/1062 1063/1063/1063
f 1033/1033/1033 1063/1063/1063 1034/1034/1034
f 1034/1034/1034 1063/1063/1063 1064/1064/1064
f 1034/1034/1034 1064/1064/1064 1035/1035/1035
f 1035/1035/1035 1064/1064/1064 1065/1065/1065
f 1035/1035/1035 1065/1065/1065 1036/1036/1036
f 1036/1036/1036 1065/1065/1065 1066/1066/1066
f 1036/1036/1036 1066/1066/1066 1037/1037/1037
f 1037/1037/1037 1066/1066/1066 1067/1067/1067
f 1037/1037/1037 1067/1067/1067 1038/1038/1038
f 1038/1038/1038 1067/1067/1067 1068/1068/1068
f 1038/1038/1038 1068/1068/1068 1039/1039/1039
f 1039/1039/1039 1068/1068/1068 1069/1069/1069
f 1039/1039/1039 1069/1069/1069 1040/1040/1040
f 1040/1040/1040 1069/1069/1069 1070/1070/1070
f 1040/1040/1040 1070/1070/1070 1041/1041/1041
f 1041/1041/1041 1070/1070/1070 1071/1071/1071
f 1041/1041/1041 1071/1071/1071 1042/1042/1042
f 1042/1042/1042 1071/1071/1071 1072/1072/1072
f 1042/1042/1042 1072/1072/1072 1043/1043/1043
f 1043/1043/1043 1072/1072/1072 1073/1073/1073
f 1043/1043/1043 1073/1073/1073 1044/1044/1044
f 1045/1045/1045 1074/1074/1074 1075/1075/1075
f 1045/1045/1045 1075/1075/1075 1046/1046/1046
f 1046/1046/1046 1075/1075/1075 1076/1076/1076
f 1046/1046/1046 1076/1076/1076 1047/1047/1047
f 1047/1047/1047 1076/1076/1076 1077/1077/1077
f 1047/1047/1047 1077/1077/1077 1048/1048/1048
f 1048/1048/1048 1077/1077/1077 1078/1078/1078
f 1048/1048/1048 1078/1078/1078 1049/1049/1049
f 1049/1049/1049 1078/1078/1078 1079/1079/1079
f 1049/1049/1049 1079/1079/1079 1050/1050/1050
f 1050/1050/1050 1079/1079/1079 1080/1080/1080
f 1050/1050/1050 1080/1080/1080 1051/1051/1051
f 1051/1051/1051 1080/1080/1080 1081/1081/1081
f 1051/1051/1051 1081/1081/1081 1052/1052/1052
f 1052/1052/1052 1081/1081/1081 1082/1082/1082
f 1052/1052/1052 1082/1082/1082 1053/1053/1053
f 1053/1053/1053 1082/1082/1082 1083/1083/1083
f 1053/1053/1053 1083/1083/1083 1054/1054/1054
f 1054/1054/1054 1083/1083/1083 1084/1084/1084
f 1054/1054/1054 1084/1084/1084 1055/1055/1055
f 1055/1055/1055 1084/1084/1084 1085/1085/1085
f 1055/1055/1055 1085/1085/1085 1056/1056/1056
f 1056/1056/1056 1085/1085/1085 1086/1086/1086
f 1056/1056/1056 1086/1086/1086 1057/1057/1057
f 1057/1057/1057 1086/1086/1086 1087/1087/1087
f 1057/1057/1057 1087/1087/1087 1058/1058/1058
f 1058/1058/1058 1087/1087/1087 1088/1088/1088
f 1058/1058/1058 1088/1088/1088 1059/1059/1059
f 1059/1059/1059 1088/1088/1088 1089/1089/1089
f 1059/1059/1059 1089/1089/1089 1060/1060/1060
f 1060/1060/1060 1089/1089/1089 1090/1090/1090
f 1060/1060/1060 1090/1090/1090 1061/1061/1061
f 1061/1061/1061 1090/1090/1090 1091/1091/1091
f 1061/1061/1061 1091/1091/1091 1062/1062/1062
f 1062/1062/1062 1091/1091/1091 1092/1092/1092
f 1062/1062/1062 1092/1092/1092 1063/1063/1063
f 1063/1063/1063 1092/1092/1092 1093/1093/1093
f 1063/1063/1063 1093/1093/1093 1064/1064/1064
f 1064/1064/1064 1093/1093/1093 1094/1094/1094
f 1064/1064/1064 1094/1094/1094 1065/1065/1065
f 1065/1065/1065 1094/1094/1094 1095/1095/1095
f 1065/1065/1065 1095/1095/1095 1066/1066/1066
f 1066/1066/1066 1095/1095/1095 1096/1096/1096
f 1066/1066/1066 1096/1096/1096 1067/1067/1067
f 1067/1067/1067 1096/1096/1096 1097/1097/1097
f 1067/1067/1067 1097/1097/1097 1068/1068/1068
f 1068/1068/1068 1097/1097/1097 1098/1098/1098
f 1068/1068/1068 1098/1098/1098 1069/1069/1069
f 1069/1069/1069 1098/1098/1098 1099/1099/1099
f 1069/1069/1069 1099/1099/1099 1070/1070/1070
f 1070/1070/1070 1099/1099/1099 1100/1100/1100
f 1070/1070/1070 1100/1100/1100 1071/1071/1071
f 1071/1071/1071 1100/1100/1100 1101/1101/1101
f 1071/1071/1071 1101/1101/1101 1072/1072/1072
f 1072/1072/1072 1101/1101/1101 1102/1102/1102
f 1072/1072/1072 1102/1102/1102 1073/1073/1073
f 1074/1074/1074 1103/1103/1103 1104/1104/1104
f 1074/1074/1074 1104/1104/1104 1075/1075/1075
f 1075/1075/1075 1104/1104/1104 1105/1105/1105
f 1075/1075/1075 1105/1105/1105 1076/1076/1076
f 1076/1076/1076 1105/1105/1105 1106/1106/1106
f 1076/1076/1076 1106/1106/1106 1077/1077/1077
f 1077/1077/1077 1106/1106/1106 1107/1107/1107
f 1077/1077/1077 1107/1107/1107 1078/1078/1078
f 1078/1078/1078 1107/1107/1107 1108/1108/1108
f 1078/1078/1078 1108/1108/1108 1079/1079/1079
f 1079/1079/1079 1108/1108/1108 1109/1109/1109
f 1079/1079/1079 1109/1109/1109 1080/1080/1080
f 1080/1080/1080 1109/1109/1109 1110/1110/1110
f 1080/1080/1080 1110/1110/1110 1081/1081/1081
f 1081/1081/1081 1110/1110/1110 1111/1111/1111
f 1081/1081/1081 1111/1111/1111 1082/1082/1082
f 1082/1082/1082 1111/1111/1111 1112/1112/1112
f 1082/1082/1082 1112/1112/1112 1083/1083/1083
f 1083/1083/1083 1112/1112/1112 1113/1113/1113
f 1083/1083/1083 1113/1113/1113 1084/1084/1084
f 1084/1084/1084 1113/1113/1113 1114/1114/1114
f 1084/1084/1084 1114/1114/1114 1085/1085/1085
f 1085/1085/1085 1114/1114/1114 1115/1115/1115
f 1085/1085/1085 1115/1115/1115 1086/1086/1086
f 1086/1086/1086 1115/1115/1115 1116/1116/1116
f 1086/1086/1086 1116/1116/1116 1087/1087/1087
f 1087/1087/1087 1116/1116/1116 1117/1117/1117
f 1087/1087/1087 1117/1117/1117 1088/1088/1088
f 1088/1088/1088 1117/1117/1117 1118/1118/1118
f 1088/1088/1088 1118/1118/1118 1089/1089/1089
f 1089/1089/1089 1118/1118/1118 1119/1119/1119
f 1089/1089/1089 1119/1119/1119 1090/1090/1090
f 1090/1090/1090 1119/1119/1119 1120/1120/1120
f 1090/1090/1090 1120/1120/1120 1091/1091/1091
f 1091/1091/1091 1120/1120/1120 1121/1121/1121
f 1091/1091/1091 1121/1121/1121 1092/1092/1092
f 1092/1092/1092 1121/1121/1121 1122/1122/1122
f 1092/1092/1092 1122/1122/1122 1093/1093/1093
f 1093/1093/1093 1122/1122/1122 1123/1123/1123
f 1093/1093/1093 1123/1123/1123 1094/1094/1094
f 1094/1094/1094 1123/1123/1123 1124/1124/1124
f 1094/1094/1094 1124/1124/1124 1095/1095/1095
f 1095/1095/1095 1124/1124/1124 1125/1125/1125
f 1095/1095/1095 1125/1125/1125 1096/1096/1096
f 1096/1096/1096 1125/1125/1125 1126/1126/1126
f 1096/1096/1096 1126/1126/1126 1097/1097/1097
f 1097/1097/1097 1126/1126/1126 1127/1127/1127
f 1097/1097/1097 1127/1127/1127 1098/1098/1098
f 1098/1098/1098 1127/1127/1127 1128/1128/1128
f 1098/1098/1098 1128/1128/1128 1099/1099/1099
f 1099/1099/1099 1128/1128/1128 1129/1129/1129
f 1099/1099/1099 1129/1129/1129 1100/1100/1100
f 1100/1100/1100 1129/1129/1129 1130/1130/1130
f 1100/1100/1100 1130/1130/1130 1101/1101/1101
f 1101/1101/1101 1130/1130/1130 1131/1131/1131
f 1101/1101/1101 1131/1131/1131 1102/1102/1102
f 1103/1103/1103 1132/1132/1132 1133/1133/1133
f 1103/1103/1103 1133/1133/1133 1104/1104/1104
f 1104/1104/1104 1133/1133/1133 1134/1134/1134
f 1104/1104/1104 1134/1134/1134 1105/1105/1105
f 1105/1105/1105 1134/1134/1134 1135/1135/1135
f 1105/1105/1105 1135/1135/1135 1106/1106/1106
f 1106/1106/1106 1135/1135/1135 1136/1136/1136
f 1106/1106/1106 1136/1136/1136 1107/1107/1107
f 1107/1107/1107 1136/1136/1136 1137/1137/1137
f 1107/1107/1107 1137/1137/1137 1108/1108/1108
f 1108/1108/1108 1137/1137/1137 1138/1138/1138
f 1108/1108/1108 1138/1138/1138 1109/1109/1109
f 1109/1109/1109 1138/1138/1138 1139/1139/1139
f 1109/1109/1109 1139/1139/1139 1110/1110/1110
f 1110/1110/1110 1139/1139/1139 1140/1140/1140
f 1110/1110/1110 1140/1140/1140 1111/1111/1111
f 1111/1111/1111 1140/1140/1140 1141/1141/1141
f 1111/1111/1111 1141/1141/1141 1112/1112/1112
f 1112/1112/1112 1141/1141/1141 1142/1142/1142
f 1112/1112/1112 1142/1142/1142 1113/1113/1113
f 1113/1113/1113 1142/1142/1142 1143/1143/1143
f 1113/1113/1113 1143/1143/1143 1114/1114/1114
f 1114/1114/1114 1143/1143/1143 1144/1144/1144
f 1114/1114/1114 1144/1144/1144 1115/1115/1115
f 1115/1115/1115 1144/1144/1144 1145/1145/1145
f 1115/1115/1115 1145/1145/1145 1116/1116/1116
f 1116/1116/1116 1145/1145/1145 1146/1146/1146
f 1116/1116/1116 1146/1146/1146 1117/1117/1117
f 1117/1117/1117 1146/1146/1146 1147/1147/1147
f 1117/1117/1117 1147/1147/1147 1118/1118/1118
f 1118/1118/1118 1147/1147/1147 1148/1148/1148
f 1118/1118/1118 1148/1148/1148 1119/1119/1119
f 1119/1119/1119 1148/1148/1148 1149/1149/1149
f 1119/1119/1119 1149/1149/1149 1120/1120/1120
f 1120/1120/1120 1149/1149/1149 1150/1150/1150
f 1120/1120/1120 1150/1150/1150 1121/1121/1121
f 1121/1121/1121 1150/1150/1150 1151/1151/1151
f 1121/1121/1121 1151/1151/1151 1122/1122/1122
f 1122/1122/1122 1151/1151/1151 1152/1152/1152
f 1122/1122/1122 1152/1152/1152 1123/1123/1123
f 1123/1123/1123 1152/1152/1152 1153/1153/1153
f 1123/1123/1123 1153/1153/1153 1124/1124/1124
f 1124/1124/1124 1153/1153/1153 1154/1154/1154
f 1124/1124/1124 1154/1154/1154 1125/1125/1125
f 1125/1125/1125 1154/1154/1154 1155/1155/1155
f 1125/1125/1125 1155/1155/1155 1126/1126/1126
f 1126/1126/1126 1155/1155/1155 1156/1156/1156
f 1126/1126/1126 1156/1156/1156 1127/1127/1127
f 1127/1127/1127 1156/1156/1156 1157/1157/1157
f 1127/1127/1127 1157/1157/1157 1128/1128/1128
f 1128/1128/1128 1157/1157/1157 1158/1158/1158
f 1128/1128/1128 1158/1158/1158 1129/1129/1129
f 1129/1129/1129 1158/1158/1158 1159/1159/1159
f 1129/1129/1129 1159/1159/1159 1130/1130/1130
f 1130/1130/1130 1159/1159/1159 1160/1160/1160
f 1130/1130/1130 1160/1160/1160 1131/1131/1131
f 1132/1132/1132 1161/1161/1161 1162/1162/1162
f 1132/1132/1132 1162/1162/1162 1133/1133/1133
f 1133/1133/1133 1162/1162/1162 1163/1163/1163
f 1133/1133/1133 1163/1163/1163 1134/1134/1134
f 1134/1134/1134 1163/1163/1163 1164/1164/1164
f 1134/1134/1134 1164/1164/1164 1135/1135/1135
f 1135/1135/1135 1164/1164/1164 1165/1165/1165
f 1135/1135/1135 1165/1165/1165 1136/1136/1136
f 1136/1136/1136 1165/1165/1165 1166/1166/1166
f 1136/1136/1136 1166/1166/1166 1137/1137/1137
f 1137/1137/1137 1166/1166/1166 1167/1167/1167
f 1137/1137/1137 1167/1167/1167 1138/1138/1138
f 1138/1138/1138 1167/1167/1167 1168/1168/1168
f 1138/1138/1138 1168/1168/1168 1139/1139/1139
f 1139/1139/1139 1168/1168/1168 1169/1169/1169
f 1139/1139/1139 1169/1169/1169 1140/1140/1140
f 1140/1140/1140 1169/1169/1169 1170/1170/1170
f 1140/1140/1140 1170/1170/1170 1141/1141/1141
f 1141/1141/1141 1170/1170/1170 1171/1171/1171
f 1141/1141/1141 1171/1171/1171 1142/1142/1142
f 1142/1142/1142 1171/1171/1171 1172/1172/1172
f 1142/1142/1142 1172/1172/1172 1143/1143/1143
f 1143/1143/1143 1172/1172/1172 1173/1173/1173
f 1143/1143/1143 1173/1173/1173 1144/1144/1144
f 1144/1144/1144 1173/1173/1173 1174/1174/1174
f 1144/1144/1144 1174/1174/1174 1145/1145/1145
f 1145/1145/1145 1174/1174/1174 1175/1175/1175
f 1145/1145/1145 1175/1175/1175 1146/1146/1146
f 1146/1146/1146 1175/1175/1175 1176/1176/1176
f 1146/1146/1146 1176/1176/1176 1147/1147/1147
f 1147/1147/1147 1176/1176/1176 1177/1177/1177
f 1147/1147/1147 1177/1177/1177 1148/1148/1148
f 1148/1148/1148 1177/1177/1177 1178/1178/1178
f 1148/1148/1148 1178/1178/1178 1149/1149/1149
f 1149/1149/1149 1178/1178/1178 1179/1179/1179
f 1149/1149/1149 1179/1179/1179 1150/1150/1150
f 1150/1150/1150 1179/1179/1179 1180/1180/1180
f 1150/1150/1150 1180/1180/1180 1151/1151/1151
f 1151/1151/1151 1180/1180/1180 1181/1181/1181
f 1151/1151/1151 1181/1181/1181 1152/1152/1152
f 1152/1152/1152 1181/1181/1181 1182/1182/1182
f 1152/1152/1152 1182/1182/1182 1153/1153/1153
f 1153/1153/1153 1182/1182/1182 1183/1183/1183
f 1153/1153/1153 1183/1183/1183 1154/1154/1154
f 1154/1154/1154 1183/1183/1183 1184/1184/1184
f 1154/1154/1154 1184/1184/1184 1155/1155/1155
f 1155/1155/1155 1184/1184/1184 1185/1185/1185
f 1155/1155/1155 1185/1185/1185 1156/1156/1156
f 1156/1156/1156 1185/1185/1185 1186/1186/1186
f 1156/1156/1156 1186/1186/1186 1157/1157/1157
f 1157/1157/1157 1186/1186/1186 1187/1187/1187
f 1157/1157/1157 1187/1187/1187 1158/1158/1158
f 1158/1158/1158 1187/1187/1187 1188/1188/1188
f 1158/1158/1158 1188/1188/1188 1159/1159/1159
f 1159/1159/1159 1188/1188/1188 1189/1189/1189
f 1159/1159/1159 1189/1189/1189 1160/1160/1160
f 1161/1161/1161 1190/1190/1190 1191/1191/1191
f 1161/1161/1161 1191/1191/1191 1162/1162/1162
f 1162/1162/1162 1191/1191/1191 1192/1192/1192
f 1162/1162/1162 1192/1192/1192 1163/1163/1163
f 1163/1163/1163 1192/1192/1192 1193/1193/1193
f 1163/1163/1163 1193/1193/1193 1164/1164/1164
f 1164/1164/1164 1193/1193/1193 1194/1194/1194
f 1164/1164/1164 1194/1194/1194 1165/1165/1165
f 1165/1165/1165 1194/1194/1194 1195/1195/1195
f 1165/1165/1165 1195/1195/1195 1166/1166/1166
f 1166/1166/1166 1195/1195/1195 1196/1196/1196
f 1166/1166/1166 1196/1196/1196 1167/1167/1167
f 1167/1167/1167 1196/1196/1196 1197/1197/1197
f 1167/1167/1167 1197/1197/1197 1168/1168/1168
f 1168/1168/1168 1197/1197/1197 1198/1198/1198
f 1168/1168/1168 1198/1198/1198 1169/1169/1169
f 1169/1169/1169 1198/1198/1198 1199/1199/1199
f 1169/1169/1169 1199/1199/1199 1170/1170/1170
f 1170/1170/1170 1199/1199/1199 1200/1200/1200
f 1170/1170/1170 1200/1200/1200 1171/1171/1171
f 1171/1171/1171 1200/1200/1200 1201/1201/1201
f 1171/1171/1171 1201/1201/1201 1172/1172/1172
f 1172/1172/1172 1201/1201/1201 1202/1202/1202
f 1172/1172/1172 1202/1202/1202 1173/1173/1173
f 1173/1173/1173 1202/1202/1202 1203/1203/1203
f 1173/1173/1173 1203/1203/1203 1174/1174/1174
f 1174/1174/1174 1203/1203/1203 1204/1204/1204
f 1174/1174/1174 1204/1204/1204 1175/1175/1175
f 1175/1175/1175 1204/1204/1204 1205/1205/1205
f 1175/1175/1175 1205/1205/1205 1176/1176/1176
f 1176/1176/1176 1205/1205/1205 1206/1206/1206
f 1176/1176/1176 1206/1206/1206 1177/1177/1177
f 1177/1177/1177 1206/1206/1206 1207/1207/1207
f 1177/1177/1177 1207/1207/1207 1178/1178/1178
f 1178/1178/1178 1207/1207/1207 1208/1208/1208
f 1178/1178/1178 1208/1208/1208 1179/1179/1179
f 1179/1179/1179 1208/1208/1208 1209/1209/1209
f 1179/1179/1179 1209/1209/1209 1180/1180/1180
f 1180/1180/1180 1209/1209/1209 1210/1210/1210
f 1180/1180/1180 1210/1210/1210 1181/1181/1181
f 1181/1181/1181 1210/1210/1210 1211/1211/1211
f 1181/1181/1181 1211/1211/1211 1182/1182/1182
f 1182/1182/1182 1211/1211/1211 1212/1212/1212
f 1182/1182/1182 1212/1212/1212 1183/1183/1183
f 1183/1183/1183 1212/1212/1212 1213/1213/1213
f 1183/1183/1183 1213/1213/1213 1184/1184/1184
f 1184/1184/1184 1213/1213/1213 1214/1214/1214
f 1184/1184/1184 1214/1214/1214 1185/1185/1185
f 1185/1185/1185 1214/1214/1214 1215/1215/1215
f 1185/1185/1185 1215/1215/1215 1186/1186/1186
f 1186/1186/1186 1215/1215/1215 1216/1216/1216
f 1186/1186/1186 1216/1216/1216 1187/1187/1187
f 1187/1187/1187 1216/1216/1216 1217/1217/1217
f 1187/1187/1187 1217/1217/1217 1188/1188/1188
f 1188/1188/1188 1217/1217/1217 1218/1218/1218
f 1188/1188/1188 1218/1218/1218 1189/1189/1189
f 1190/1190/1190 1219/1219/1219 1220/1220/1220
f 1190/1190/1190 1220/1220/1220 1191/1191/1191
f 1191/1191/1191 1220/1220/1220 1221/1221/1221
f 1191/1191/1191 1221/1221/1221 1192/1192/1192
f 1192/1192/1192 1221/1221/1221 1222/1222/1222
f 1192/1192/1192 1222/1222/1222 1193/1193/1193
f 1193/1193/1193 1222/1222/1222 1223/1223/1223
f 1193/1193/1193 1223/1223/1223 1194/1194/1194
f 1194/1194/1194 1223/1223/1223 1224/1224/1224
f 1194/1194/1194 1224/1224/1224 1195/1195/1195
f 1195/1195/1195 1224/1224/1224 1225/1225/1225
f 1195/1195/1195 1225/1225/1225 1196/1196/1196
f 1196/1196/1196 1225/1225/1225 1226/1226/1226
f 1196/1196/1196 1226/1226/1226 1197/1197/1197
f 1197/1197/1197 1226/1226/1226 1227/1227/1227
f 1197/1197/1197 1227/1227/1227 1198/1198/1198
f 1198/1198/1198 1227/1227/1227 1228/1228/1228
f 1198/1198/1198 1228/1228/1228 1199/1199/1199
f 1199/1199/1199 1228/1228/1228 1229/1229/1229
f 1199/1199/1199 1229/1229/1229 1200/1200/1200
f 1200/1200/1200 1229/1229/1229 1230/1230/1230
f 1200/1200/1200 1230/1230/1230 1201/1201/1201
f 1201/1201/1201 1230/1230/1230 1231/1231/1231
f 1201/1201/1201 1231/1231/1231 1202/1202/1202
f 1202/1202/1202 1231/1231/1231 1232/1232/1232
f 1202/1202/1202 1232/1232/1232 1203/1203/1203
f 1203/1203/1203 1232/1232/1232 1233/1233/1233
f 1203/1203/1203 1233/1233/1233 1204/1204/1204
f 1204/1204/1204 1233/1233/1233 1234/1234/1234
f 1204/1204/1204 1234/1234/1234 1205/1205/1205
f 1205/1205/1205 1234/1234/1234 1235/1235/1235
f 1205/1205/1205 1235/1235/1235 1206/1206/1206
f 1206/1206/1206 1235/1235/1235 1236/1236/1236
f 1206/1206/1206 1236/1236/1236 1207/1207/1207
f 1207/1207/1207 1236/1236/1236 1237/1237/1237
f 1207/1207/1207 1237/1237/1237 1208/1208/1208
f 1208/1208/1208 1237/1237/1237 1238/1238/1238
f 1208/1208/1208 1238/1238/1238 1209/1209/1209
f 1209/1209/1209 1238/1238/1238 1239/1239/1239
f 1209/1209/1209 1239/1239/1239 1210/1210/1210
f 1210/1210/1210 1239/1239/1239 1240/1240/1240
f 1210/1210/1210 1240/1240/1240 1211/1211/1211
f 1211/1211/1211 1240/1240/1240 1241/1241/1241
f 1211/1211/1211 1241/1241/1241 1212/1212/1212
f 1212/1212/1212 1241/1241/1241 1242/1242/1242
f 1212/1212/1212 1242/1242/1242 1213/1213/1213
f 1213/1213/1213 1242/1242/1242 1243/1243/1243
f 1213/1213/1213 1243/1243/1243 1214/1214/1214
f 1214/1214/1214 1243/1243/1243 1244/1244/1244
f 1214/1214/1214 1244/1244/1244 1215/1215/1215
f 1215/1215/1215 1244/1244/1244 1245/1245/1245
f 1215/1215/1215 1245/1245/1245 1216/1216/1216
f 1216/1216/1216 1245/1245/1245 1246/1246/1246
f 1216/1216/1216 1246/1246/1246 1217/1217/1217
f 1217/1217/1217 1246/1246/1246 1247/1247/1247
f 1217/1217/1217 1247/1247/1247 1218/1218/1218
f 1219/1219/1219 1248/1248/1248 1249/1249/1249
f 1219/1219/1219 1249/1249/1249 1220/1220/1220
f 1220/1220/1220 1249/1249/1249 1250/1250/1250
f 1220/1220/1220 1250/1250/1250 1221/1221/1221
f 1221/1221/1221 1250/1250/1250 1251/1251/1251
f 1221/1221/1221 1251/1251/1251 1222/1222/1222
f 1222/1222/1222 1251/1251/1251 1252/1252/1252
f 1222/1222/1222 1252/1252/1252 1223/1223/1223
f 1223/1223/1223 1252/1252/1252 1253/1253/1253
f 1223/1223/1223 1253/1253/1253 1224/1224/1224
f 1224/1224/1224 1253/1253/1253 1254/1254/1254
f 1224/1224/1224 1254/1254/1254 1225/1225/1225
f 1225/1225/1225 1254/1254/1254 1255/1255/1255
f 1225/1225/1225 1255/1255/1255 1226/1226/1226
f 1226/1226/1226 1255/1255/1255 1256/1256/1256
f 1226/1226/1226 1256/1256/1256 1227/1227/1227
f 1227/1227/1227 1256/1256/1256 1257/1257/1257
f 1227/1227/1227 1257/1257/1257 1228/1228/1228
f 1228/1228/1228 1257/1257/1257 1258/1258/1258
f 1228/1228/1228 1258/1258/1258 1229/1229/1229
f 1229/1229/1229 1258/1258/1258 1259/1259/1259
f 1229/1229/1229 1259/1259/1259 1230/1230/1230
f 1230/1230/1230 1259/1259/1259 1260/1260/1260
f 1230/1230/1230 1260/1260/1260 1231/1231/1231
f 1231/1231/1231 1260/1260/1260 1261/1261/1261
f 1231/1231/1231 1261/1261/1261 1232/1232/1232
f 1232/1232/1232 1261/1261/1261 1262/1262/1262
f 1232/1232/1232 1262/1262/1262 1233/1233/1233
f 1233/1233/1233 1262/1262/1262 1263/1263/1263
f 1233/1233/1233 1263/1263/1263 1234/1234/1234
f 1234/1234/1234 1263/1263/1263 1264/1264/1264
f 1234/1234/1234 1264/1264/1264 1235/1235/1235
f 1235/1235/1235 1264/1264/1264 1265/1265/1265
f 1235/1235/1235 1265/1265/1265 1236/1236/1236
f 1236/1236/1236 1265/1265/1265 1266/1266/1266
f 1236/1236/1236 1266/1266/1266 1237/1237/1237
f 1237/1237/1237 1266/1266/1266 1267/1267/1267
f 1237/1237/1237 1267/1267/1267 1238/1238/1238
f 1238/1238/1238 1267/1267/1267 1268/1268/1268
f 1238/1238/1238 1268/1268/1268 1239/1239/1239
f 1239/1239/1239 1268/1268/1268 1269/1269/1269
f 1239/1239/1239 1269/1269/1269 1240/1240/1240
f 1240/1240/1240 1269/1269/1269 1270/1270/1270
f 1240/1240/1240 1270/1270/1270 1241/1241/1241
f 1241/1241/1241 1270/1270/1270 1271/1271/1271
f 1241/1241/1241 1271/1271/1271 1242/1242/1242
f 1242/1242/1242 1271/1271/1271 1272/1272/1272
f 1242/1242/1242 1272/1272/1272 1243/1243/1243
f 1243/1243/1243 1272/1272/1272 1273/1273/1273
f 1243/1243/1243 1273/1273/1273 1244/1244/1244
f 1244/1244/1244 1273/1273/1273 1274/1274/1274
f 1244/1244/1244 1274/1274/1274 1245/1245/1245
f 1245/1245/1245 1274/1274/1274 1275/1275/1275
f 1245/1245/1245 1275/1275/1275 1246/1246/1246
f 1246/1246/1246 1275/1275/1275 1276/1276/1276
f 1246/1246/1246 1276/1276/1276 1247/1247/1247
